solid Created by Gmsh
facet normal 0 0 1
  outer loop
    vertex 0.003970835496392216 0.0004821467210212913 -0.002
    vertex 0.003570342470351605 0.0002387347687351465 -0.002
    vertex 0.004 0 -0.002
  endloop
endfacet
facet normal 0 0 1
  outer loop
    vertex 0.004 0 -0.002
    vertex 0.003555017994283535 -0.0001916846415905057 -0.002
    vertex 0.003970835496392216 -0.000482146721021294 -0.002
  endloop
endfacet
facet normal 0 0 1
  outer loop
    vertex 0.003570342470351605 0.0002387347687351465 -0.002
    vertex 0.003555017994283535 -0.0001916846415905057 -0.002
    vertex 0.004 0 -0.002
  endloop
endfacet
facet normal 0 0 1
  outer loop
    vertex 0 0.004 -0.002
    vertex 0.000186396433389735 0.003568030482604037 -0.002
    vertex 0.0004821467210212943 0.003970835496392216 -0.002
  endloop
endfacet
facet normal -0 0 1
  outer loop
    vertex -0.0004821467210212928 0.003970835496392216 -0.002
    vertex -0.0002807085641843631 0.003600618663219656 -0.002
    vertex 0 0.004 -0.002
  endloop
endfacet
facet normal 0 0 1
  outer loop
    vertex 0 0.004 -0.002
    vertex -0.0002807085641843631 0.003600618663219656 -0.002
    vertex 0.000186396433389735 0.003568030482604037 -0.002
  endloop
endfacet
facet normal 0 0 1
  outer loop
    vertex -0.004 0 -0.002
    vertex -0.003554632439011813 0.0002081103383669103 -0.002
    vertex -0.003970835496392216 0.0004821467210212945 -0.002
  endloop
endfacet
facet normal 0 -0 1
  outer loop
    vertex -0.003970835496392216 -0.0004821467210212922 -0.002
    vertex -0.003564179328452835 -0.0002743994007506028 -0.002
    vertex -0.004 0 -0.002
  endloop
endfacet
facet normal -0 0 1
  outer loop
    vertex -0.004 0 -0.002
    vertex -0.003564179328452835 -0.0002743994007506028 -0.002
    vertex -0.003554632439011813 0.0002081103383669103 -0.002
  endloop
endfacet
facet normal 0 0 1
  outer loop
    vertex 0 -0.004 -0.002
    vertex -0.0002297143715765962 -0.003590236328867415 -0.002
    vertex -0.0004821467210212929 -0.003970835496392216 -0.002
  endloop
endfacet
facet normal 0 0 1
  outer loop
    vertex 0.0004821467210212915 -0.003970835496392216 -0.002
    vertex 0.0002112788543658285 -0.003500919013098274 -0.002
    vertex 0 -0.004 -0.002
  endloop
endfacet
facet normal 0 -0 1
  outer loop
    vertex 0 -0.004 -0.002
    vertex 0.0002112788543658285 -0.003500919013098274 -0.002
    vertex -0.0002297143715765962 -0.003590236328867415 -0.002
  endloop
endfacet
facet normal 0 0 1
  outer loop
    vertex 0.003883767269704208 0.0009572626571502298 -0.002
    vertex 0.003607477968224465 0.0006682075541430089 -0.002
    vertex 0.003970835496392216 0.0004821467210212913 -0.002
  endloop
endfacet
facet normal 0 0 1
  outer loop
    vertex 0.003970835496392216 0.0004821467210212913 -0.002
    vertex 0.003607477968224465 0.0006682075541430089 -0.002
    vertex 0.003570342470351605 0.0002387347687351465 -0.002
  endloop
endfacet
facet normal 0 0 1
  outer loop
    vertex 0.003740064970741659 0.001418419548170142 -0.002
    vertex 0.00345041753511648 0.001040023537380262 -0.002
    vertex 0.003883767269704208 0.0009572626571502298 -0.002
  endloop
endfacet
facet normal 0 0 1
  outer loop
    vertex 0.00345041753511648 0.001040023537380262 -0.002
    vertex 0.003607477968224465 0.0006682075541430089 -0.002
    vertex 0.003883767269704208 0.0009572626571502298 -0.002
  endloop
endfacet
facet normal 0 0 1
  outer loop
    vertex 0.00354182410261284 0.001858892688175074 -0.002
    vertex 0.003267376347881976 0.001444323215007373 -0.002
    vertex 0.003740064970741659 0.001418419548170142 -0.002
  endloop
endfacet
facet normal 0 0 1
  outer loop
    vertex 0.003740064970741659 0.001418419548170142 -0.002
    vertex 0.003267376347881976 0.001444323215007373 -0.002
    vertex 0.00345041753511648 0.001040023537380262 -0.002
  endloop
endfacet
facet normal 0 0 1
  outer loop
    vertex 0.003291935463574626 0.002272258986924622 -0.002
    vertex 0.003062259810575247 0.001843734386319089 -0.002
    vertex 0.00354182410261284 0.001858892688175074 -0.002
  endloop
endfacet
facet normal -0 0 1
  outer loop
    vertex 0.003062259810575247 0.001843734386319089 -0.002
    vertex 0.003267376347881976 0.001444323215007373 -0.002
    vertex 0.00354182410261284 0.001858892688175074 -0.002
  endloop
endfacet
facet normal 0 0 1
  outer loop
    vertex 0.002994042992684405 0.00265249063296318 -0.002
    vertex 0.002806408979060464 0.00219815334429218 -0.002
    vertex 0.003291935463574626 0.002272258986924622 -0.002
  endloop
endfacet
facet normal 0 0 1
  outer loop
    vertex 0.003291935463574626 0.002272258986924622 -0.002
    vertex 0.002806408979060464 0.00219815334429218 -0.002
    vertex 0.003062259810575247 0.001843734386319089 -0.002
  endloop
endfacet
facet normal 0 0 1
  outer loop
    vertex 0.002652490632963182 0.002994042992684403 -0.002
    vertex 0.00250726905556177 0.002518683980638792 -0.002
    vertex 0.002994042992684405 0.00265249063296318 -0.002
  endloop
endfacet
facet normal -0 0 1
  outer loop
    vertex 0.00250726905556177 0.002518683980638792 -0.002
    vertex 0.002806408979060464 0.00219815334429218 -0.002
    vertex 0.002994042992684405 0.00265249063296318 -0.002
  endloop
endfacet
facet normal 0 0 1
  outer loop
    vertex 0.002272258986924624 0.003291935463574625 -0.002
    vertex 0.002216006924059204 0.002850455267816549 -0.002
    vertex 0.002652490632963182 0.002994042992684403 -0.002
  endloop
endfacet
facet normal 0 0 1
  outer loop
    vertex 0.002652490632963182 0.002994042992684403 -0.002
    vertex 0.002216006924059204 0.002850455267816549 -0.002
    vertex 0.00250726905556177 0.002518683980638792 -0.002
  endloop
endfacet
facet normal 0 0 1
  outer loop
    vertex 0.001858892688175073 0.00354182410261284 -0.002
    vertex 0.001852186297920141 0.003136439548306526 -0.002
    vertex 0.002272258986924624 0.003291935463574625 -0.002
  endloop
endfacet
facet normal 0 0 1
  outer loop
    vertex 0.002272258986924624 0.003291935463574625 -0.002
    vertex 0.001852186297920141 0.003136439548306526 -0.002
    vertex 0.002216006924059204 0.002850455267816549 -0.002
  endloop
endfacet
facet normal 0 0 1
  outer loop
    vertex 0.001418419548170144 0.003740064970741659 -0.002
    vertex 0.001473436029568926 0.00327204031329746 -0.002
    vertex 0.001858892688175073 0.00354182410261284 -0.002
  endloop
endfacet
facet normal -0 0 1
  outer loop
    vertex 0.001473436029568926 0.00327204031329746 -0.002
    vertex 0.001852186297920141 0.003136439548306526 -0.002
    vertex 0.001858892688175073 0.00354182410261284 -0.002
  endloop
endfacet
facet normal 0 0 1
  outer loop
    vertex 0.000957262657150231 0.003883767269704208 -0.002
    vertex 0.001053577270607999 0.003401698152866355 -0.002
    vertex 0.001418419548170144 0.003740064970741659 -0.002
  endloop
endfacet
facet normal 0 0 1
  outer loop
    vertex 0.001418419548170144 0.003740064970741659 -0.002
    vertex 0.001053577270607999 0.003401698152866355 -0.002
    vertex 0.001473436029568926 0.00327204031329746 -0.002
  endloop
endfacet
facet normal 0 0 1
  outer loop
    vertex 0.0004821467210212943 0.003970835496392216 -0.002
    vertex 0.0006092312667680694 0.003513732241012332 -0.002
    vertex 0.000957262657150231 0.003883767269704208 -0.002
  endloop
endfacet
facet normal 0 0 1
  outer loop
    vertex 0.000957262657150231 0.003883767269704208 -0.002
    vertex 0.0006092312667680694 0.003513732241012332 -0.002
    vertex 0.001053577270607999 0.003401698152866355 -0.002
  endloop
endfacet
facet normal -0 0 1
  outer loop
    vertex 0.000186396433389735 0.003568030482604037 -0.002
    vertex 0.0006092312667680694 0.003513732241012332 -0.002
    vertex 0.0004821467210212943 0.003970835496392216 -0.002
  endloop
endfacet
facet normal -0 0 1
  outer loop
    vertex -0.0009572626571502295 0.003883767269704208 -0.002
    vertex -0.0006671344922915512 0.00364408580663111 -0.002
    vertex -0.0004821467210212928 0.003970835496392216 -0.002
  endloop
endfacet
facet normal 0 0 1
  outer loop
    vertex -0.0004821467210212928 0.003970835496392216 -0.002
    vertex -0.0006671344922915512 0.00364408580663111 -0.002
    vertex -0.0002807085641843631 0.003600618663219656 -0.002
  endloop
endfacet
facet normal -0 0 1
  outer loop
    vertex -0.001418419548170142 0.003740064970741659 -0.002
    vertex -0.001016614080021277 0.003481648137059422 -0.002
    vertex -0.0009572626571502295 0.003883767269704208 -0.002
  endloop
endfacet
facet normal 0 0 1
  outer loop
    vertex -0.001016614080021277 0.003481648137059422 -0.002
    vertex -0.0006671344922915512 0.00364408580663111 -0.002
    vertex -0.0009572626571502295 0.003883767269704208 -0.002
  endloop
endfacet
facet normal -0 0 1
  outer loop
    vertex -0.001858892688175072 0.003541824102612841 -0.002
    vertex -0.001424743136545855 0.003274237614624931 -0.002
    vertex -0.001418419548170142 0.003740064970741659 -0.002
  endloop
endfacet
facet normal 0 0 1
  outer loop
    vertex -0.001418419548170142 0.003740064970741659 -0.002
    vertex -0.001424743136545855 0.003274237614624931 -0.002
    vertex -0.001016614080021277 0.003481648137059422 -0.002
  endloop
endfacet
facet normal -0 0 1
  outer loop
    vertex -0.002272258986924622 0.003291935463574626 -0.002
    vertex -0.001849165928025635 0.003058894067308277 -0.002
    vertex -0.001858892688175072 0.003541824102612841 -0.002
  endloop
endfacet
facet normal 0 -0 1
  outer loop
    vertex -0.001849165928025635 0.003058894067308277 -0.002
    vertex -0.001424743136545855 0.003274237614624931 -0.002
    vertex -0.001858892688175072 0.003541824102612841 -0.002
  endloop
endfacet
facet normal -0 0 1
  outer loop
    vertex -0.002652490632963181 0.002994042992684404 -0.002
    vertex -0.002244972533779544 0.002786973361536236 -0.002
    vertex -0.002272258986924622 0.003291935463574626 -0.002
  endloop
endfacet
facet normal 0 0 1
  outer loop
    vertex -0.002272258986924622 0.003291935463574626 -0.002
    vertex -0.002244972533779544 0.002786973361536236 -0.002
    vertex -0.001849165928025635 0.003058894067308277 -0.002
  endloop
endfacet
facet normal -0 0 1
  outer loop
    vertex -0.002994042992684403 0.002652490632963183 -0.002
    vertex -0.002623138040911326 0.002527271427640922 -0.002
    vertex -0.002652490632963181 0.002994042992684404 -0.002
  endloop
endfacet
facet normal 0 -0 1
  outer loop
    vertex -0.002623138040911326 0.002527271427640922 -0.002
    vertex -0.002244972533779544 0.002786973361536236 -0.002
    vertex -0.002652490632963181 0.002994042992684404 -0.002
  endloop
endfacet
facet normal 0 0 1
  outer loop
    vertex -0.003291935463574625 0.002272258986924624 -0.002
    vertex -0.002920333023130354 0.002290441134112974 -0.002
    vertex -0.002994042992684403 0.002652490632963183 -0.002
  endloop
endfacet
facet normal 0 0 1
  outer loop
    vertex -0.002994042992684403 0.002652490632963183 -0.002
    vertex -0.002920333023130354 0.002290441134112974 -0.002
    vertex -0.002623138040911326 0.002527271427640922 -0.002
  endloop
endfacet
facet normal 0 0 1
  outer loop
    vertex -0.00354182410261284 0.001858892688175074 -0.002
    vertex -0.003055121884779449 0.001927907907091124 -0.002
    vertex -0.003291935463574625 0.002272258986924624 -0.002
  endloop
endfacet
facet normal 0 -0 1
  outer loop
    vertex -0.003055121884779449 0.001927907907091124 -0.002
    vertex -0.002920333023130354 0.002290441134112974 -0.002
    vertex -0.003291935463574625 0.002272258986924624 -0.002
  endloop
endfacet
facet normal 0 0 1
  outer loop
    vertex -0.003740064970741659 0.001418419548170144 -0.002
    vertex -0.003211481256751635 0.001429275757763694 -0.002
    vertex -0.00354182410261284 0.001858892688175074 -0.002
  endloop
endfacet
facet normal 0 -0 1
  outer loop
    vertex -0.003211481256751635 0.001429275757763694 -0.002
    vertex -0.003055121884779449 0.001927907907091124 -0.002
    vertex -0.00354182410261284 0.001858892688175074 -0.002
  endloop
endfacet
facet normal 0 0 1
  outer loop
    vertex -0.003883767269704208 0.0009572626571502312 -0.002
    vertex -0.00348950054898517 0.001087372347426538 -0.002
    vertex -0.003740064970741659 0.001418419548170144 -0.002
  endloop
endfacet
facet normal -0 0 1
  outer loop
    vertex -0.003740064970741659 0.001418419548170144 -0.002
    vertex -0.00348950054898517 0.001087372347426538 -0.002
    vertex -0.003211481256751635 0.001429275757763694 -0.002
  endloop
endfacet
facet normal 0 0 1
  outer loop
    vertex -0.003970835496392216 0.0004821467210212945 -0.002
    vertex -0.003517098171531787 0.0006731983195017521 -0.002
    vertex -0.003883767269704208 0.0009572626571502312 -0.002
  endloop
endfacet
facet normal 0 -0 1
  outer loop
    vertex -0.003517098171531787 0.0006731983195017521 -0.002
    vertex -0.00348950054898517 0.001087372347426538 -0.002
    vertex -0.003883767269704208 0.0009572626571502312 -0.002
  endloop
endfacet
facet normal 0 -0 1
  outer loop
    vertex -0.003554632439011813 0.0002081103383669103 -0.002
    vertex -0.003517098171531787 0.0006731983195017521 -0.002
    vertex -0.003970835496392216 0.0004821467210212945 -0.002
  endloop
endfacet
facet normal 0 -0 1
  outer loop
    vertex -0.003883767269704208 -0.000957262657150231 -0.002
    vertex -0.003587649114560328 -0.0006860941117202598 -0.002
    vertex -0.003970835496392216 -0.0004821467210212922 -0.002
  endloop
endfacet
facet normal -0 0 1
  outer loop
    vertex -0.003970835496392216 -0.0004821467210212922 -0.002
    vertex -0.003587649114560328 -0.0006860941117202598 -0.002
    vertex -0.003564179328452835 -0.0002743994007506028 -0.002
  endloop
endfacet
facet normal 0 -0 1
  outer loop
    vertex -0.003740064970741659 -0.001418419548170142 -0.002
    vertex -0.003412939586079264 -0.001050048324744338 -0.002
    vertex -0.003883767269704208 -0.000957262657150231 -0.002
  endloop
endfacet
facet normal 0 0 1
  outer loop
    vertex -0.003412939586079264 -0.001050048324744338 -0.002
    vertex -0.003587649114560328 -0.0006860941117202598 -0.002
    vertex -0.003883767269704208 -0.000957262657150231 -0.002
  endloop
endfacet
facet normal 0 -0 1
  outer loop
    vertex -0.00354182410261284 -0.001858892688175074 -0.002
    vertex -0.003174570113589703 -0.001468705997497093 -0.002
    vertex -0.003740064970741659 -0.001418419548170142 -0.002
  endloop
endfacet
facet normal -0 0 1
  outer loop
    vertex -0.003740064970741659 -0.001418419548170142 -0.002
    vertex -0.003174570113589703 -0.001468705997497093 -0.002
    vertex -0.003412939586079264 -0.001050048324744338 -0.002
  endloop
endfacet
facet normal 0 -0 1
  outer loop
    vertex -0.003291935463574626 -0.002272258986924623 -0.002
    vertex -0.003105732964757159 -0.001901309323258123 -0.002
    vertex -0.00354182410261284 -0.001858892688175074 -0.002
  endloop
endfacet
facet normal -0 0 1
  outer loop
    vertex -0.00354182410261284 -0.001858892688175074 -0.002
    vertex -0.003105732964757159 -0.001901309323258123 -0.002
    vertex -0.003174570113589703 -0.001468705997497093 -0.002
  endloop
endfacet
facet normal 0 -0 1
  outer loop
    vertex -0.002994042992684405 -0.002652490632963181 -0.002
    vertex -0.002804047442951482 -0.002168840779578067 -0.002
    vertex -0.003291935463574626 -0.002272258986924623 -0.002
  endloop
endfacet
facet normal 0 0 1
  outer loop
    vertex -0.002804047442951482 -0.002168840779578067 -0.002
    vertex -0.003105732964757159 -0.001901309323258123 -0.002
    vertex -0.003291935463574626 -0.002272258986924623 -0.002
  endloop
endfacet
facet normal 0 -0 1
  outer loop
    vertex -0.002652490632963181 -0.002994042992684404 -0.002
    vertex -0.002443553925201617 -0.002442973697292102 -0.002
    vertex -0.002994042992684405 -0.002652490632963181 -0.002
  endloop
endfacet
facet normal 0 0 1
  outer loop
    vertex -0.002994042992684405 -0.002652490632963181 -0.002
    vertex -0.002443553925201617 -0.002442973697292102 -0.002
    vertex -0.002804047442951482 -0.002168840779578067 -0.002
  endloop
endfacet
facet normal 0 -0 1
  outer loop
    vertex -0.002272258986924623 -0.003291935463574625 -0.002
    vertex -0.002204392362556855 -0.002813698963337352 -0.002
    vertex -0.002652490632963181 -0.002994042992684404 -0.002
  endloop
endfacet
facet normal 0 0 1
  outer loop
    vertex -0.002204392362556855 -0.002813698963337352 -0.002
    vertex -0.002443553925201617 -0.002442973697292102 -0.002
    vertex -0.002652490632963181 -0.002994042992684404 -0.002
  endloop
endfacet
facet normal 0 -0 1
  outer loop
    vertex -0.001858892688175074 -0.003541824102612839 -0.002
    vertex -0.001835542701274505 -0.003092395028676738 -0.002
    vertex -0.002272258986924623 -0.003291935463574625 -0.002
  endloop
endfacet
facet normal 0 0 1
  outer loop
    vertex -0.002272258986924623 -0.003291935463574625 -0.002
    vertex -0.001835542701274505 -0.003092395028676738 -0.002
    vertex -0.002204392362556855 -0.002813698963337352 -0.002
  endloop
endfacet
facet normal 0 0 1
  outer loop
    vertex -0.001418419548170143 -0.003740064970741659 -0.002
    vertex -0.001450413954770911 -0.003329818302953902 -0.002
    vertex -0.001858892688175074 -0.003541824102612839 -0.002
  endloop
endfacet
facet normal 0 0 1
  outer loop
    vertex -0.001450413954770911 -0.003329818302953902 -0.002
    vertex -0.001835542701274505 -0.003092395028676738 -0.002
    vertex -0.001858892688175074 -0.003541824102612839 -0.002
  endloop
endfacet
facet normal 0 0 1
  outer loop
    vertex -0.0009572626571502313 -0.003883767269704208 -0.002
    vertex -0.001108251744073476 -0.003519849129499546 -0.002
    vertex -0.001418419548170143 -0.003740064970741659 -0.002
  endloop
endfacet
facet normal 0 -0 1
  outer loop
    vertex -0.001418419548170143 -0.003740064970741659 -0.002
    vertex -0.001108251744073476 -0.003519849129499546 -0.002
    vertex -0.001450413954770911 -0.003329818302953902 -0.002
  endloop
endfacet
facet normal 0 0 1
  outer loop
    vertex -0.0004821467210212929 -0.003970835496392216 -0.002
    vertex -0.0006744317315658988 -0.003461927340146304 -0.002
    vertex -0.0009572626571502313 -0.003883767269704208 -0.002
  endloop
endfacet
facet normal 0 0 1
  outer loop
    vertex -0.0006744317315658988 -0.003461927340146304 -0.002
    vertex -0.001108251744073476 -0.003519849129499546 -0.002
    vertex -0.0009572626571502313 -0.003883767269704208 -0.002
  endloop
endfacet
facet normal 0 0 1
  outer loop
    vertex -0.0002297143715765962 -0.003590236328867415 -0.002
    vertex -0.0006744317315658988 -0.003461927340146304 -0.002
    vertex -0.0004821467210212929 -0.003970835496392216 -0.002
  endloop
endfacet
facet normal 0 0 1
  outer loop
    vertex 0.0009572626571502309 -0.003883767269704208 -0.002
    vertex 0.0006602365020318746 -0.003603509720181088 -0.002
    vertex 0.0004821467210212915 -0.003970835496392216 -0.002
  endloop
endfacet
facet normal 0 -0 1
  outer loop
    vertex 0.0004821467210212915 -0.003970835496392216 -0.002
    vertex 0.0006602365020318746 -0.003603509720181088 -0.002
    vertex 0.0002112788543658285 -0.003500919013098274 -0.002
  endloop
endfacet
facet normal 0 0 1
  outer loop
    vertex 0.001418419548170142 -0.003740064970741659 -0.002
    vertex 0.001027935724722697 -0.003456624930873409 -0.002
    vertex 0.0009572626571502309 -0.003883767269704208 -0.002
  endloop
endfacet
facet normal 0 0 1
  outer loop
    vertex 0.001027935724722697 -0.003456624930873409 -0.002
    vertex 0.0006602365020318746 -0.003603509720181088 -0.002
    vertex 0.0009572626571502309 -0.003883767269704208 -0.002
  endloop
endfacet
facet normal 0 0 1
  outer loop
    vertex 0.001858892688175074 -0.00354182410261284 -0.002
    vertex 0.001475088189792053 -0.003292473583253721 -0.002
    vertex 0.001418419548170142 -0.003740064970741659 -0.002
  endloop
endfacet
facet normal 0 -0 1
  outer loop
    vertex 0.001418419548170142 -0.003740064970741659 -0.002
    vertex 0.001475088189792053 -0.003292473583253721 -0.002
    vertex 0.001027935724722697 -0.003456624930873409 -0.002
  endloop
endfacet
facet normal 0 0 1
  outer loop
    vertex 0.002272258986924623 -0.003291935463574626 -0.002
    vertex 0.001836606033468493 -0.003019575547585774 -0.002
    vertex 0.001858892688175074 -0.00354182410261284 -0.002
  endloop
endfacet
facet normal 0 0 1
  outer loop
    vertex 0.001858892688175074 -0.00354182410261284 -0.002
    vertex 0.001836606033468493 -0.003019575547585774 -0.002
    vertex 0.001475088189792053 -0.003292473583253721 -0.002
  endloop
endfacet
facet normal 0 0 1
  outer loop
    vertex 0.002652490632963181 -0.002994042992684405 -0.002
    vertex 0.002226424859038262 -0.002793736629096783 -0.002
    vertex 0.002272258986924623 -0.003291935463574626 -0.002
  endloop
endfacet
facet normal 0 0 1
  outer loop
    vertex 0.002226424859038262 -0.002793736629096783 -0.002
    vertex 0.001836606033468493 -0.003019575547585774 -0.002
    vertex 0.002272258986924623 -0.003291935463574626 -0.002
  endloop
endfacet
facet normal 0 0 1
  outer loop
    vertex 0.002994042992684404 -0.002652490632963182 -0.002
    vertex 0.002607179081586566 -0.002589237065849418 -0.002
    vertex 0.002652490632963181 -0.002994042992684405 -0.002
  endloop
endfacet
facet normal 0 0 1
  outer loop
    vertex 0.002652490632963181 -0.002994042992684405 -0.002
    vertex 0.002607179081586566 -0.002589237065849418 -0.002
    vertex 0.002226424859038262 -0.002793736629096783 -0.002
  endloop
endfacet
facet normal 0 0 1
  outer loop
    vertex 0.003291935463574625 -0.002272258986924623 -0.002
    vertex 0.002825599583378854 -0.002247644389722751 -0.002
    vertex 0.002994042992684404 -0.002652490632963182 -0.002
  endloop
endfacet
facet normal 0 0 1
  outer loop
    vertex 0.002825599583378854 -0.002247644389722751 -0.002
    vertex 0.002607179081586566 -0.002589237065849418 -0.002
    vertex 0.002994042992684404 -0.002652490632963182 -0.002
  endloop
endfacet
facet normal 0 0 1
  outer loop
    vertex 0.003541824102612839 -0.001858892688175075 -0.002
    vertex 0.003087119615345862 -0.001809305386853021 -0.002
    vertex 0.003291935463574625 -0.002272258986924623 -0.002
  endloop
endfacet
facet normal 0 0 1
  outer loop
    vertex 0.003087119615345862 -0.001809305386853021 -0.002
    vertex 0.002825599583378854 -0.002247644389722751 -0.002
    vertex 0.003291935463574625 -0.002272258986924623 -0.002
  endloop
endfacet
facet normal 0 0 1
  outer loop
    vertex 0.003740064970741659 -0.001418419548170143 -0.002
    vertex 0.003399585090546171 -0.001522614857511806 -0.002
    vertex 0.003541824102612839 -0.001858892688175075 -0.002
  endloop
endfacet
facet normal 0 0 1
  outer loop
    vertex 0.003541824102612839 -0.001858892688175075 -0.002
    vertex 0.003399585090546171 -0.001522614857511806 -0.002
    vertex 0.003087119615345862 -0.001809305386853021 -0.002
  endloop
endfacet
facet normal 0 0 1
  outer loop
    vertex 0.003883767269704208 -0.0009572626571502308 -0.002
    vertex 0.003456722936695215 -0.001115399432428586 -0.002
    vertex 0.003740064970741659 -0.001418419548170143 -0.002
  endloop
endfacet
facet normal 0 0 1
  outer loop
    vertex 0.003456722936695215 -0.001115399432428586 -0.002
    vertex 0.003399585090546171 -0.001522614857511806 -0.002
    vertex 0.003740064970741659 -0.001418419548170143 -0.002
  endloop
endfacet
facet normal 0 0 1
  outer loop
    vertex 0.003970835496392216 -0.000482146721021294 -0.002
    vertex 0.003515838912617728 -0.0006443013929114855 -0.002
    vertex 0.003883767269704208 -0.0009572626571502308 -0.002
  endloop
endfacet
facet normal 0 0 1
  outer loop
    vertex 0.003515838912617728 -0.0006443013929114855 -0.002
    vertex 0.003456722936695215 -0.001115399432428586 -0.002
    vertex 0.003883767269704208 -0.0009572626571502308 -0.002
  endloop
endfacet
facet normal 0 0 1
  outer loop
    vertex 0.003970835496392216 -0.000482146721021294 -0.002
    vertex 0.003555017994283535 -0.0001916846415905057 -0.002
    vertex 0.003515838912617728 -0.0006443013929114855 -0.002
  endloop
endfacet
facet normal 0 0 1
  outer loop
    vertex -0.001016614080021277 0.003481648137059422 -0.002
    vertex -0.001012030801210764 0.003041489852973586 -0.002
    vertex -0.0005989404390805931 0.003283559466780049 -0.002
  endloop
endfacet
facet normal 0 0 1
  outer loop
    vertex -0.0005989404390805931 0.003283559466780049 -0.002
    vertex -0.0006671344922915512 0.00364408580663111 -0.002
    vertex -0.001016614080021277 0.003481648137059422 -0.002
  endloop
endfacet
facet normal -0 0 1
  outer loop
    vertex -0.001424743136545855 0.003274237614624931 -0.002
    vertex -0.001012030801210764 0.003041489852973586 -0.002
    vertex -0.001016614080021277 0.003481648137059422 -0.002
  endloop
endfacet
facet normal 0 -0 1
  outer loop
    vertex 0.001027935724722697 -0.003456624930873409 -0.002
    vertex 0.001042520567235881 -0.002993700621091896 -0.002
    vertex 0.0006225585528993247 -0.00320540189083733 -0.002
  endloop
endfacet
facet normal 0 0 1
  outer loop
    vertex 0.0006225585528993247 -0.00320540189083733 -0.002
    vertex 0.0006602365020318746 -0.003603509720181088 -0.002
    vertex 0.001027935724722697 -0.003456624930873409 -0.002
  endloop
endfacet
facet normal 0 0 1
  outer loop
    vertex 0.001027935724722697 -0.003456624930873409 -0.002
    vertex 0.001475088189792053 -0.003292473583253721 -0.002
    vertex 0.001042520567235881 -0.002993700621091896 -0.002
  endloop
endfacet
facet normal 0 0 1
  outer loop
    vertex 0.003162027069557819 0.0006228700864281154 -0.002
    vertex 0.003607477968224465 0.0006682075541430089 -0.002
    vertex 0.00345041753511648 0.001040023537380262 -0.002
  endloop
endfacet
facet normal 0 0 1
  outer loop
    vertex 0.00345041753511648 0.001040023537380262 -0.002
    vertex 0.003055901487376521 0.001088561795355193 -0.002
    vertex 0.003162027069557819 0.0006228700864281154 -0.002
  endloop
endfacet
facet normal 0 0 1
  outer loop
    vertex 0.003267376347881976 0.001444323215007373 -0.002
    vertex 0.003055901487376521 0.001088561795355193 -0.002
    vertex 0.00345041753511648 0.001040023537380262 -0.002
  endloop
endfacet
facet normal 0 0 1
  outer loop
    vertex -0.00315283601887734 -0.0006054645711402826 -0.002
    vertex -0.003587649114560328 -0.0006860941117202598 -0.002
    vertex -0.003412939586079264 -0.001050048324744338 -0.002
  endloop
endfacet
facet normal 0 0 1
  outer loop
    vertex -0.003412939586079264 -0.001050048324744338 -0.002
    vertex -0.003021703204287029 -0.001029176250053616 -0.002
    vertex -0.00315283601887734 -0.0006054645711402826 -0.002
  endloop
endfacet
facet normal 0 -0 1
  outer loop
    vertex -0.003174570113589703 -0.001468705997497093 -0.002
    vertex -0.003021703204287029 -0.001029176250053616 -0.002
    vertex -0.003412939586079264 -0.001050048324744338 -0.002
  endloop
endfacet
facet normal 0 0 1
  outer loop
    vertex 0.001473436029568926 0.00327204031329746 -0.002
    vertex 0.001053577270607999 0.003401698152866355 -0.002
    vertex 0.001146998146955167 0.002881054442658352 -0.002
  endloop
endfacet
facet normal 0 0 1
  outer loop
    vertex 0.001146998146955167 0.002881054442658352 -0.002
    vertex 0.001573202118524408 0.002914422909090822 -0.002
    vertex 0.001473436029568926 0.00327204031329746 -0.002
  endloop
endfacet
facet normal 0 0 1
  outer loop
    vertex 0.001473436029568926 0.00327204031329746 -0.002
    vertex 0.001573202118524408 0.002914422909090822 -0.002
    vertex 0.001852186297920141 0.003136439548306526 -0.002
  endloop
endfacet
facet normal -0 0 1
  outer loop
    vertex -0.003211481256751635 0.001429275757763694 -0.002
    vertex -0.002714499270266698 0.001149178563991874 -0.002
    vertex -0.002699657683575096 0.001624814653994428 -0.002
  endloop
endfacet
facet normal 0 0 1
  outer loop
    vertex -0.002699657683575096 0.001624814653994428 -0.002
    vertex -0.003055121884779449 0.001927907907091124 -0.002
    vertex -0.003211481256751635 0.001429275757763694 -0.002
  endloop
endfacet
facet normal 0 -0 1
  outer loop
    vertex -0.003117178173846691 0.0009036583644487001 -0.002
    vertex -0.002714499270266698 0.001149178563991874 -0.002
    vertex -0.003211481256751635 0.001429275757763694 -0.002
  endloop
endfacet
facet normal 0 0 1
  outer loop
    vertex -0.003211481256751635 0.001429275757763694 -0.002
    vertex -0.00348950054898517 0.001087372347426538 -0.002
    vertex -0.003117178173846691 0.0009036583644487001 -0.002
  endloop
endfacet
facet normal 0 0 1
  outer loop
    vertex 0.003087119615345862 -0.001809305386853021 -0.002
    vertex 0.003084425917284079 -0.001306904350048327 -0.002
    vertex 0.00271263905998817 -0.001536280925018289 -0.002
  endloop
endfacet
facet normal 0 0 1
  outer loop
    vertex 0.00271263905998817 -0.001536280925018289 -0.002
    vertex 0.002661260574456442 -0.001911639132472049 -0.002
    vertex 0.003087119615345862 -0.001809305386853021 -0.002
  endloop
endfacet
facet normal 0 -0 1
  outer loop
    vertex 0.003087119615345862 -0.001809305386853021 -0.002
    vertex 0.003399585090546171 -0.001522614857511806 -0.002
    vertex 0.003084425917284079 -0.001306904350048327 -0.002
  endloop
endfacet
facet normal 0 0 1
  outer loop
    vertex 0.003087119615345862 -0.001809305386853021 -0.002
    vertex 0.002661260574456442 -0.001911639132472049 -0.002
    vertex 0.002825599583378854 -0.002247644389722751 -0.002
  endloop
endfacet
facet normal 0 0 1
  outer loop
    vertex -0.001049936378026234 -0.003139897892136731 -0.002
    vertex -0.001435337343028828 -0.002909405519730334 -0.002
    vertex -0.001450413954770911 -0.003329818302953902 -0.002
  endloop
endfacet
facet normal -0 0 1
  outer loop
    vertex -0.001450413954770911 -0.003329818302953902 -0.002
    vertex -0.001108251744073476 -0.003519849129499546 -0.002
    vertex -0.001049936378026234 -0.003139897892136731 -0.002
  endloop
endfacet
facet normal 0 -0 1
  outer loop
    vertex -0.001450413954770911 -0.003329818302953902 -0.002
    vertex -0.001435337343028828 -0.002909405519730334 -0.002
    vertex -0.001835542701274505 -0.003092395028676738 -0.002
  endloop
endfacet
facet normal -0 0 1
  outer loop
    vertex -0.002623138040911326 0.002527271427640922 -0.002
    vertex -0.002242104787782206 0.002312712828319233 -0.002
    vertex -0.002244972533779544 0.002786973361536236 -0.002
  endloop
endfacet
facet normal 0 0 1
  outer loop
    vertex -0.002637426733701966 0.002072276715945017 -0.002
    vertex -0.002242104787782206 0.002312712828319233 -0.002
    vertex -0.002623138040911326 0.002527271427640922 -0.002
  endloop
endfacet
facet normal 0 0 1
  outer loop
    vertex -0.002623138040911326 0.002527271427640922 -0.002
    vertex -0.002920333023130354 0.002290441134112974 -0.002
    vertex -0.002637426733701966 0.002072276715945017 -0.002
  endloop
endfacet
facet normal -0 0 1
  outer loop
    vertex 0.001992932519687563 0.002386412244229771 -0.002
    vertex 0.002329305324591014 0.00207278168539825 -0.002
    vertex 0.00250726905556177 0.002518683980638792 -0.002
  endloop
endfacet
facet normal 0 0 1
  outer loop
    vertex 0.00250726905556177 0.002518683980638792 -0.002
    vertex 0.002216006924059204 0.002850455267816549 -0.002
    vertex 0.001992932519687563 0.002386412244229771 -0.002
  endloop
endfacet
facet normal 0 0 1
  outer loop
    vertex 0.002329305324591014 0.00207278168539825 -0.002
    vertex 0.002806408979060464 0.00219815334429218 -0.002
    vertex 0.00250726905556177 0.002518683980638792 -0.002
  endloop
endfacet
facet normal 0 0 1
  outer loop
    vertex 0.003134487892566828 -0.0003748778391288024 -0.002
    vertex 0.003106590331977997 -0.0008309496509488047 -0.002
    vertex 0.003515838912617728 -0.0006443013929114855 -0.002
  endloop
endfacet
facet normal 0 -0 1
  outer loop
    vertex 0.003515838912617728 -0.0006443013929114855 -0.002
    vertex 0.003555017994283535 -0.0001916846415905057 -0.002
    vertex 0.003134487892566828 -0.0003748778391288024 -0.002
  endloop
endfacet
facet normal -0 0 1
  outer loop
    vertex 0.003106590331977997 -0.0008309496509488047 -0.002
    vertex 0.003456722936695215 -0.001115399432428586 -0.002
    vertex 0.003515838912617728 -0.0006443013929114855 -0.002
  endloop
endfacet
facet normal 0 0 1
  outer loop
    vertex 0.000186396433389735 0.003568030482604037 -0.002
    vertex -0.0002807085641843631 0.003600618663219656 -0.002
    vertex -0.000119287029281998 0.003123721714870938 -0.002
  endloop
endfacet
facet normal 0 0 1
  outer loop
    vertex -0.000119287029281998 0.003123721714870938 -0.002
    vertex 0.0003044930676906808 0.003192666563151028 -0.002
    vertex 0.000186396433389735 0.003568030482604037 -0.002
  endloop
endfacet
facet normal 0 0 1
  outer loop
    vertex 0.000186396433389735 0.003568030482604037 -0.002
    vertex 0.0003044930676906808 0.003192666563151028 -0.002
    vertex 0.0006092312667680694 0.003513732241012332 -0.002
  endloop
endfacet
facet normal 0 -0 1
  outer loop
    vertex -0.003128771261605365 -6.806198819816183e-05 -0.002
    vertex -0.003120590446758741 0.0004206424379453957 -0.002
    vertex -0.003554632439011813 0.0002081103383669103 -0.002
  endloop
endfacet
facet normal 0 0 1
  outer loop
    vertex -0.003554632439011813 0.0002081103383669103 -0.002
    vertex -0.003564179328452835 -0.0002743994007506028 -0.002
    vertex -0.003128771261605365 -6.806198819816183e-05 -0.002
  endloop
endfacet
facet normal 0 0 1
  outer loop
    vertex -0.003120590446758741 0.0004206424379453957 -0.002
    vertex -0.003517098171531787 0.0006731983195017521 -0.002
    vertex -0.003554632439011813 0.0002081103383669103 -0.002
  endloop
endfacet
facet normal 0 0 1
  outer loop
    vertex -0.00233411714138639 -0.001977163621747763 -0.002
    vertex -0.002716287701057144 -0.001737848164115757 -0.002
    vertex -0.002804047442951482 -0.002168840779578067 -0.002
  endloop
endfacet
facet normal -0 0 1
  outer loop
    vertex -0.002804047442951482 -0.002168840779578067 -0.002
    vertex -0.002443553925201617 -0.002442973697292102 -0.002
    vertex -0.00233411714138639 -0.001977163621747763 -0.002
  endloop
endfacet
facet normal 0 0 1
  outer loop
    vertex -0.002716287701057144 -0.001737848164115757 -0.002
    vertex -0.003105732964757159 -0.001901309323258123 -0.002
    vertex -0.002804047442951482 -0.002168840779578067 -0.002
  endloop
endfacet
facet normal 0 0 1
  outer loop
    vertex 0.0002112788543658285 -0.003500919013098274 -0.002
    vertex -0.0002572244457552366 -0.003153697116790697 -0.002
    vertex -0.0002297143715765962 -0.003590236328867415 -0.002
  endloop
endfacet
facet normal 0 0 1
  outer loop
    vertex -0.0002297143715765962 -0.003590236328867415 -0.002
    vertex -0.0002572244457552366 -0.003153697116790697 -0.002
    vertex -0.0006744317315658988 -0.003461927340146304 -0.002
  endloop
endfacet
facet normal 0 0 1
  outer loop
    vertex 0.002337337339868128 -0.002258270684779967 -0.002
    vertex 0.001867807510182054 -0.002493939600189577 -0.002
    vertex 0.002226424859038262 -0.002793736629096783 -0.002
  endloop
endfacet
facet normal 0 0 1
  outer loop
    vertex 0.002226424859038262 -0.002793736629096783 -0.002
    vertex 0.002607179081586566 -0.002589237065849418 -0.002
    vertex 0.002337337339868128 -0.002258270684779967 -0.002
  endloop
endfacet
facet normal 0 0 1
  outer loop
    vertex 0.001867807510182054 -0.002493939600189577 -0.002
    vertex 0.001836606033468493 -0.003019575547585774 -0.002
    vertex 0.002226424859038262 -0.002793736629096783 -0.002
  endloop
endfacet
facet normal -0 0 1
  outer loop
    vertex -0.002244972533779544 0.002786973361536236 -0.002
    vertex -0.001839483986840858 0.002562807441305846 -0.002
    vertex -0.001849165928025635 0.003058894067308277 -0.002
  endloop
endfacet
facet normal 0 -0 1
  outer loop
    vertex -0.001839483986840858 0.002562807441305846 -0.002
    vertex -0.001430613200138178 0.002823227531949078 -0.002
    vertex -0.001849165928025635 0.003058894067308277 -0.002
  endloop
endfacet
facet normal 0 -0 1
  outer loop
    vertex -0.001430613200138178 0.002823227531949078 -0.002
    vertex -0.001424743136545855 0.003274237614624931 -0.002
    vertex -0.001849165928025635 0.003058894067308277 -0.002
  endloop
endfacet
facet normal 0 0 1
  outer loop
    vertex 0.002775352872780997 0.001403148228722181 -0.002
    vertex 0.003267376347881976 0.001444323215007373 -0.002
    vertex 0.003062259810575247 0.001843734386319089 -0.002
  endloop
endfacet
facet normal 0 0 1
  outer loop
    vertex 0.003062259810575247 0.001843734386319089 -0.002
    vertex 0.002653641227375724 0.001828970393509146 -0.002
    vertex 0.002775352872780997 0.001403148228722181 -0.002
  endloop
endfacet
facet normal 0 0 1
  outer loop
    vertex 0.002806408979060464 0.00219815334429218 -0.002
    vertex 0.002653641227375724 0.001828970393509146 -0.002
    vertex 0.003062259810575247 0.001843734386319089 -0.002
  endloop
endfacet
facet normal 0 0 1
  outer loop
    vertex 0.003162027069557819 0.0006228700864281154 -0.002
    vertex 0.003138603193772838 0.0001124833347834016 -0.002
    vertex 0.003570342470351605 0.0002387347687351465 -0.002
  endloop
endfacet
facet normal 0 -0 1
  outer loop
    vertex 0.003570342470351605 0.0002387347687351465 -0.002
    vertex 0.003607477968224465 0.0006682075541430089 -0.002
    vertex 0.003162027069557819 0.0006228700864281154 -0.002
  endloop
endfacet
facet normal -0 0 1
  outer loop
    vertex 0.003138603193772838 0.0001124833347834016 -0.002
    vertex 0.003555017994283535 -0.0001916846415905057 -0.002
    vertex 0.003570342470351605 0.0002387347687351465 -0.002
  endloop
endfacet
facet normal 0 0 1
  outer loop
    vertex -0.001940282586616059 -0.002309762147624449 -0.002
    vertex -0.002443553925201617 -0.002442973697292102 -0.002
    vertex -0.002204392362556855 -0.002813698963337352 -0.002
  endloop
endfacet
facet normal 0 0 1
  outer loop
    vertex -0.002204392362556855 -0.002813698963337352 -0.002
    vertex -0.001782526178516054 -0.002710648217813935 -0.002
    vertex -0.001940282586616059 -0.002309762147624449 -0.002
  endloop
endfacet
facet normal 0 -0 1
  outer loop
    vertex -0.001835542701274505 -0.003092395028676738 -0.002
    vertex -0.001782526178516054 -0.002710648217813935 -0.002
    vertex -0.002204392362556855 -0.002813698963337352 -0.002
  endloop
endfacet
facet normal 0 0 1
  outer loop
    vertex -0.002244972533779544 0.002786973361536236 -0.002
    vertex -0.002242104787782206 0.002312712828319233 -0.002
    vertex -0.001839483986840858 0.002562807441305846 -0.002
  endloop
endfacet
facet normal -0 0 1
  outer loop
    vertex -0.001839483986840858 0.002562807441305846 -0.002
    vertex -0.001432096189888658 0.00233726902280142 -0.002
    vertex -0.001430613200138178 0.002823227531949078 -0.002
  endloop
endfacet
facet normal 0 0 1
  outer loop
    vertex -0.001839483986840858 0.002562807441305846 -0.002
    vertex -0.001844353919539761 0.002084181804893592 -0.002
    vertex -0.001432096189888658 0.00233726902280142 -0.002
  endloop
endfacet
facet normal 0 0 1
  outer loop
    vertex -0.001839483986840858 0.002562807441305846 -0.002
    vertex -0.002242104787782206 0.002312712828319233 -0.002
    vertex -0.001844353919539761 0.002084181804893592 -0.002
  endloop
endfacet
facet normal 0 0 1
  outer loop
    vertex -0.001432096189888658 0.00233726902280142 -0.002
    vertex -0.001007569245934005 0.002568274987142005 -0.002
    vertex -0.001430613200138178 0.002823227531949078 -0.002
  endloop
endfacet
facet normal 0 0 1
  outer loop
    vertex -0.001007569245934005 0.002568274987142005 -0.002
    vertex -0.001012030801210764 0.003041489852973586 -0.002
    vertex -0.001430613200138178 0.002823227531949078 -0.002
  endloop
endfacet
facet normal 0 0 1
  outer loop
    vertex -0.001430613200138178 0.002823227531949078 -0.002
    vertex -0.001012030801210764 0.003041489852973586 -0.002
    vertex -0.001424743136545855 0.003274237614624931 -0.002
  endloop
endfacet
facet normal -0 0 1
  outer loop
    vertex -0.001432096189888658 0.00233726902280142 -0.002
    vertex -0.001015830854091373 0.002093960040754623 -0.002
    vertex -0.001007569245934005 0.002568274987142005 -0.002
  endloop
endfacet
facet normal 0 0 1
  outer loop
    vertex -0.001432096189888658 0.00233726902280142 -0.002
    vertex -0.001436903750874201 0.001857375416480575 -0.002
    vertex -0.001015830854091373 0.002093960040754623 -0.002
  endloop
endfacet
facet normal 0 0 1
  outer loop
    vertex -0.001432096189888658 0.00233726902280142 -0.002
    vertex -0.001844353919539761 0.002084181804893592 -0.002
    vertex -0.001436903750874201 0.001857375416480575 -0.002
  endloop
endfacet
facet normal 0 0 1
  outer loop
    vertex -0.001015830854091373 0.002093960040754623 -0.002
    vertex -0.0005955645848503531 0.002332148183635996 -0.002
    vertex -0.001007569245934005 0.002568274987142005 -0.002
  endloop
endfacet
facet normal -0 0 1
  outer loop
    vertex -0.001007569245934005 0.002568274987142005 -0.002
    vertex -0.0005955645848503531 0.002332148183635996 -0.002
    vertex -0.0005937047055446779 0.002817991380286027 -0.002
  endloop
endfacet
facet normal 0 0 1
  outer loop
    vertex -0.0005937047055446779 0.002817991380286027 -0.002
    vertex -0.001012030801210764 0.003041489852973586 -0.002
    vertex -0.001007569245934005 0.002568274987142005 -0.002
  endloop
endfacet
facet normal -0 0 1
  outer loop
    vertex -0.001436903750874201 0.001857375416480575 -0.002
    vertex -0.001020284956095823 0.001612914842312561 -0.002
    vertex -0.001015830854091373 0.002093960040754623 -0.002
  endloop
endfacet
facet normal 0 0 1
  outer loop
    vertex -0.001020284956095823 0.001612914842312561 -0.002
    vertex -0.0006002714140392901 0.00185146715517572 -0.002
    vertex -0.001015830854091373 0.002093960040754623 -0.002
  endloop
endfacet
facet normal 0 -0 1
  outer loop
    vertex -0.0006002714140392901 0.00185146715517572 -0.002
    vertex -0.0005955645848503531 0.002332148183635996 -0.002
    vertex -0.001015830854091373 0.002093960040754623 -0.002
  endloop
endfacet
facet normal 0 0 1
  outer loop
    vertex -0.001436903750874201 0.001857375416480575 -0.002
    vertex -0.001440284458458696 0.001374201873143704 -0.002
    vertex -0.001020284956095823 0.001612914842312561 -0.002
  endloop
endfacet
facet normal 0 0 1
  outer loop
    vertex -0.001844353919539761 0.002084181804893592 -0.002
    vertex -0.001855952323102583 0.001616234226370982 -0.002
    vertex -0.001436903750874201 0.001857375416480575 -0.002
  endloop
endfacet
facet normal -0 0 1
  outer loop
    vertex -0.001855952323102583 0.001616234226370982 -0.002
    vertex -0.001440284458458696 0.001374201873143704 -0.002
    vertex -0.001436903750874201 0.001857375416480575 -0.002
  endloop
endfacet
facet normal -0 0 1
  outer loop
    vertex -0.001020284956095823 0.001612914842312561 -0.002
    vertex -0.0006039415288158833 0.001368943590515803 -0.002
    vertex -0.0006002714140392901 0.00185146715517572 -0.002
  endloop
endfacet
facet normal 0 0 1
  outer loop
    vertex -0.001020284956095823 0.001612914842312561 -0.002
    vertex -0.001023909725822557 0.00113030979820048 -0.002
    vertex -0.0006039415288158833 0.001368943590515803 -0.002
  endloop
endfacet
facet normal 0 0 1
  outer loop
    vertex -0.001020284956095823 0.001612914842312561 -0.002
    vertex -0.001440284458458696 0.001374201873143704 -0.002
    vertex -0.001023909725822557 0.00113030979820048 -0.002
  endloop
endfacet
facet normal 0 0 1
  outer loop
    vertex -0.0006039415288158833 0.001368943590515803 -0.002
    vertex -0.0001838883422034379 0.001607414061565179 -0.002
    vertex -0.0006002714140392901 0.00185146715517572 -0.002
  endloop
endfacet
facet normal 0 0 1
  outer loop
    vertex -0.0006002714140392901 0.00185146715517572 -0.002
    vertex -0.0001803692263320518 0.002090241467397001 -0.002
    vertex -0.0005955645848503531 0.002332148183635996 -0.002
  endloop
endfacet
facet normal 0 -0 1
  outer loop
    vertex -0.0001838883422034379 0.001607414061565179 -0.002
    vertex -0.0001803692263320518 0.002090241467397001 -0.002
    vertex -0.0006002714140392901 0.00185146715517572 -0.002
  endloop
endfacet
facet normal -0 0 1
  outer loop
    vertex -0.001023909725822557 0.00113030979820048 -0.002
    vertex -0.0006073468002401211 0.0008859141840133312 -0.002
    vertex -0.0006039415288158833 0.001368943590515803 -0.002
  endloop
endfacet
facet normal 0 0 1
  outer loop
    vertex -0.0006073468002401211 0.0008859141840133312 -0.002
    vertex -0.0001873424739161302 0.00112447832748003 -0.002
    vertex -0.0006039415288158833 0.001368943590515803 -0.002
  endloop
endfacet
facet normal 0 -0 1
  outer loop
    vertex -0.0001873424739161302 0.00112447832748003 -0.002
    vertex -0.0001838883422034379 0.001607414061565179 -0.002
    vertex -0.0006039415288158833 0.001368943590515803 -0.002
  endloop
endfacet
facet normal 0 0 1
  outer loop
    vertex -0.001023909725822557 0.00113030979820048 -0.002
    vertex -0.001027355595486619 0.0006473586496610435 -0.002
    vertex -0.0006073468002401211 0.0008859141840133312 -0.002
  endloop
endfacet
facet normal 0 0 1
  outer loop
    vertex -0.001440284458458696 0.001374201873143704 -0.002
    vertex -0.001443931697186515 0.0008917527294598004 -0.002
    vertex -0.001023909725822557 0.00113030979820048 -0.002
  endloop
endfacet
facet normal 0 0 1
  outer loop
    vertex -0.001023909725822557 0.00113030979820048 -0.002
    vertex -0.001443931697186515 0.0008917527294598004 -0.002
    vertex -0.001027355595486619 0.0006473586496610435 -0.002
  endloop
endfacet
facet normal -0 0 1
  outer loop
    vertex -0.0006073468002401211 0.0008859141840133312 -0.002
    vertex -0.0001907545174756742 0.00064146198201983 -0.002
    vertex -0.0001873424739161302 0.00112447832748003 -0.002
  endloop
endfacet
facet normal 0 0 1
  outer loop
    vertex -0.0006073468002401211 0.0008859141840133312 -0.002
    vertex -0.0006107646799908431 0.0004029090677027859 -0.002
    vertex -0.0001907545174756742 0.00064146198201983 -0.002
  endloop
endfacet
facet normal 0 0 1
  outer loop
    vertex -0.0006073468002401211 0.0008859141840133312 -0.002
    vertex -0.001027355595486619 0.0006473586496610435 -0.002
    vertex -0.0006107646799908431 0.0004029090677027859 -0.002
  endloop
endfacet
facet normal 0 0 1
  outer loop
    vertex -0.0001907545174756742 0.00064146198201983 -0.002
    vertex 0.0002292547871579452 0.0008800165529770799 -0.002
    vertex -0.0001873424739161302 0.00112447832748003 -0.002
  endloop
endfacet
facet normal 0 0 1
  outer loop
    vertex -0.0001873424739161302 0.00112447832748003 -0.002
    vertex 0.0002326739994248115 0.001363019135533879 -0.002
    vertex -0.0001838883422034379 0.001607414061565179 -0.002
  endloop
endfacet
facet normal 0 -0 1
  outer loop
    vertex 0.0002292547871579452 0.0008800165529770799 -0.002
    vertex 0.0002326739994248115 0.001363019135533879 -0.002
    vertex -0.0001873424739161302 0.00112447832748003 -0.002
  endloop
endfacet
facet normal -0 0 1
  outer loop
    vertex -0.0006107646799908431 0.0004029090677027859 -0.002
    vertex -0.0001941681437223244 0.0001584486695077119 -0.002
    vertex -0.0001907545174756742 0.00064146198201983 -0.002
  endloop
endfacet
facet normal 0 0 1
  outer loop
    vertex -0.0001941681437223244 0.0001584486695077119 -0.002
    vertex 0.0002258422809103607 0.0003970010822837137 -0.002
    vertex -0.0001907545174756742 0.00064146198201983 -0.002
  endloop
endfacet
facet normal 0 -0 1
  outer loop
    vertex 0.0002258422809103607 0.0003970010822837137 -0.002
    vertex 0.0002292547871579452 0.0008800165529770799 -0.002
    vertex -0.0001907545174756742 0.00064146198201983 -0.002
  endloop
endfacet
facet normal 0 0 1
  outer loop
    vertex -0.0006107646799908431 0.0004029090677027859 -0.002
    vertex -0.0006141781102674094 -8.010462736934581e-05 -0.002
    vertex -0.0001941681437223244 0.0001584486695077119 -0.002
  endloop
endfacet
facet normal 0 0 1
  outer loop
    vertex -0.001027355595486619 0.0006473586496610435 -0.002
    vertex -0.001030774590774108 0.0001643556697796995 -0.002
    vertex -0.0006107646799908431 0.0004029090677027859 -0.002
  endloop
endfacet
facet normal 0 0 1
  outer loop
    vertex -0.0006107646799908431 0.0004029090677027859 -0.002
    vertex -0.001030774590774108 0.0001643556697796995 -0.002
    vertex -0.0006141781102674094 -8.010462736934581e-05 -0.002
  endloop
endfacet
facet normal -0 0 1
  outer loop
    vertex -0.0001941681437223244 0.0001584486695077119 -0.002
    vertex 0.0002224298201697174 -8.601448134303084e-05 -0.002
    vertex 0.0002258422809103607 0.0003970010822837137 -0.002
  endloop
endfacet
facet normal 0 0 1
  outer loop
    vertex -0.0001941681437223244 0.0001584486695077119 -0.002
    vertex -0.0001975804103922054 -0.0003245672690633676 -0.002
    vertex 0.0002224298201697174 -8.601448134303084e-05 -0.002
  endloop
endfacet
facet normal 0 0 1
  outer loop
    vertex -0.0001941681437223244 0.0001584486695077119 -0.002
    vertex -0.0006141781102674094 -8.010462736934581e-05 -0.002
    vertex -0.0001975804103922054 -0.0003245672690633676 -0.002
  endloop
endfacet
facet normal 0 0 1
  outer loop
    vertex 0.0002224298201697174 -8.601448134303084e-05 -0.002
    vertex 0.0006424400256678016 0.0001525383547909451 -0.002
    vertex 0.0002258422809103607 0.0003970010822837137 -0.002
  endloop
endfacet
facet normal 0 -0 1
  outer loop
    vertex 0.0006424400256678016 0.0001525383547909451 -0.002
    vertex 0.0006458522994589696 0.0006355542794919933 -0.002
    vertex 0.0002258422809103607 0.0003970010822837137 -0.002
  endloop
endfacet
facet normal 0 0 1
  outer loop
    vertex 0.0006458522994589696 0.0006355542794919933 -0.002
    vertex 0.0002292547871579452 0.0008800165529770799 -0.002
    vertex 0.0002258422809103607 0.0003970010822837137 -0.002
  endloop
endfacet
facet normal -0 0 1
  outer loop
    vertex -0.0001975804103922054 -0.0003245672690633676 -0.002
    vertex 0.0002190175169939768 -0.0005690303493790855 -0.002
    vertex 0.0002224298201697174 -8.601448134303084e-05 -0.002
  endloop
endfacet
facet normal 0 0 1
  outer loop
    vertex 0.0002190175169939768 -0.0005690303493790855 -0.002
    vertex 0.0006390277208333134 -0.0003304775100312528 -0.002
    vertex 0.0002224298201697174 -8.601448134303084e-05 -0.002
  endloop
endfacet
facet normal -0 0 1
  outer loop
    vertex 0.0002224298201697174 -8.601448134303084e-05 -0.002
    vertex 0.0006390277208333134 -0.0003304775100312528 -0.002
    vertex 0.0006424400256678016 0.0001525383547909451 -0.002
  endloop
endfacet
facet normal 0 0 1
  outer loop
    vertex -0.0001975804103922054 -0.0003245672690633676 -0.002
    vertex -0.0002009926873013672 -0.0008075831878486779 -0.002
    vertex 0.0002190175169939768 -0.0005690303493790855 -0.002
  endloop
endfacet
facet normal 0 0 1
  outer loop
    vertex -0.0001975804103922054 -0.0003245672690633676 -0.002
    vertex -0.0006175905756110046 -0.0005631201828680556 -0.002
    vertex -0.0002009926873013672 -0.0008075831878486779 -0.002
  endloop
endfacet
facet normal 0 0 1
  outer loop
    vertex -0.0006141781102674094 -8.010462736934581e-05 -0.002
    vertex -0.0006175905756110046 -0.0005631201828680556 -0.002
    vertex -0.0001975804103922054 -0.0003245672690633676 -0.002
  endloop
endfacet
facet normal -0 0 1
  outer loop
    vertex -0.0002009926873013672 -0.0008075831878486779 -0.002
    vertex 0.0002156052383713623 -0.001052046264852423 -0.002
    vertex 0.0002190175169939768 -0.0005690303493790855 -0.002
  endloop
endfacet
facet normal 0 0 1
  outer loop
    vertex 0.0002156052383713623 -0.001052046264852423 -0.002
    vertex 0.0006356154375211783 -0.0008134934164407175 -0.002
    vertex 0.0002190175169939768 -0.0005690303493790855 -0.002
  endloop
endfacet
facet normal 0 -0 1
  outer loop
    vertex 0.0006356154375211783 -0.0008134934164407175 -0.002
    vertex 0.0006390277208333134 -0.0003304775100312528 -0.002
    vertex 0.0002190175169939768 -0.0005690303493790855 -0.002
  endloop
endfacet
facet normal 0 0 1
  outer loop
    vertex 0.0006424400256678016 0.0001525383547909451 -0.002
    vertex 0.001062450195833247 0.0003910912591697257 -0.002
    vertex 0.0006458522994589696 0.0006355542794919933 -0.002
  endloop
endfacet
facet normal -0 0 1
  outer loop
    vertex 0.0006424400256678016 0.0001525383547909451 -0.002
    vertex 0.00105903791793618 -9.192465767553324e-05 -0.002
    vertex 0.001062450195833247 0.0003910912591697257 -0.002
  endloop
endfacet
facet normal 0 0 1
  outer loop
    vertex 0.0006424400256678016 0.0001525383547909451 -0.002
    vertex 0.0006390277208333134 -0.0003304775100312528 -0.002
    vertex 0.00105903791793618 -9.192465767553324e-05 -0.002
  endloop
endfacet
facet normal 0 0 1
  outer loop
    vertex -0.0002009926873013672 -0.0008075831878486779 -0.002
    vertex -0.0002044049618207595 -0.001290599111239274 -0.002
    vertex 0.0002156052383713623 -0.001052046264852423 -0.002
  endloop
endfacet
facet normal 0 0 1
  outer loop
    vertex -0.0002009926873013672 -0.0008075831878486779 -0.002
    vertex -0.0006210028883202171 -0.001046136032642789 -0.002
    vertex -0.0002044049618207595 -0.001290599111239274 -0.002
  endloop
endfacet
facet normal 0 0 1
  outer loop
    vertex -0.0002009926873013672 -0.0008075831878486779 -0.002
    vertex -0.0006175905756110046 -0.0005631201828680556 -0.002
    vertex -0.0006210028883202171 -0.001046136032642789 -0.002
  endloop
endfacet
facet normal -0 0 1
  outer loop
    vertex -0.0002044049618207595 -0.001290599111239274 -0.002
    vertex 0.000212192964239666 -0.001535062188998618 -0.002
    vertex 0.0002156052383713623 -0.001052046264852423 -0.002
  endloop
endfacet
facet normal 0 0 1
  outer loop
    vertex 0.000212192964239666 -0.001535062188998618 -0.002
    vertex 0.0006322031633309973 -0.001296509340479558 -0.002
    vertex 0.0002156052383713623 -0.001052046264852423 -0.002
  endloop
endfacet
facet normal -0 0 1
  outer loop
    vertex 0.0002156052383713623 -0.001052046264852423 -0.002
    vertex 0.0006322031633309973 -0.001296509340479558 -0.002
    vertex 0.0006356154375211783 -0.0008134934164407175 -0.002
  endloop
endfacet
facet normal 0 0 1
  outer loop
    vertex -0.0006210028883202171 -0.001046136032642789 -0.002
    vertex -0.0006244151614808815 -0.001529151958654438 -0.002
    vertex -0.0002044049618207595 -0.001290599111239274 -0.002
  endloop
endfacet
facet normal 0 0 1
  outer loop
    vertex -0.0002044049618207595 -0.001290599111239274 -0.002
    vertex -0.0002078172352039732 -0.001773615036830943 -0.002
    vertex 0.000212192964239666 -0.001535062188998618 -0.002
  endloop
endfacet
facet normal 0 0 1
  outer loop
    vertex -0.0002044049618207595 -0.001290599111239274 -0.002
    vertex -0.0006244151614808815 -0.001529151958654438 -0.002
    vertex -0.0002078172352039732 -0.001773615036830943 -0.002
  endloop
endfacet
facet normal 0 0 1
  outer loop
    vertex -0.0006175905756110046 -0.0005631201828680556 -0.002
    vertex -0.001037600800731385 -0.0008016729811892479 -0.002
    vertex -0.0006210028883202171 -0.001046136032642789 -0.002
  endloop
endfacet
facet normal 0 0 1
  outer loop
    vertex -0.0006210028883202171 -0.001046136032642789 -0.002
    vertex -0.001041013087915267 -0.0012846888801758 -0.002
    vertex -0.0006244151614808815 -0.001529151958654438 -0.002
  endloop
endfacet
facet normal 0 0 1
  outer loop
    vertex -0.0006210028883202171 -0.001046136032642789 -0.002
    vertex -0.001037600800731385 -0.0008016729811892479 -0.002
    vertex -0.001041013087915267 -0.0012846888801758 -0.002
  endloop
endfacet
facet normal 0 -0 1
  outer loop
    vertex 0.001062450195833247 0.0003910912591697257 -0.002
    vertex 0.001065862463891553 0.0008741071950307796 -0.002
    vertex 0.0006458522994589696 0.0006355542794919933 -0.002
  endloop
endfacet
facet normal 0 0 1
  outer loop
    vertex 0.001065862463891553 0.0008741071950307796 -0.002
    vertex 0.0006492645360324341 0.001118570275185764 -0.002
    vertex 0.0006458522994589696 0.0006355542794919933 -0.002
  endloop
endfacet
facet normal 0 0 1
  outer loop
    vertex 0.0006492645360324341 0.001118570275185764 -0.002
    vertex 0.0002292547871579452 0.0008800165529770799 -0.002
    vertex 0.0006458522994589696 0.0006355542794919933 -0.002
  endloop
endfacet
facet normal 0 0 1
  outer loop
    vertex 0.001062450195833247 0.0003910912591697257 -0.002
    vertex 0.001482389195438859 0.0006296446292600577 -0.002
    vertex 0.001065862463891553 0.0008741071950307796 -0.002
  endloop
endfacet
facet normal 0 0 1
  outer loop
    vertex 0.00105903791793618 -9.192465767553324e-05 -0.002
    vertex 0.001479048111495467 0.0001466282015244304 -0.002
    vertex 0.001062450195833247 0.0003910912591697257 -0.002
  endloop
endfacet
facet normal 0 -0 1
  outer loop
    vertex 0.001479048111495467 0.0001466282015244304 -0.002
    vertex 0.001482389195438859 0.0006296446292600577 -0.002
    vertex 0.001062450195833247 0.0003910912591697257 -0.002
  endloop
endfacet
facet normal 0 -0 1
  outer loop
    vertex 0.001065862463891553 0.0008741071950307796 -0.002
    vertex 0.001069274726882787 0.001357123140700089 -0.002
    vertex 0.0006492645360324341 0.001118570275185764 -0.002
  endloop
endfacet
facet normal 0 0 1
  outer loop
    vertex 0.001065862463891553 0.0008741071950307796 -0.002
    vertex 0.001485789600917095 0.001112660644318816 -0.002
    vertex 0.001069274726882787 0.001357123140700089 -0.002
  endloop
endfacet
facet normal 0 -0 1
  outer loop
    vertex 0.001482389195438859 0.0006296446292600577 -0.002
    vertex 0.001485789600917095 0.001112660644318816 -0.002
    vertex 0.001065862463891553 0.0008741071950307796 -0.002
  endloop
endfacet
facet normal -0 0 1
  outer loop
    vertex 0.00105903791793618 -9.192465767553324e-05 -0.002
    vertex 0.001475635836813296 -0.0003363877215413675 -0.002
    vertex 0.001479048111495467 0.0001466282015244304 -0.002
  endloop
endfacet
facet normal 0 0 1
  outer loop
    vertex 0.00105903791793618 -9.192465767553324e-05 -0.002
    vertex 0.001055625637480885 -0.0005749405695922597 -0.002
    vertex 0.001475635836813296 -0.0003363877215413675 -0.002
  endloop
endfacet
facet normal -0 0 1
  outer loop
    vertex 0.0006390277208333134 -0.0003304775100312528 -0.002
    vertex 0.001055625637480885 -0.0005749405695922597 -0.002
    vertex 0.00105903791793618 -9.192465767553324e-05 -0.002
  endloop
endfacet
facet normal 0 0 1
  outer loop
    vertex 0.001475635836813296 -0.0003363877215413675 -0.002
    vertex 0.001895646034807146 -9.78348709079139e-05 -0.002
    vertex 0.001479048111495467 0.0001466282015244304 -0.002
  endloop
endfacet
facet normal 0 -0 1
  outer loop
    vertex 0.001895646034807146 -9.78348709079139e-05 -0.002
    vertex 0.001899058307503564 0.0003851810559956741 -0.002
    vertex 0.001479048111495467 0.0001466282015244304 -0.002
  endloop
endfacet
facet normal 0 0 1
  outer loop
    vertex 0.001899058307503564 0.0003851810559956741 -0.002
    vertex 0.001482389195438859 0.0006296446292600577 -0.002
    vertex 0.001479048111495467 0.0001466282015244304 -0.002
  endloop
endfacet
facet normal -0 0 1
  outer loop
    vertex 0.001475635836813296 -0.0003363877215413675 -0.002
    vertex 0.001892233761400206 -0.0005808507964382403 -0.002
    vertex 0.001895646034807146 -9.78348709079139e-05 -0.002
  endloop
endfacet
facet normal 0 0 1
  outer loop
    vertex 0.001475635836813296 -0.0003363877215413675 -0.002
    vertex 0.001472223562079807 -0.0008194036445086686 -0.002
    vertex 0.001892233761400206 -0.0005808507964382403 -0.002
  endloop
endfacet
facet normal 0 0 1
  outer loop
    vertex 0.001475635836813296 -0.0003363877215413675 -0.002
    vertex 0.001055625637480885 -0.0005749405695922597 -0.002
    vertex 0.001472223562079807 -0.0008194036445086686 -0.002
  endloop
endfacet
facet normal -0 0 1
  outer loop
    vertex -0.0002078172352039732 -0.001773615036830943 -0.002
    vertex 0.000208780691051512 -0.002018078114958356 -0.002
    vertex 0.000212192964239666 -0.001535062188998618 -0.002
  endloop
endfacet
facet normal 0 0 1
  outer loop
    vertex 0.000208780691051512 -0.002018078114958356 -0.002
    vertex 0.0006287908902874009 -0.001779525266706063 -0.002
    vertex 0.000212192964239666 -0.001535062188998618 -0.002
  endloop
endfacet
facet normal 0 -0 1
  outer loop
    vertex 0.0006287908902874009 -0.001779525266706063 -0.002
    vertex 0.0006322031633309973 -0.001296509340479558 -0.002
    vertex 0.000212192964239666 -0.001535062188998618 -0.002
  endloop
endfacet
facet normal 0 0 1
  outer loop
    vertex -0.0002078172352039732 -0.001773615036830943 -0.002
    vertex -0.0002112295082368894 -0.002256630963099355 -0.002
    vertex 0.000208780691051512 -0.002018078114958356 -0.002
  endloop
endfacet
facet normal 0 0 1
  outer loop
    vertex -0.0002078172352039732 -0.001773615036830943 -0.002
    vertex -0.0006278274345768876 -0.002012167884799554 -0.002
    vertex -0.0002112295082368894 -0.002256630963099355 -0.002
  endloop
endfacet
facet normal 0 0 1
  outer loop
    vertex -0.0002078172352039732 -0.001773615036830943 -0.002
    vertex -0.0006244151614808815 -0.001529151958654438 -0.002
    vertex -0.0006278274345768876 -0.002012167884799554 -0.002
  endloop
endfacet
facet normal 0 0 1
  outer loop
    vertex 0.001895646034807146 -9.78348709079139e-05 -0.002
    vertex 0.00231398215035264 0.0001411459262949535 -0.002
    vertex 0.001899058307503564 0.0003851810559956741 -0.002
  endloop
endfacet
facet normal 0 0 1
  outer loop
    vertex 0.001892233761400206 -0.0005808507964382403 -0.002
    vertex 0.00231224396034551 -0.0003422979476431763 -0.002
    vertex 0.001895646034807146 -9.78348709079139e-05 -0.002
  endloop
endfacet
facet normal 0 -0 1
  outer loop
    vertex 0.00231224396034551 -0.0003422979476431763 -0.002
    vertex 0.00231398215035264 0.0001411459262949535 -0.002
    vertex 0.001895646034807146 -9.78348709079139e-05 -0.002
  endloop
endfacet
facet normal 0 0 1
  outer loop
    vertex 0.001902043440693831 0.0008682000014102934 -0.002
    vertex 0.001482389195438859 0.0006296446292600577 -0.002
    vertex 0.001899058307503564 0.0003851810559956741 -0.002
  endloop
endfacet
facet normal 0 0 1
  outer loop
    vertex 0.001899058307503564 0.0003851810559956741 -0.002
    vertex 0.002316696148484747 0.0006249030004643081 -0.002
    vertex 0.001902043440693831 0.0008682000014102934 -0.002
  endloop
endfacet
facet normal -0 0 1
  outer loop
    vertex 0.001899058307503564 0.0003851810559956741 -0.002
    vertex 0.00231398215035264 0.0001411459262949535 -0.002
    vertex 0.002316696148484747 0.0006249030004643081 -0.002
  endloop
endfacet
facet normal -0 0 1
  outer loop
    vertex 0.001472223562079807 -0.0008194036445086686 -0.002
    vertex 0.001888821487997527 -0.001063866721977035 -0.002
    vertex 0.001892233761400206 -0.0005808507964382403 -0.002
  endloop
endfacet
facet normal 0 0 1
  outer loop
    vertex 0.001888821487997527 -0.001063866721977035 -0.002
    vertex 0.002307073026889303 -0.000824836474323149 -0.002
    vertex 0.001892233761400206 -0.0005808507964382403 -0.002
  endloop
endfacet
facet normal -0 0 1
  outer loop
    vertex 0.001892233761400206 -0.0005808507964382403 -0.002
    vertex 0.002307073026889303 -0.000824836474323149 -0.002
    vertex 0.00231224396034551 -0.0003422979476431763 -0.002
  endloop
endfacet
facet normal -0 0 1
  outer loop
    vertex 0.000208780691051512 -0.002018078114958356 -0.002
    vertex 0.0006248630447122118 -0.002261633445567686 -0.002
    vertex 0.0006287908902874009 -0.001779525266706063 -0.002
  endloop
endfacet
facet normal -0 0 1
  outer loop
    vertex -0.0002112295082368894 -0.002256630963099355 -0.002
    vertex 0.000205368418094136 -0.002501094041343602 -0.002
    vertex 0.000208780691051512 -0.002018078114958356 -0.002
  endloop
endfacet
facet normal 0 0 1
  outer loop
    vertex 0.000205368418094136 -0.002501094041343602 -0.002
    vertex 0.0006248630447122118 -0.002261633445567686 -0.002
    vertex 0.000208780691051512 -0.002018078114958356 -0.002
  endloop
endfacet
facet normal 0 0 1
  outer loop
    vertex 0.0006287908902874009 -0.001779525266706063 -0.002
    vertex 0.001048801089537504 -0.001540972418484394 -0.002
    vertex 0.0006322031633309973 -0.001296509340479558 -0.002
  endloop
endfacet
facet normal -0 0 1
  outer loop
    vertex 0.0006287908902874009 -0.001779525266706063 -0.002
    vertex 0.001045388816566731 -0.002023988344845408 -0.002
    vertex 0.001048801089537504 -0.001540972418484394 -0.002
  endloop
endfacet
facet normal 0 0 1
  outer loop
    vertex 0.0006287908902874009 -0.001779525266706063 -0.002
    vertex 0.0006248630447122118 -0.002261633445567686 -0.002
    vertex 0.001045388816566731 -0.002023988344845408 -0.002
  endloop
endfacet
facet normal 0 0 1
  outer loop
    vertex -0.0006278274345768876 -0.002012167884799554 -0.002
    vertex -0.000631239707509209 -0.002495183811269197 -0.002
    vertex -0.0002112295082368894 -0.002256630963099355 -0.002
  endloop
endfacet
facet normal 0 0 1
  outer loop
    vertex -0.0002112295082368894 -0.002256630963099355 -0.002
    vertex -0.0002218632437639849 -0.002725179677880925 -0.002
    vertex 0.000205368418094136 -0.002501094041343602 -0.002
  endloop
endfacet
facet normal -0 0 1
  outer loop
    vertex -0.000631239707509209 -0.002495183811269197 -0.002
    vertex -0.0002218632437639849 -0.002725179677880925 -0.002
    vertex -0.0002112295082368894 -0.002256630963099355 -0.002
  endloop
endfacet
facet normal 0 0 1
  outer loop
    vertex -0.0006278274345768876 -0.002012167884799554 -0.002
    vertex -0.001047837633847254 -0.002250720732967518 -0.002
    vertex -0.000631239707509209 -0.002495183811269197 -0.002
  endloop
endfacet
facet normal 0 0 1
  outer loop
    vertex -0.0006278274345768876 -0.002012167884799554 -0.002
    vertex -0.001044425360934242 -0.001767704806465515 -0.002
    vertex -0.001047837633847254 -0.002250720732967518 -0.002
  endloop
endfacet
facet normal 0 -0 1
  outer loop
    vertex -0.0006278274345768876 -0.002012167884799554 -0.002
    vertex -0.0006244151614808815 -0.001529151958654438 -0.002
    vertex -0.001044425360934242 -0.001767704806465515 -0.002
  endloop
endfacet
facet normal 0 0 1
  outer loop
    vertex 0.001472223562079807 -0.0008194036445086686 -0.002
    vertex 0.001468811288785861 -0.001302419570262786 -0.002
    vertex 0.001888821487997527 -0.001063866721977035 -0.002
  endloop
endfacet
facet normal 0 0 1
  outer loop
    vertex 0.001472223562079807 -0.0008194036445086686 -0.002
    vertex 0.001052213362451372 -0.001057956492002603 -0.002
    vertex 0.001468811288785861 -0.001302419570262786 -0.002
  endloop
endfacet
facet normal 0 0 1
  outer loop
    vertex 0.001472223562079807 -0.0008194036445086686 -0.002
    vertex 0.001055625637480885 -0.0005749405695922597 -0.002
    vertex 0.001052213362451372 -0.001057956492002603 -0.002
  endloop
endfacet
facet normal -0 0 1
  outer loop
    vertex 0.001468811288785861 -0.001302419570262786 -0.002
    vertex 0.001885409215037409 -0.001546882648371029 -0.002
    vertex 0.001888821487997527 -0.001063866721977035 -0.002
  endloop
endfacet
facet normal 0 0 1
  outer loop
    vertex 0.001885409215037409 -0.001546882648371029 -0.002
    vertex 0.002303856367510192 -0.001305577807918394 -0.002
    vertex 0.001888821487997527 -0.001063866721977035 -0.002
  endloop
endfacet
facet normal 0 -0 1
  outer loop
    vertex 0.002303856367510192 -0.001305577807918394 -0.002
    vertex 0.002307073026889303 -0.000824836474323149 -0.002
    vertex 0.001888821487997527 -0.001063866721977035 -0.002
  endloop
endfacet
facet normal -0 0 1
  outer loop
    vertex 0.000205368418094136 -0.002501094041343602 -0.002
    vertex 0.0006184887096385039 -0.002739434190891813 -0.002
    vertex 0.0006248630447122118 -0.002261633445567686 -0.002
  endloop
endfacet
facet normal 0 0 1
  outer loop
    vertex 0.000205368418094136 -0.002501094041343602 -0.002
    vertex 0.0001977977612704955 -0.002966272397035609 -0.002
    vertex 0.0006184887096385039 -0.002739434190891813 -0.002
  endloop
endfacet
facet normal 0 0 1
  outer loop
    vertex 0.000205368418094136 -0.002501094041343602 -0.002
    vertex -0.0002218632437639849 -0.002725179677880925 -0.002
    vertex 0.0001977977612704955 -0.002966272397035609 -0.002
  endloop
endfacet
facet normal 0 0 1
  outer loop
    vertex 0.00231224396034551 -0.0003422979476431763 -0.002
    vertex 0.002724133223469389 -0.000103394309920522 -0.002
    vertex 0.00231398215035264 0.0001411459262949535 -0.002
  endloop
endfacet
facet normal -0 0 1
  outer loop
    vertex 0.00231224396034551 -0.0003422979476431763 -0.002
    vertex 0.002719852970578671 -0.0005866486200693065 -0.002
    vertex 0.002724133223469389 -0.000103394309920522 -0.002
  endloop
endfacet
facet normal 0 0 1
  outer loop
    vertex 0.00231224396034551 -0.0003422979476431763 -0.002
    vertex 0.002307073026889303 -0.000824836474323149 -0.002
    vertex 0.002719852970578671 -0.0005866486200693065 -0.002
  endloop
endfacet
facet normal 0 0 1
  outer loop
    vertex -0.001047837633847254 -0.002250720732967518 -0.002
    vertex -0.001036966189628092 -0.00270486120084968 -0.002
    vertex -0.000631239707509209 -0.002495183811269197 -0.002
  endloop
endfacet
facet normal 0 0 1
  outer loop
    vertex -0.000631239707509209 -0.002495183811269197 -0.002
    vertex -0.0006410885780162444 -0.002953323211725855 -0.002
    vertex -0.0002218632437639849 -0.002725179677880925 -0.002
  endloop
endfacet
facet normal 0 0 1
  outer loop
    vertex -0.000631239707509209 -0.002495183811269197 -0.002
    vertex -0.001036966189628092 -0.00270486120084968 -0.002
    vertex -0.0006410885780162444 -0.002953323211725855 -0.002
  endloop
endfacet
facet normal 0 0 1
  outer loop
    vertex -0.001044425360934242 -0.001767704806465515 -0.002
    vertex -0.001464435560181623 -0.00200625765467704 -0.002
    vertex -0.001047837633847254 -0.002250720732967518 -0.002
  endloop
endfacet
facet normal 0 0 1
  outer loop
    vertex -0.001464435560181623 -0.00200625765467704 -0.002
    vertex -0.00145663865595717 -0.00247881247595102 -0.002
    vertex -0.001047837633847254 -0.002250720732967518 -0.002
  endloop
endfacet
facet normal -0 0 1
  outer loop
    vertex -0.00145663865595717 -0.00247881247595102 -0.002
    vertex -0.001036966189628092 -0.00270486120084968 -0.002
    vertex -0.001047837633847254 -0.002250720732967518 -0.002
  endloop
endfacet
facet normal 0 0 1
  outer loop
    vertex 0.001069274726882787 0.001357123140700089 -0.002
    vertex 0.000652676801384984 0.001601586216200988 -0.002
    vertex 0.0006492645360324341 0.001118570275185764 -0.002
  endloop
endfacet
facet normal 0 0 1
  outer loop
    vertex 0.000652676801384984 0.001601586216200988 -0.002
    vertex 0.0002326739994248115 0.001363019135533879 -0.002
    vertex 0.0006492645360324341 0.001118570275185764 -0.002
  endloop
endfacet
facet normal 0 0 1
  outer loop
    vertex 0.0006492645360324341 0.001118570275185764 -0.002
    vertex 0.0002326739994248115 0.001363019135533879 -0.002
    vertex 0.0002292547871579452 0.0008800165529770799 -0.002
  endloop
endfacet
facet normal 0 -0 1
  outer loop
    vertex 0.001069274726882787 0.001357123140700089 -0.002
    vertex 0.001072686999925305 0.001840139066741829 -0.002
    vertex 0.000652676801384984 0.001601586216200988 -0.002
  endloop
endfacet
facet normal 0 0 1
  outer loop
    vertex 0.001069274726882787 0.001357123140700089 -0.002
    vertex 0.001489284926142054 0.001595675988855872 -0.002
    vertex 0.001072686999925305 0.001840139066741829 -0.002
  endloop
endfacet
facet normal -0 0 1
  outer loop
    vertex 0.001069274726882787 0.001357123140700089 -0.002
    vertex 0.001485789600917095 0.001112660644318816 -0.002
    vertex 0.001489284926142054 0.001595675988855872 -0.002
  endloop
endfacet
facet normal 0 0 1
  outer loop
    vertex 0.001072686999925305 0.001840139066741829 -0.002
    vertex 0.0006560890736157888 0.002084602144935536 -0.002
    vertex 0.000652676801384984 0.001601586216200988 -0.002
  endloop
endfacet
facet normal 0 0 1
  outer loop
    vertex 0.0006560890736157888 0.002084602144935536 -0.002
    vertex 0.0002360786880930741 0.001846049379794234 -0.002
    vertex 0.000652676801384984 0.001601586216200988 -0.002
  endloop
endfacet
facet normal 0 0 1
  outer loop
    vertex 0.0002360786880930741 0.001846049379794234 -0.002
    vertex 0.0002326739994248115 0.001363019135533879 -0.002
    vertex 0.000652676801384984 0.001601586216200988 -0.002
  endloop
endfacet
facet normal 0 -0 1
  outer loop
    vertex 0.001489284926142054 0.001595675988855872 -0.002
    vertex 0.001492697199049286 0.002078691915346414 -0.002
    vertex 0.001072686999925305 0.001840139066741829 -0.002
  endloop
endfacet
facet normal 0 -0 1
  outer loop
    vertex 0.001072686999925305 0.001840139066741829 -0.002
    vertex 0.001087347034752101 0.002335635581749369 -0.002
    vertex 0.0006560890736157888 0.002084602144935536 -0.002
  endloop
endfacet
facet normal 0 0 1
  outer loop
    vertex 0.001492697199049286 0.002078691915346414 -0.002
    vertex 0.001087347034752101 0.002335635581749369 -0.002
    vertex 0.001072686999925305 0.001840139066741829 -0.002
  endloop
endfacet
facet normal 0 0 1
  outer loop
    vertex 0.001489284926142054 0.001595675988855872 -0.002
    vertex 0.001909295125363312 0.001834228837137747 -0.002
    vertex 0.001492697199049286 0.002078691915346414 -0.002
  endloop
endfacet
facet normal -0 0 1
  outer loop
    vertex 0.001489284926142054 0.001595675988855872 -0.002
    vertex 0.001905882852453487 0.001351212910655804 -0.002
    vertex 0.001909295125363312 0.001834228837137747 -0.002
  endloop
endfacet
facet normal 0 0 1
  outer loop
    vertex 0.001489284926142054 0.001595675988855872 -0.002
    vertex 0.001485789600917095 0.001112660644318816 -0.002
    vertex 0.001905882852453487 0.001351212910655804 -0.002
  endloop
endfacet
facet normal 0 0 1
  outer loop
    vertex 0.0006560890736157888 0.002084602144935536 -0.002
    vertex 0.0002394909710662837 0.00232906526566581 -0.002
    vertex 0.0002360786880930741 0.001846049379794234 -0.002
  endloop
endfacet
facet normal 0 -0 1
  outer loop
    vertex 0.0006560890736157888 0.002084602144935536 -0.002
    vertex 0.0006595013170414612 0.002567618078874547 -0.002
    vertex 0.0002394909710662837 0.00232906526566581 -0.002
  endloop
endfacet
facet normal 0 0 1
  outer loop
    vertex 0.0006560890736157888 0.002084602144935536 -0.002
    vertex 0.001087347034752101 0.002335635581749369 -0.002
    vertex 0.0006595013170414612 0.002567618078874547 -0.002
  endloop
endfacet
facet normal 0 -0 1
  outer loop
    vertex 0.001909295125363312 0.001834228837137747 -0.002
    vertex 0.001992932519687563 0.002386412244229771 -0.002
    vertex 0.001492697199049286 0.002078691915346414 -0.002
  endloop
endfacet
facet normal 0 0 1
  outer loop
    vertex 0.001992932519687563 0.002386412244229771 -0.002
    vertex 0.001496109471925598 0.002561707841939539 -0.002
    vertex 0.001492697199049286 0.002078691915346414 -0.002
  endloop
endfacet
facet normal 0 0 1
  outer loop
    vertex 0.001496109471925598 0.002561707841939539 -0.002
    vertex 0.001087347034752101 0.002335635581749369 -0.002
    vertex 0.001492697199049286 0.002078691915346414 -0.002
  endloop
endfacet
facet normal 0 0 1
  outer loop
    vertex 0.001905882852453487 0.001351212910655804 -0.002
    vertex 0.002310516047764694 0.001589874389952784 -0.002
    vertex 0.001909295125363312 0.001834228837137747 -0.002
  endloop
endfacet
facet normal 0 -0 1
  outer loop
    vertex 0.002310516047764694 0.001589874389952784 -0.002
    vertex 0.002329305324591014 0.00207278168539825 -0.002
    vertex 0.001909295125363312 0.001834228837137747 -0.002
  endloop
endfacet
facet normal 0 0 1
  outer loop
    vertex 0.001909295125363312 0.001834228837137747 -0.002
    vertex 0.002329305324591014 0.00207278168539825 -0.002
    vertex 0.001992932519687563 0.002386412244229771 -0.002
  endloop
endfacet
facet normal 0 0 1
  outer loop
    vertex 0.001468811288785861 -0.001302419570262786 -0.002
    vertex 0.00146539901580942 -0.00178543549662404 -0.002
    vertex 0.001885409215037409 -0.001546882648371029 -0.002
  endloop
endfacet
facet normal 0 0 1
  outer loop
    vertex 0.001468811288785861 -0.001302419570262786 -0.002
    vertex 0.001048801089537504 -0.001540972418484394 -0.002
    vertex 0.00146539901580942 -0.00178543549662404 -0.002
  endloop
endfacet
facet normal 0 0 1
  outer loop
    vertex 0.001052213362451372 -0.001057956492002603 -0.002
    vertex 0.001048801089537504 -0.001540972418484394 -0.002
    vertex 0.001468811288785861 -0.001302419570262786 -0.002
  endloop
endfacet
facet normal -0 0 1
  outer loop
    vertex 0.00146539901580942 -0.00178543549662404 -0.002
    vertex 0.001878004555079615 -0.002022224743586662 -0.002
    vertex 0.001885409215037409 -0.001546882648371029 -0.002
  endloop
endfacet
facet normal -0 0 1
  outer loop
    vertex 0.001885409215037409 -0.001546882648371029 -0.002
    vertex 0.002290626171263433 -0.001767440123628409 -0.002
    vertex 0.002303856367510192 -0.001305577807918394 -0.002
  endloop
endfacet
facet normal 0 0 1
  outer loop
    vertex 0.001885409215037409 -0.001546882648371029 -0.002
    vertex 0.001878004555079615 -0.002022224743586662 -0.002
    vertex 0.002290626171263433 -0.001767440123628409 -0.002
  endloop
endfacet
facet normal 0 0 1
  outer loop
    vertex 0.001048801089537504 -0.001540972418484394 -0.002
    vertex 0.001045388816566731 -0.002023988344845408 -0.002
    vertex 0.00146539901580942 -0.00178543549662404 -0.002
  endloop
endfacet
facet normal -0 0 1
  outer loop
    vertex 0.001045388816566731 -0.002023988344845408 -0.002
    vertex 0.001460190549725818 -0.002265288939575215 -0.002
    vertex 0.00146539901580942 -0.00178543549662404 -0.002
  endloop
endfacet
facet normal 0 0 1
  outer loop
    vertex 0.001460190549725818 -0.002265288939575215 -0.002
    vertex 0.001878004555079615 -0.002022224743586662 -0.002
    vertex 0.00146539901580942 -0.00178543549662404 -0.002
  endloop
endfacet
facet normal -0 0 1
  outer loop
    vertex 0.001905882852453487 0.001351212910655804 -0.002
    vertex 0.002319917944797435 0.001106767937566755 -0.002
    vertex 0.002310516047764694 0.001589874389952784 -0.002
  endloop
endfacet
facet normal 0 0 1
  outer loop
    vertex 0.001905882852453487 0.001351212910655804 -0.002
    vertex 0.001902043440693831 0.0008682000014102934 -0.002
    vertex 0.002319917944797435 0.001106767937566755 -0.002
  endloop
endfacet
facet normal 0 0 1
  outer loop
    vertex 0.001905882852453487 0.001351212910655804 -0.002
    vertex 0.001485789600917095 0.001112660644318816 -0.002
    vertex 0.001902043440693831 0.0008682000014102934 -0.002
  endloop
endfacet
facet normal 0 0 1
  outer loop
    vertex -0.001044425360934242 -0.001767704806465515 -0.002
    vertex -0.001461023287268405 -0.001523241728176009 -0.002
    vertex -0.001464435560181623 -0.00200625765467704 -0.002
  endloop
endfacet
facet normal 0 -0 1
  outer loop
    vertex -0.001044425360934242 -0.001767704806465515 -0.002
    vertex -0.001041013087915267 -0.0012846888801758 -0.002
    vertex -0.001461023287268405 -0.001523241728176009 -0.002
  endloop
endfacet
facet normal 0 0 1
  outer loop
    vertex -0.0006244151614808815 -0.001529151958654438 -0.002
    vertex -0.001041013087915267 -0.0012846888801758 -0.002
    vertex -0.001044425360934242 -0.001767704806465515 -0.002
  endloop
endfacet
facet normal 0 0 1
  outer loop
    vertex -0.001461023287268405 -0.001523241728176009 -0.002
    vertex -0.001881033486509743 -0.001761794576399288 -0.002
    vertex -0.001464435560181623 -0.00200625765467704 -0.002
  endloop
endfacet
facet normal 0 0 1
  outer loop
    vertex -0.001881033486509743 -0.001761794576399288 -0.002
    vertex -0.001940282586616059 -0.002309762147624449 -0.002
    vertex -0.001464435560181623 -0.00200625765467704 -0.002
  endloop
endfacet
facet normal 0 0 1
  outer loop
    vertex -0.001464435560181623 -0.00200625765467704 -0.002
    vertex -0.001940282586616059 -0.002309762147624449 -0.002
    vertex -0.00145663865595717 -0.00247881247595102 -0.002
  endloop
endfacet
facet normal 0 0 1
  outer loop
    vertex -0.001461023287268405 -0.001523241728176009 -0.002
    vertex -0.001877621213597663 -0.001278778649896047 -0.002
    vertex -0.001881033486509743 -0.001761794576399288 -0.002
  endloop
endfacet
facet normal 0 -0 1
  outer loop
    vertex -0.001461023287268405 -0.001523241728176009 -0.002
    vertex -0.001457611014359208 -0.001040225801670869 -0.002
    vertex -0.001877621213597663 -0.001278778649896047 -0.002
  endloop
endfacet
facet normal 0 0 1
  outer loop
    vertex -0.001461023287268405 -0.001523241728176009 -0.002
    vertex -0.001041013087915267 -0.0012846888801758 -0.002
    vertex -0.001457611014359208 -0.001040225801670869 -0.002
  endloop
endfacet
facet normal 0 0 1
  outer loop
    vertex -0.001877621213597663 -0.001278778649896047 -0.002
    vertex -0.002296498693236172 -0.001515401191750592 -0.002
    vertex -0.001881033486509743 -0.001761794576399288 -0.002
  endloop
endfacet
facet normal 0 0 1
  outer loop
    vertex -0.002296498693236172 -0.001515401191750592 -0.002
    vertex -0.00233411714138639 -0.001977163621747763 -0.002
    vertex -0.001881033486509743 -0.001761794576399288 -0.002
  endloop
endfacet
facet normal -0 0 1
  outer loop
    vertex -0.00233411714138639 -0.001977163621747763 -0.002
    vertex -0.001940282586616059 -0.002309762147624449 -0.002
    vertex -0.001881033486509743 -0.001761794576399288 -0.002
  endloop
endfacet
facet normal 0 0 1
  outer loop
    vertex -0.001457611014359208 -0.001040225801670869 -0.002
    vertex -0.001874208940685843 -0.000795762723392301 -0.002
    vertex -0.001877621213597663 -0.001278778649896047 -0.002
  endloop
endfacet
facet normal 0 0 1
  outer loop
    vertex -0.001874208940685843 -0.000795762723392301 -0.002
    vertex -0.002290999129403623 -0.001034015268013464 -0.002
    vertex -0.001877621213597663 -0.001278778649896047 -0.002
  endloop
endfacet
facet normal 0 0 1
  outer loop
    vertex -0.001877621213597663 -0.001278778649896047 -0.002
    vertex -0.002290999129403623 -0.001034015268013464 -0.002
    vertex -0.002296498693236172 -0.001515401191750592 -0.002
  endloop
endfacet
facet normal 0 -0 1
  outer loop
    vertex -0.001457611014359208 -0.001040225801670869 -0.002
    vertex -0.001454198741460754 -0.0005572098751419785 -0.002
    vertex -0.001874208940685843 -0.000795762723392301 -0.002
  endloop
endfacet
facet normal 0 0 1
  outer loop
    vertex -0.001457611014359208 -0.001040225801670869 -0.002
    vertex -0.001037600800731385 -0.0008016729811892479 -0.002
    vertex -0.001454198741460754 -0.0005572098751419785 -0.002
  endloop
endfacet
facet normal 0 -0 1
  outer loop
    vertex -0.001041013087915267 -0.0012846888801758 -0.002
    vertex -0.001037600800731385 -0.0008016729811892479 -0.002
    vertex -0.001457611014359208 -0.001040225801670869 -0.002
  endloop
endfacet
facet normal 0 0 1
  outer loop
    vertex -0.001454198741460754 -0.0005572098751419785 -0.002
    vertex -0.00187079666778091 -0.0003127467968767599 -0.002
    vertex -0.001874208940685843 -0.000795762723392301 -0.002
  endloop
endfacet
facet normal 0 0 1
  outer loop
    vertex -0.00187079666778091 -0.0003127467968767599 -0.002
    vertex -0.002290806867015343 -0.0005512996451121306 -0.002
    vertex -0.001874208940685843 -0.000795762723392301 -0.002
  endloop
endfacet
facet normal 0 0 1
  outer loop
    vertex -0.002290806867015343 -0.0005512996451121306 -0.002
    vertex -0.002290999129403623 -0.001034015268013464 -0.002
    vertex -0.001874208940685843 -0.000795762723392301 -0.002
  endloop
endfacet
facet normal 0 -0 1
  outer loop
    vertex -0.001454198741460754 -0.0005572098751419785 -0.002
    vertex -0.001450786180870405 -7.419449921916433e-05 -0.002
    vertex -0.00187079666778091 -0.0003127467968767599 -0.002
  endloop
endfacet
facet normal -0 0 1
  outer loop
    vertex -0.001454198741460754 -0.0005572098751419785 -0.002
    vertex -0.001037600800731385 -0.0008016729811892479 -0.002
    vertex -0.00103418849672186 -0.0003186571146359959 -0.002
  endloop
endfacet
facet normal 0 0 1
  outer loop
    vertex -0.00103418849672186 -0.0003186571146359959 -0.002
    vertex -0.001450786180870405 -7.419449921916433e-05 -0.002
    vertex -0.001454198741460754 -0.0005572098751419785 -0.002
  endloop
endfacet
facet normal 0 0 1
  outer loop
    vertex -0.00187079666778091 -0.0003127467968767599 -0.002
    vertex -0.002287394594103492 -6.828371860848645e-05 -0.002
    vertex -0.002290806867015343 -0.0005512996451121306 -0.002
  endloop
endfacet
facet normal 0 -0 1
  outer loop
    vertex -0.00187079666778091 -0.0003127467968767599 -0.002
    vertex -0.001867384394867733 0.0001702691296247883 -0.002
    vertex -0.002287394594103492 -6.828371860848645e-05 -0.002
  endloop
endfacet
facet normal 0 0 1
  outer loop
    vertex -0.00187079666778091 -0.0003127467968767599 -0.002
    vertex -0.001450786180870405 -7.419449921916433e-05 -0.002
    vertex -0.001867384394867733 0.0001702691296247883 -0.002
  endloop
endfacet
facet normal 0 0 1
  outer loop
    vertex -0.002287394594103492 -6.828371860848645e-05 -0.002
    vertex -0.0027074047933429 -0.0003068365668353027 -0.002
    vertex -0.002290806867015343 -0.0005512996451121306 -0.002
  endloop
endfacet
facet normal 0 0 1
  outer loop
    vertex -0.0027074047933429 -0.0003068365668353027 -0.002
    vertex -0.002692629722720147 -0.0007899809780870638 -0.002
    vertex -0.002290806867015343 -0.0005512996451121306 -0.002
  endloop
endfacet
facet normal -0 0 1
  outer loop
    vertex -0.002692629722720147 -0.0007899809780870638 -0.002
    vertex -0.002290999129403623 -0.001034015268013464 -0.002
    vertex -0.002290806867015343 -0.0005512996451121306 -0.002
  endloop
endfacet
facet normal 0 0 1
  outer loop
    vertex -0.001867384394867733 0.0001702691296247883 -0.002
    vertex -0.002283982321191289 0.0004147322078945816 -0.002
    vertex -0.002287394594103492 -6.828371860848645e-05 -0.002
  endloop
endfacet
facet normal 0 0 1
  outer loop
    vertex -0.002283982321191289 0.0004147322078945816 -0.002
    vertex -0.002704773058297048 0.0001752062414348381 -0.002
    vertex -0.002287394594103492 -6.828371860848645e-05 -0.002
  endloop
endfacet
facet normal 0 0 1
  outer loop
    vertex -0.002287394594103492 -6.828371860848645e-05 -0.002
    vertex -0.002704773058297048 0.0001752062414348381 -0.002
    vertex -0.0027074047933429 -0.0003068365668353027 -0.002
  endloop
endfacet
facet normal 0 -0 1
  outer loop
    vertex -0.001867384394867733 0.0001702691296247883 -0.002
    vertex -0.001863972118823785 0.0006532850648109622 -0.002
    vertex -0.002283982321191289 0.0004147322078945816 -0.002
  endloop
endfacet
facet normal 0 0 1
  outer loop
    vertex -0.001867384394867733 0.0001702691296247883 -0.002
    vertex -0.001447374193617064 0.0004088219919352606 -0.002
    vertex -0.001863972118823785 0.0006532850648109622 -0.002
  endloop
endfacet
facet normal -0 0 1
  outer loop
    vertex -0.001867384394867733 0.0001702691296247883 -0.002
    vertex -0.001450786180870405 -7.419449921916433e-05 -0.002
    vertex -0.001447374193617064 0.0004088219919352606 -0.002
  endloop
endfacet
facet normal 0 0 1
  outer loop
    vertex -0.001863972118823785 0.0006532850648109622 -0.002
    vertex -0.002280496920913279 0.0008976193844151634 -0.002
    vertex -0.002283982321191289 0.0004147322078945816 -0.002
  endloop
endfacet
facet normal 0 0 1
  outer loop
    vertex -0.002280496920913279 0.0008976193844151634 -0.002
    vertex -0.002700494932780505 0.0006590450764110026 -0.002
    vertex -0.002283982321191289 0.0004147322078945816 -0.002
  endloop
endfacet
facet normal 0 0 1
  outer loop
    vertex -0.002700494932780505 0.0006590450764110026 -0.002
    vertex -0.002704773058297048 0.0001752062414348381 -0.002
    vertex -0.002283982321191289 0.0004147322078945816 -0.002
  endloop
endfacet
facet normal 0 0 1
  outer loop
    vertex -0.0027074047933429 -0.0003068365668353027 -0.002
    vertex -0.00315283601887734 -0.0006054645711402826 -0.002
    vertex -0.002692629722720147 -0.0007899809780870638 -0.002
  endloop
endfacet
facet normal 0 0 1
  outer loop
    vertex -0.0027074047933429 -0.0003068365668353027 -0.002
    vertex -0.003128771261605365 -6.806198819816183e-05 -0.002
    vertex -0.00315283601887734 -0.0006054645711402826 -0.002
  endloop
endfacet
facet normal 0 -0 1
  outer loop
    vertex -0.0027074047933429 -0.0003068365668353027 -0.002
    vertex -0.002704773058297048 0.0001752062414348381 -0.002
    vertex -0.003128771261605365 -6.806198819816183e-05 -0.002
  endloop
endfacet
facet normal 0 -0 1
  outer loop
    vertex -0.001863972118823785 0.0006532850648109622 -0.002
    vertex -0.001860694090910368 0.001136538999007353 -0.002
    vertex -0.002280496920913279 0.0008976193844151634 -0.002
  endloop
endfacet
facet normal 0 0 1
  outer loop
    vertex -0.001863972118823785 0.0006532850648109622 -0.002
    vertex -0.001443931697186515 0.0008917527294598004 -0.002
    vertex -0.001860694090910368 0.001136538999007353 -0.002
  endloop
endfacet
facet normal 0 -0 1
  outer loop
    vertex -0.001447374193617064 0.0004088219919352606 -0.002
    vertex -0.001443931697186515 0.0008917527294598004 -0.002
    vertex -0.001863972118823785 0.0006532850648109622 -0.002
  endloop
endfacet
facet normal 0 0 1
  outer loop
    vertex -0.002280496920913279 0.0008976193844151634 -0.002
    vertex -0.002714499270266698 0.001149178563991874 -0.002
    vertex -0.002700494932780505 0.0006590450764110026 -0.002
  endloop
endfacet
facet normal 0 0 1
  outer loop
    vertex -0.001860694090910368 0.001136538999007353 -0.002
    vertex -0.002277686653732986 0.001380658146918258 -0.002
    vertex -0.002280496920913279 0.0008976193844151634 -0.002
  endloop
endfacet
facet normal 0 0 1
  outer loop
    vertex -0.002277686653732986 0.001380658146918258 -0.002
    vertex -0.002714499270266698 0.001149178563991874 -0.002
    vertex -0.002280496920913279 0.0008976193844151634 -0.002
  endloop
endfacet
facet normal 0 0 1
  outer loop
    vertex -0.002700494932780505 0.0006590450764110026 -0.002
    vertex -0.003120590446758741 0.0004206424379453957 -0.002
    vertex -0.002704773058297048 0.0001752062414348381 -0.002
  endloop
endfacet
facet normal 0 0 1
  outer loop
    vertex -0.002700494932780505 0.0006590450764110026 -0.002
    vertex -0.003117178173846691 0.0009036583644487001 -0.002
    vertex -0.003120590446758741 0.0004206424379453957 -0.002
  endloop
endfacet
facet normal 0 0 1
  outer loop
    vertex -0.002700494932780505 0.0006590450764110026 -0.002
    vertex -0.002714499270266698 0.001149178563991874 -0.002
    vertex -0.003117178173846691 0.0009036583644487001 -0.002
  endloop
endfacet
facet normal 0 0 1
  outer loop
    vertex -0.002296498693236172 -0.001515401191750592 -0.002
    vertex -0.002716287701057144 -0.001737848164115757 -0.002
    vertex -0.00233411714138639 -0.001977163621747763 -0.002
  endloop
endfacet
facet normal 0 0 1
  outer loop
    vertex -0.002290999129403623 -0.001034015268013464 -0.002
    vertex -0.002690586180849384 -0.001270744054120625 -0.002
    vertex -0.002296498693236172 -0.001515401191750592 -0.002
  endloop
endfacet
facet normal 0 0 1
  outer loop
    vertex -0.002690586180849384 -0.001270744054120625 -0.002
    vertex -0.002716287701057144 -0.001737848164115757 -0.002
    vertex -0.002296498693236172 -0.001515401191750592 -0.002
  endloop
endfacet
facet normal 0 0 1
  outer loop
    vertex 0.002290626171263433 -0.001767440123628409 -0.002
    vertex 0.00271263905998817 -0.001536280925018289 -0.002
    vertex 0.002303856367510192 -0.001305577807918394 -0.002
  endloop
endfacet
facet normal 0 0 1
  outer loop
    vertex 0.002303856367510192 -0.001305577807918394 -0.002
    vertex 0.00271453390852904 -0.001066464568028983 -0.002
    vertex 0.002307073026889303 -0.000824836474323149 -0.002
  endloop
endfacet
facet normal -0 0 1
  outer loop
    vertex 0.002303856367510192 -0.001305577807918394 -0.002
    vertex 0.00271263905998817 -0.001536280925018289 -0.002
    vertex 0.00271453390852904 -0.001066464568028983 -0.002
  endloop
endfacet
facet normal -0 0 1
  outer loop
    vertex 0.001878004555079615 -0.002022224743586662 -0.002
    vertex 0.002337337339868128 -0.002258270684779967 -0.002
    vertex 0.002290626171263433 -0.001767440123628409 -0.002
  endloop
endfacet
facet normal 0 -0 1
  outer loop
    vertex 0.002337337339868128 -0.002258270684779967 -0.002
    vertex 0.002661260574456442 -0.001911639132472049 -0.002
    vertex 0.002290626171263433 -0.001767440123628409 -0.002
  endloop
endfacet
facet normal -0 0 1
  outer loop
    vertex 0.002290626171263433 -0.001767440123628409 -0.002
    vertex 0.002661260574456442 -0.001911639132472049 -0.002
    vertex 0.00271263905998817 -0.001536280925018289 -0.002
  endloop
endfacet
facet normal 0 -0 1
  outer loop
    vertex -0.001860694090910368 0.001136538999007353 -0.002
    vertex -0.001855952323102583 0.001616234226370982 -0.002
    vertex -0.002277686653732986 0.001380658146918258 -0.002
  endloop
endfacet
facet normal 0 0 1
  outer loop
    vertex -0.001860694090910368 0.001136538999007353 -0.002
    vertex -0.001440284458458696 0.001374201873143704 -0.002
    vertex -0.001855952323102583 0.001616234226370982 -0.002
  endloop
endfacet
facet normal -0 0 1
  outer loop
    vertex -0.001860694090910368 0.001136538999007353 -0.002
    vertex -0.001443931697186515 0.0008917527294598004 -0.002
    vertex -0.001440284458458696 0.001374201873143704 -0.002
  endloop
endfacet
facet normal 0 0 1
  outer loop
    vertex -0.001855952323102583 0.001616234226370982 -0.002
    vertex -0.002263253511919785 0.001842766218593789 -0.002
    vertex -0.002277686653732986 0.001380658146918258 -0.002
  endloop
endfacet
facet normal 0 0 1
  outer loop
    vertex -0.002263253511919785 0.001842766218593789 -0.002
    vertex -0.002699657683575096 0.001624814653994428 -0.002
    vertex -0.002277686653732986 0.001380658146918258 -0.002
  endloop
endfacet
facet normal 0 0 1
  outer loop
    vertex -0.002699657683575096 0.001624814653994428 -0.002
    vertex -0.002714499270266698 0.001149178563991874 -0.002
    vertex -0.002277686653732986 0.001380658146918258 -0.002
  endloop
endfacet
facet normal 0 0 1
  outer loop
    vertex 0.0002394909710662837 0.00232906526566581 -0.002
    vertex -0.0001803692263320518 0.002090241467397001 -0.002
    vertex 0.0002360786880930741 0.001846049379794234 -0.002
  endloop
endfacet
facet normal -0 0 1
  outer loop
    vertex -0.0001838883422034379 0.001607414061565179 -0.002
    vertex 0.0002326739994248115 0.001363019135533879 -0.002
    vertex 0.0002360786880930741 0.001846049379794234 -0.002
  endloop
endfacet
facet normal 0 0 1
  outer loop
    vertex 0.0002360786880930741 0.001846049379794234 -0.002
    vertex -0.0001803692263320518 0.002090241467397001 -0.002
    vertex -0.0001838883422034379 0.001607414061565179 -0.002
  endloop
endfacet
facet normal 0 0 1
  outer loop
    vertex 0.0006595013170414612 0.002567618078874547 -0.002
    vertex 0.0002525996149230054 0.002795009406117724 -0.002
    vertex 0.0002394909710662837 0.00232906526566581 -0.002
  endloop
endfacet
facet normal 0 0 1
  outer loop
    vertex 0.0002525996149230054 0.002795009406117724 -0.002
    vertex -0.0001754913670126644 0.002570682993433465 -0.002
    vertex 0.0002394909710662837 0.00232906526566581 -0.002
  endloop
endfacet
facet normal 0 0 1
  outer loop
    vertex -0.0001754913670126644 0.002570682993433465 -0.002
    vertex -0.0001803692263320518 0.002090241467397001 -0.002
    vertex 0.0002394909710662837 0.00232906526566581 -0.002
  endloop
endfacet
facet normal 0 -0 1
  outer loop
    vertex 0.0006595013170414612 0.002567618078874547 -0.002
    vertex 0.000671511450748477 0.003065395481356152 -0.002
    vertex 0.0002525996149230054 0.002795009406117724 -0.002
  endloop
endfacet
facet normal 0 0 1
  outer loop
    vertex 0.0006595013170414612 0.002567618078874547 -0.002
    vertex 0.001146998146955167 0.002881054442658352 -0.002
    vertex 0.000671511450748477 0.003065395481356152 -0.002
  endloop
endfacet
facet normal -0 0 1
  outer loop
    vertex 0.0006595013170414612 0.002567618078874547 -0.002
    vertex 0.001087347034752101 0.002335635581749369 -0.002
    vertex 0.001146998146955167 0.002881054442658352 -0.002
  endloop
endfacet
facet normal -0 0 1
  outer loop
    vertex -0.001447374193617064 0.0004088219919352606 -0.002
    vertex -0.001030774590774108 0.0001643556697796995 -0.002
    vertex -0.001027355595486619 0.0006473586496610435 -0.002
  endloop
endfacet
facet normal 0 0 1
  outer loop
    vertex -0.001027355595486619 0.0006473586496610435 -0.002
    vertex -0.001443931697186515 0.0008917527294598004 -0.002
    vertex -0.001447374193617064 0.0004088219919352606 -0.002
  endloop
endfacet
facet normal 0 0 1
  outer loop
    vertex -0.001447374193617064 0.0004088219919352606 -0.002
    vertex -0.001450786180870405 -7.419449921916433e-05 -0.002
    vertex -0.001030774590774108 0.0001643556697796995 -0.002
  endloop
endfacet
facet normal 0 0 1
  outer loop
    vertex 0.0006356154375211783 -0.0008134934164407175 -0.002
    vertex 0.0006322031633309973 -0.001296509340479558 -0.002
    vertex 0.001052213362451372 -0.001057956492002603 -0.002
  endloop
endfacet
facet normal 0 -0 1
  outer loop
    vertex 0.001052213362451372 -0.001057956492002603 -0.002
    vertex 0.001055625637480885 -0.0005749405695922597 -0.002
    vertex 0.0006356154375211783 -0.0008134934164407175 -0.002
  endloop
endfacet
facet normal -0 0 1
  outer loop
    vertex 0.0006322031633309973 -0.001296509340479558 -0.002
    vertex 0.001048801089537504 -0.001540972418484394 -0.002
    vertex 0.001052213362451372 -0.001057956492002603 -0.002
  endloop
endfacet
facet normal 0 0 1
  outer loop
    vertex -0.001940282586616059 -0.002309762147624449 -0.002
    vertex -0.001782526178516054 -0.002710648217813935 -0.002
    vertex -0.00145663865595717 -0.00247881247595102 -0.002
  endloop
endfacet
facet normal 0 0 1
  outer loop
    vertex -0.00145663865595717 -0.00247881247595102 -0.002
    vertex -0.001435337343028828 -0.002909405519730334 -0.002
    vertex -0.001036966189628092 -0.00270486120084968 -0.002
  endloop
endfacet
facet normal -0 0 1
  outer loop
    vertex -0.001782526178516054 -0.002710648217813935 -0.002
    vertex -0.001435337343028828 -0.002909405519730334 -0.002
    vertex -0.00145663865595717 -0.00247881247595102 -0.002
  endloop
endfacet
facet normal 0 0 1
  outer loop
    vertex -0.00315283601887734 -0.0006054645711402826 -0.002
    vertex -0.003021703204287029 -0.001029176250053616 -0.002
    vertex -0.002692629722720147 -0.0007899809780870638 -0.002
  endloop
endfacet
facet normal 0 0 1
  outer loop
    vertex -0.002692629722720147 -0.0007899809780870638 -0.002
    vertex -0.002690586180849384 -0.001270744054120625 -0.002
    vertex -0.002290999129403623 -0.001034015268013464 -0.002
  endloop
endfacet
facet normal 0 0 1
  outer loop
    vertex -0.002692629722720147 -0.0007899809780870638 -0.002
    vertex -0.003021703204287029 -0.001029176250053616 -0.002
    vertex -0.002690586180849384 -0.001270744054120625 -0.002
  endloop
endfacet
facet normal 0 -0 1
  outer loop
    vertex 0.002319917944797435 0.001106767937566755 -0.002
    vertex 0.002775352872780997 0.001403148228722181 -0.002
    vertex 0.002310516047764694 0.001589874389952784 -0.002
  endloop
endfacet
facet normal 0 0 1
  outer loop
    vertex 0.002775352872780997 0.001403148228722181 -0.002
    vertex 0.002653641227375724 0.001828970393509146 -0.002
    vertex 0.002310516047764694 0.001589874389952784 -0.002
  endloop
endfacet
facet normal 0 0 1
  outer loop
    vertex 0.002310516047764694 0.001589874389952784 -0.002
    vertex 0.002653641227375724 0.001828970393509146 -0.002
    vertex 0.002329305324591014 0.00207278168539825 -0.002
  endloop
endfacet
facet normal -0 0 1
  outer loop
    vertex 0.002319917944797435 0.001106767937566755 -0.002
    vertex 0.002727834532722398 0.0008692802008109915 -0.002
    vertex 0.002775352872780997 0.001403148228722181 -0.002
  endloop
endfacet
facet normal 0 0 1
  outer loop
    vertex 0.002319917944797435 0.001106767937566755 -0.002
    vertex 0.002316696148484747 0.0006249030004643081 -0.002
    vertex 0.002727834532722398 0.0008692802008109915 -0.002
  endloop
endfacet
facet normal -0 0 1
  outer loop
    vertex 0.001902043440693831 0.0008682000014102934 -0.002
    vertex 0.002316696148484747 0.0006249030004643081 -0.002
    vertex 0.002319917944797435 0.001106767937566755 -0.002
  endloop
endfacet
facet normal 0 0 1
  outer loop
    vertex 0.0002525996149230054 0.002795009406117724 -0.002
    vertex -0.000119287029281998 0.003123721714870938 -0.002
    vertex -0.0001754913670126644 0.002570682993433465 -0.002
  endloop
endfacet
facet normal 0 0 1
  outer loop
    vertex 0.000671511450748477 0.003065395481356152 -0.002
    vertex 0.0003044930676906808 0.003192666563151028 -0.002
    vertex 0.0002525996149230054 0.002795009406117724 -0.002
  endloop
endfacet
facet normal 0 -0 1
  outer loop
    vertex 0.0002525996149230054 0.002795009406117724 -0.002
    vertex 0.0003044930676906808 0.003192666563151028 -0.002
    vertex -0.000119287029281998 0.003123721714870938 -0.002
  endloop
endfacet
facet normal 0 0 1
  outer loop
    vertex -0.000119287029281998 0.003123721714870938 -0.002
    vertex -0.0005937047055446779 0.002817991380286027 -0.002
    vertex -0.0001754913670126644 0.002570682993433465 -0.002
  endloop
endfacet
facet normal 0 0 1
  outer loop
    vertex -0.0005937047055446779 0.002817991380286027 -0.002
    vertex -0.0005955645848503531 0.002332148183635996 -0.002
    vertex -0.0001754913670126644 0.002570682993433465 -0.002
  endloop
endfacet
facet normal -0 0 1
  outer loop
    vertex -0.0005955645848503531 0.002332148183635996 -0.002
    vertex -0.0001803692263320518 0.002090241467397001 -0.002
    vertex -0.0001754913670126644 0.002570682993433465 -0.002
  endloop
endfacet
facet normal 0 0 1
  outer loop
    vertex 0.001146998146955167 0.002881054442658352 -0.002
    vertex 0.001053577270607999 0.003401698152866355 -0.002
    vertex 0.000671511450748477 0.003065395481356152 -0.002
  endloop
endfacet
facet normal 0 0 1
  outer loop
    vertex 0.001053577270607999 0.003401698152866355 -0.002
    vertex 0.0006092312667680694 0.003513732241012332 -0.002
    vertex 0.000671511450748477 0.003065395481356152 -0.002
  endloop
endfacet
facet normal 0 0 1
  outer loop
    vertex 0.0006092312667680694 0.003513732241012332 -0.002
    vertex 0.0003044930676906808 0.003192666563151028 -0.002
    vertex 0.000671511450748477 0.003065395481356152 -0.002
  endloop
endfacet
facet normal 0 0 1
  outer loop
    vertex -0.000119287029281998 0.003123721714870938 -0.002
    vertex -0.0005989404390805931 0.003283559466780049 -0.002
    vertex -0.0005937047055446779 0.002817991380286027 -0.002
  endloop
endfacet
facet normal 0 0 1
  outer loop
    vertex -0.000119287029281998 0.003123721714870938 -0.002
    vertex -0.0002807085641843631 0.003600618663219656 -0.002
    vertex -0.0005989404390805931 0.003283559466780049 -0.002
  endloop
endfacet
facet normal 0 0 1
  outer loop
    vertex 0.001992932519687563 0.002386412244229771 -0.002
    vertex 0.001838687761812224 0.002773558250204333 -0.002
    vertex 0.001496109471925598 0.002561707841939539 -0.002
  endloop
endfacet
facet normal 0 -0 1
  outer loop
    vertex 0.001992932519687563 0.002386412244229771 -0.002
    vertex 0.002216006924059204 0.002850455267816549 -0.002
    vertex 0.001838687761812224 0.002773558250204333 -0.002
  endloop
endfacet
facet normal 0 0 1
  outer loop
    vertex 0.001838687761812224 0.002773558250204333 -0.002
    vertex 0.001573202118524408 0.002914422909090822 -0.002
    vertex 0.001496109471925598 0.002561707841939539 -0.002
  endloop
endfacet
facet normal 0 0 1
  outer loop
    vertex 0.001146998146955167 0.002881054442658352 -0.002
    vertex 0.001087347034752101 0.002335635581749369 -0.002
    vertex 0.001496109471925598 0.002561707841939539 -0.002
  endloop
endfacet
facet normal 0 -0 1
  outer loop
    vertex 0.001496109471925598 0.002561707841939539 -0.002
    vertex 0.001573202118524408 0.002914422909090822 -0.002
    vertex 0.001146998146955167 0.002881054442658352 -0.002
  endloop
endfacet
facet normal 0 0 1
  outer loop
    vertex -0.003128771261605365 -6.806198819816183e-05 -0.002
    vertex -0.003564179328452835 -0.0002743994007506028 -0.002
    vertex -0.00315283601887734 -0.0006054645711402826 -0.002
  endloop
endfacet
facet normal 0 0 1
  outer loop
    vertex -0.003564179328452835 -0.0002743994007506028 -0.002
    vertex -0.003587649114560328 -0.0006860941117202598 -0.002
    vertex -0.00315283601887734 -0.0006054645711402826 -0.002
  endloop
endfacet
facet normal 0 0 1
  outer loop
    vertex 0.002727834532722398 0.0008692802008109915 -0.002
    vertex 0.003055901487376521 0.001088561795355193 -0.002
    vertex 0.002775352872780997 0.001403148228722181 -0.002
  endloop
endfacet
facet normal -0 0 1
  outer loop
    vertex 0.002775352872780997 0.001403148228722181 -0.002
    vertex 0.003055901487376521 0.001088561795355193 -0.002
    vertex 0.003267376347881976 0.001444323215007373 -0.002
  endloop
endfacet
facet normal -0 0 1
  outer loop
    vertex 0.002316696148484747 0.0006249030004643081 -0.002
    vertex 0.002727994291664513 0.0003806694187467306 -0.002
    vertex 0.002727834532722398 0.0008692802008109915 -0.002
  endloop
endfacet
facet normal 0 -0 1
  outer loop
    vertex 0.002727994291664513 0.0003806694187467306 -0.002
    vertex 0.003162027069557819 0.0006228700864281154 -0.002
    vertex 0.002727834532722398 0.0008692802008109915 -0.002
  endloop
endfacet
facet normal 0 0 1
  outer loop
    vertex 0.003162027069557819 0.0006228700864281154 -0.002
    vertex 0.003055901487376521 0.001088561795355193 -0.002
    vertex 0.002727834532722398 0.0008692802008109915 -0.002
  endloop
endfacet
facet normal 0 0 1
  outer loop
    vertex 0.002216006924059204 0.002850455267816549 -0.002
    vertex 0.001852186297920141 0.003136439548306526 -0.002
    vertex 0.001838687761812224 0.002773558250204333 -0.002
  endloop
endfacet
facet normal 0 0 1
  outer loop
    vertex 0.001852186297920141 0.003136439548306526 -0.002
    vertex 0.001573202118524408 0.002914422909090822 -0.002
    vertex 0.001838687761812224 0.002773558250204333 -0.002
  endloop
endfacet
facet normal 0 0 1
  outer loop
    vertex -0.00233411714138639 -0.001977163621747763 -0.002
    vertex -0.002443553925201617 -0.002442973697292102 -0.002
    vertex -0.001940282586616059 -0.002309762147624449 -0.002
  endloop
endfacet
facet normal 0 0 1
  outer loop
    vertex -0.002704773058297048 0.0001752062414348381 -0.002
    vertex -0.003120590446758741 0.0004206424379453957 -0.002
    vertex -0.003128771261605365 -6.806198819816183e-05 -0.002
  endloop
endfacet
facet normal 0 0 1
  outer loop
    vertex -0.001844353919539761 0.002084181804893592 -0.002
    vertex -0.002263253511919785 0.001842766218593789 -0.002
    vertex -0.001855952323102583 0.001616234226370982 -0.002
  endloop
endfacet
facet normal 0 0 1
  outer loop
    vertex -0.001844353919539761 0.002084181804893592 -0.002
    vertex -0.002242104787782206 0.002312712828319233 -0.002
    vertex -0.002263253511919785 0.001842766218593789 -0.002
  endloop
endfacet
facet normal 0 0 1
  outer loop
    vertex -0.0005989404390805931 0.003283559466780049 -0.002
    vertex -0.001012030801210764 0.003041489852973586 -0.002
    vertex -0.0005937047055446779 0.002817991380286027 -0.002
  endloop
endfacet
facet normal 0 0 1
  outer loop
    vertex -0.0002807085641843631 0.003600618663219656 -0.002
    vertex -0.0006671344922915512 0.00364408580663111 -0.002
    vertex -0.0005989404390805931 0.003283559466780049 -0.002
  endloop
endfacet
facet normal 0 0 1
  outer loop
    vertex -0.002263253511919785 0.001842766218593789 -0.002
    vertex -0.002637426733701966 0.002072276715945017 -0.002
    vertex -0.002699657683575096 0.001624814653994428 -0.002
  endloop
endfacet
facet normal 0 -0 1
  outer loop
    vertex -0.002263253511919785 0.001842766218593789 -0.002
    vertex -0.002242104787782206 0.002312712828319233 -0.002
    vertex -0.002637426733701966 0.002072276715945017 -0.002
  endloop
endfacet
facet normal 0 0 1
  outer loop
    vertex -0.002637426733701966 0.002072276715945017 -0.002
    vertex -0.003055121884779449 0.001927907907091124 -0.002
    vertex -0.002699657683575096 0.001624814653994428 -0.002
  endloop
endfacet
facet normal 0 0 1
  outer loop
    vertex -0.0006141781102674094 -8.010462736934581e-05 -0.002
    vertex -0.00103418849672186 -0.0003186571146359959 -0.002
    vertex -0.0006175905756110046 -0.0005631201828680556 -0.002
  endloop
endfacet
facet normal 0 0 1
  outer loop
    vertex -0.0006141781102674094 -8.010462736934581e-05 -0.002
    vertex -0.001030774590774108 0.0001643556697796995 -0.002
    vertex -0.00103418849672186 -0.0003186571146359959 -0.002
  endloop
endfacet
facet normal 0 0 1
  outer loop
    vertex -0.00103418849672186 -0.0003186571146359959 -0.002
    vertex -0.001037600800731385 -0.0008016729811892479 -0.002
    vertex -0.0006175905756110046 -0.0005631201828680556 -0.002
  endloop
endfacet
facet normal 0 0 1
  outer loop
    vertex -0.001030774590774108 0.0001643556697796995 -0.002
    vertex -0.001450786180870405 -7.419449921916433e-05 -0.002
    vertex -0.00103418849672186 -0.0003186571146359959 -0.002
  endloop
endfacet
facet normal 0 0 1
  outer loop
    vertex 0.0006356154375211783 -0.0008134934164407175 -0.002
    vertex 0.001055625637480885 -0.0005749405695922597 -0.002
    vertex 0.0006390277208333134 -0.0003304775100312528 -0.002
  endloop
endfacet
facet normal 0 0 1
  outer loop
    vertex 0.001902043440693831 0.0008682000014102934 -0.002
    vertex 0.001485789600917095 0.001112660644318816 -0.002
    vertex 0.001482389195438859 0.0006296446292600577 -0.002
  endloop
endfacet
facet normal 0 0 1
  outer loop
    vertex 0.001045388816566731 -0.002023988344845408 -0.002
    vertex 0.00103888310784321 -0.002501557785978196 -0.002
    vertex 0.001460190549725818 -0.002265288939575215 -0.002
  endloop
endfacet
facet normal 0 0 1
  outer loop
    vertex 0.001045388816566731 -0.002023988344845408 -0.002
    vertex 0.0006248630447122118 -0.002261633445567686 -0.002
    vertex 0.00103888310784321 -0.002501557785978196 -0.002
  endloop
endfacet
facet normal -0 0 1
  outer loop
    vertex 0.00103888310784321 -0.002501557785978196 -0.002
    vertex 0.001458574470002425 -0.002751467349598368 -0.002
    vertex 0.001460190549725818 -0.002265288939575215 -0.002
  endloop
endfacet
facet normal 0 0 1
  outer loop
    vertex 0.001458574470002425 -0.002751467349598368 -0.002
    vertex 0.001867807510182054 -0.002493939600189577 -0.002
    vertex 0.001460190549725818 -0.002265288939575215 -0.002
  endloop
endfacet
facet normal -0 0 1
  outer loop
    vertex 0.001460190549725818 -0.002265288939575215 -0.002
    vertex 0.001867807510182054 -0.002493939600189577 -0.002
    vertex 0.001878004555079615 -0.002022224743586662 -0.002
  endloop
endfacet
facet normal 0 0 1
  outer loop
    vertex 0.00103888310784321 -0.002501557785978196 -0.002
    vertex 0.001042520567235881 -0.002993700621091896 -0.002
    vertex 0.001458574470002425 -0.002751467349598368 -0.002
  endloop
endfacet
facet normal 0 0 1
  outer loop
    vertex 0.0006248630447122118 -0.002261633445567686 -0.002
    vertex 0.0006184887096385039 -0.002739434190891813 -0.002
    vertex 0.00103888310784321 -0.002501557785978196 -0.002
  endloop
endfacet
facet normal -0 0 1
  outer loop
    vertex 0.0006184887096385039 -0.002739434190891813 -0.002
    vertex 0.001042520567235881 -0.002993700621091896 -0.002
    vertex 0.00103888310784321 -0.002501557785978196 -0.002
  endloop
endfacet
facet normal -0 0 1
  outer loop
    vertex 0.001458574470002425 -0.002751467349598368 -0.002
    vertex 0.001836606033468493 -0.003019575547585774 -0.002
    vertex 0.001867807510182054 -0.002493939600189577 -0.002
  endloop
endfacet
facet normal -0 0 1
  outer loop
    vertex 0.001042520567235881 -0.002993700621091896 -0.002
    vertex 0.001475088189792053 -0.003292473583253721 -0.002
    vertex 0.001458574470002425 -0.002751467349598368 -0.002
  endloop
endfacet
facet normal 0 -0 1
  outer loop
    vertex 0.001475088189792053 -0.003292473583253721 -0.002
    vertex 0.001836606033468493 -0.003019575547585774 -0.002
    vertex 0.001458574470002425 -0.002751467349598368 -0.002
  endloop
endfacet
facet normal -0 0 1
  outer loop
    vertex 0.0001977977612704955 -0.002966272397035609 -0.002
    vertex 0.0006225585528993247 -0.00320540189083733 -0.002
    vertex 0.0006184887096385039 -0.002739434190891813 -0.002
  endloop
endfacet
facet normal 0 -0 1
  outer loop
    vertex 0.0006225585528993247 -0.00320540189083733 -0.002
    vertex 0.001042520567235881 -0.002993700621091896 -0.002
    vertex 0.0006184887096385039 -0.002739434190891813 -0.002
  endloop
endfacet
facet normal 0 0 1
  outer loop
    vertex -0.0002218632437639849 -0.002725179677880925 -0.002
    vertex -0.0002572244457552366 -0.003153697116790697 -0.002
    vertex 0.0001977977612704955 -0.002966272397035609 -0.002
  endloop
endfacet
facet normal 0 0 1
  outer loop
    vertex 0.0001977977612704955 -0.002966272397035609 -0.002
    vertex 0.0002112788543658285 -0.003500919013098274 -0.002
    vertex 0.0006225585528993247 -0.00320540189083733 -0.002
  endloop
endfacet
facet normal 0 0 1
  outer loop
    vertex 0.0001977977612704955 -0.002966272397035609 -0.002
    vertex -0.0002572244457552366 -0.003153697116790697 -0.002
    vertex 0.0002112788543658285 -0.003500919013098274 -0.002
  endloop
endfacet
facet normal -0 0 1
  outer loop
    vertex -0.0006410885780162444 -0.002953323211725855 -0.002
    vertex -0.0002572244457552366 -0.003153697116790697 -0.002
    vertex -0.0002218632437639849 -0.002725179677880925 -0.002
  endloop
endfacet
facet normal 0 0 1
  outer loop
    vertex -0.001036966189628092 -0.00270486120084968 -0.002
    vertex -0.001049936378026234 -0.003139897892136731 -0.002
    vertex -0.0006410885780162444 -0.002953323211725855 -0.002
  endloop
endfacet
facet normal -0 0 1
  outer loop
    vertex -0.001049936378026234 -0.003139897892136731 -0.002
    vertex -0.0006744317315658988 -0.003461927340146304 -0.002
    vertex -0.0006410885780162444 -0.002953323211725855 -0.002
  endloop
endfacet
facet normal 0 0 1
  outer loop
    vertex -0.0006744317315658988 -0.003461927340146304 -0.002
    vertex -0.0002572244457552366 -0.003153697116790697 -0.002
    vertex -0.0006410885780162444 -0.002953323211725855 -0.002
  endloop
endfacet
facet normal 0 0 1
  outer loop
    vertex 0.002316696148484747 0.0006249030004643081 -0.002
    vertex 0.00231398215035264 0.0001411459262949535 -0.002
    vertex 0.002727994291664513 0.0003806694187467306 -0.002
  endloop
endfacet
facet normal -0 0 1
  outer loop
    vertex 0.002727994291664513 0.0003806694187467306 -0.002
    vertex 0.003138603193772838 0.0001124833347834016 -0.002
    vertex 0.003162027069557819 0.0006228700864281154 -0.002
  endloop
endfacet
facet normal -0 0 1
  outer loop
    vertex 0.00231398215035264 0.0001411459262949535 -0.002
    vertex 0.002724133223469389 -0.000103394309920522 -0.002
    vertex 0.002727994291664513 0.0003806694187467306 -0.002
  endloop
endfacet
facet normal 0 0 1
  outer loop
    vertex 0.002724133223469389 -0.000103394309920522 -0.002
    vertex 0.003138603193772838 0.0001124833347834016 -0.002
    vertex 0.002727994291664513 0.0003806694187467306 -0.002
  endloop
endfacet
facet normal 0 0 1
  outer loop
    vertex 0.002719852970578671 -0.0005866486200693065 -0.002
    vertex 0.003134487892566828 -0.0003748778391288024 -0.002
    vertex 0.002724133223469389 -0.000103394309920522 -0.002
  endloop
endfacet
facet normal 0 -0 1
  outer loop
    vertex 0.003134487892566828 -0.0003748778391288024 -0.002
    vertex 0.003138603193772838 0.0001124833347834016 -0.002
    vertex 0.002724133223469389 -0.000103394309920522 -0.002
  endloop
endfacet
facet normal -0 0 1
  outer loop
    vertex 0.002307073026889303 -0.000824836474323149 -0.002
    vertex 0.00271453390852904 -0.001066464568028983 -0.002
    vertex 0.002719852970578671 -0.0005866486200693065 -0.002
  endloop
endfacet
facet normal 0 0 1
  outer loop
    vertex 0.00271453390852904 -0.001066464568028983 -0.002
    vertex 0.003106590331977997 -0.0008309496509488047 -0.002
    vertex 0.002719852970578671 -0.0005866486200693065 -0.002
  endloop
endfacet
facet normal -0 0 1
  outer loop
    vertex 0.002719852970578671 -0.0005866486200693065 -0.002
    vertex 0.003106590331977997 -0.0008309496509488047 -0.002
    vertex 0.003134487892566828 -0.0003748778391288024 -0.002
  endloop
endfacet
facet normal 0 0 1
  outer loop
    vertex -0.003117178173846691 0.0009036583644487001 -0.002
    vertex -0.003517098171531787 0.0006731983195017521 -0.002
    vertex -0.003120590446758741 0.0004206424379453957 -0.002
  endloop
endfacet
facet normal 0 0 1
  outer loop
    vertex -0.003117178173846691 0.0009036583644487001 -0.002
    vertex -0.00348950054898517 0.001087372347426538 -0.002
    vertex -0.003517098171531787 0.0006731983195017521 -0.002
  endloop
endfacet
facet normal -0 0 1
  outer loop
    vertex 0.002329305324591014 0.00207278168539825 -0.002
    vertex 0.002653641227375724 0.001828970393509146 -0.002
    vertex 0.002806408979060464 0.00219815334429218 -0.002
  endloop
endfacet
facet normal 0 0 1
  outer loop
    vertex 0.00271263905998817 -0.001536280925018289 -0.002
    vertex 0.003084425917284079 -0.001306904350048327 -0.002
    vertex 0.00271453390852904 -0.001066464568028983 -0.002
  endloop
endfacet
facet normal 0 -0 1
  outer loop
    vertex 0.003084425917284079 -0.001306904350048327 -0.002
    vertex 0.003106590331977997 -0.0008309496509488047 -0.002
    vertex 0.00271453390852904 -0.001066464568028983 -0.002
  endloop
endfacet
facet normal 0 0 1
  outer loop
    vertex -0.002690586180849384 -0.001270744054120625 -0.002
    vertex -0.003174570113589703 -0.001468705997497093 -0.002
    vertex -0.002716287701057144 -0.001737848164115757 -0.002
  endloop
endfacet
facet normal 0 0 1
  outer loop
    vertex -0.002690586180849384 -0.001270744054120625 -0.002
    vertex -0.003021703204287029 -0.001029176250053616 -0.002
    vertex -0.003174570113589703 -0.001468705997497093 -0.002
  endloop
endfacet
facet normal 0 0 1
  outer loop
    vertex -0.001036966189628092 -0.00270486120084968 -0.002
    vertex -0.001435337343028828 -0.002909405519730334 -0.002
    vertex -0.001049936378026234 -0.003139897892136731 -0.002
  endloop
endfacet
facet normal 0 0 1
  outer loop
    vertex 0.001878004555079615 -0.002022224743586662 -0.002
    vertex 0.001867807510182054 -0.002493939600189577 -0.002
    vertex 0.002337337339868128 -0.002258270684779967 -0.002
  endloop
endfacet
facet normal -0 0 1
  outer loop
    vertex 0.002337337339868128 -0.002258270684779967 -0.002
    vertex 0.002607179081586566 -0.002589237065849418 -0.002
    vertex 0.002825599583378854 -0.002247644389722751 -0.002
  endloop
endfacet
facet normal 0 0 1
  outer loop
    vertex 0.002825599583378854 -0.002247644389722751 -0.002
    vertex 0.002661260574456442 -0.001911639132472049 -0.002
    vertex 0.002337337339868128 -0.002258270684779967 -0.002
  endloop
endfacet
facet normal -0 0 1
  outer loop
    vertex 0.0002112788543658285 -0.003500919013098274 -0.002
    vertex 0.0006602365020318746 -0.003603509720181088 -0.002
    vertex 0.0006225585528993247 -0.00320540189083733 -0.002
  endloop
endfacet
facet normal 0 0 1
  outer loop
    vertex 0.003134487892566828 -0.0003748778391288024 -0.002
    vertex 0.003555017994283535 -0.0001916846415905057 -0.002
    vertex 0.003138603193772838 0.0001124833347834016 -0.002
  endloop
endfacet
facet normal 0 0 1
  outer loop
    vertex -0.003174570113589703 -0.001468705997497093 -0.002
    vertex -0.003105732964757159 -0.001901309323258123 -0.002
    vertex -0.002716287701057144 -0.001737848164115757 -0.002
  endloop
endfacet
facet normal 0 0 1
  outer loop
    vertex 0.003084425917284079 -0.001306904350048327 -0.002
    vertex 0.003456722936695215 -0.001115399432428586 -0.002
    vertex 0.003106590331977997 -0.0008309496509488047 -0.002
  endloop
endfacet
facet normal -0 0 1
  outer loop
    vertex 0.003084425917284079 -0.001306904350048327 -0.002
    vertex 0.003399585090546171 -0.001522614857511806 -0.002
    vertex 0.003456722936695215 -0.001115399432428586 -0.002
  endloop
endfacet
facet normal 0 0 1
  outer loop
    vertex -0.002637426733701966 0.002072276715945017 -0.002
    vertex -0.002920333023130354 0.002290441134112974 -0.002
    vertex -0.003055121884779449 0.001927907907091124 -0.002
  endloop
endfacet
facet normal 0 0 1
  outer loop
    vertex -0.001049936378026234 -0.003139897892136731 -0.002
    vertex -0.001108251744073476 -0.003519849129499546 -0.002
    vertex -0.0006744317315658988 -0.003461927340146304 -0.002
  endloop
endfacet
facet normal 0 0 1
  outer loop
    vertex -0.001835542701274505 -0.003092395028676738 -0.002
    vertex -0.001435337343028828 -0.002909405519730334 -0.002
    vertex -0.001782526178516054 -0.002710648217813935 -0.002
  endloop
endfacet
facet normal 0.998078 0.0603726 -0.0139852
  outer loop
    vertex 0.004 0 -0.002
    vertex 0.003970835496392216 0.0004821467210212913 -0.002
    vertex 0.003983173499210083 0.0003665090383476277 -0.001618671236213067
  endloop
endfacet
facet normal 0.998948 0.0458619 0
  outer loop
    vertex 0.004 0 -0.0015
    vertex 0.004 0 -0.002
    vertex 0.003983173499210083 0.0003665090383476277 -0.001618671236213067
  endloop
endfacet
facet normal 0.0603726 0.998078 -0.0139533
  outer loop
    vertex 0.0004821467210212943 0.003970835496392216 -0.002
    vertex 0 0.004 -0.002
    vertex 0.0003672091314047205 0.003983109018569915 -0.001619383228603029
  endloop
endfacet
facet normal 0.0459497 0.998944 -0
  outer loop
    vertex 0 0.004 -0.002
    vertex 0 0.004 -0.0015
    vertex 0.0003672091314047205 0.003983109018569915 -0.001619383228603029
  endloop
endfacet
facet normal 0.998832 0.0483176 0
  outer loop
    vertex 0.004 0 0
    vertex 0.004 0 -0.0005
    vertex 0.003981323304174039 0.0003860890410782355 -0.0004094422375247012
  endloop
endfacet
facet normal 0.998111 0.0603746 0.0114022
  outer loop
    vertex 0.003970835496392216 0.0004821467210212913 0
    vertex 0.004 0 0
    vertex 0.003981323304174039 0.0003860890410782355 -0.0004094422375247012
  endloop
endfacet
facet normal 0.048318 0.998832 -0
  outer loop
    vertex 0 0.004 -0.0005
    vertex 0 0.004 0
    vertex 0.0003860924178273928 0.003981322976712163 -0.0004094324249538533
  endloop
endfacet
facet normal 0.0603746 0.998111 0.0114022
  outer loop
    vertex 0 0.004 0
    vertex 0.0004821467210212943 0.003970835496392216 0
    vertex 0.0003860924178273928 0.003981322976712163 -0.0004094324249538533
  endloop
endfacet
facet normal 0.983521 0.180237 -0.014188
  outer loop
    vertex 0.003970835496392216 0.0004821467210212913 -0.002
    vertex 0.003883767269704208 0.0009572626571502298 -0.002
    vertex 0.003927042678232748 0.0007604839270744422 -0.001499895771988146
  endloop
endfacet
facet normal 0.990365 0.138132 0.00984498
  outer loop
    vertex 0.003970835496392216 0.0004821467210212913 -0.002
    vertex 0.003927042678232748 0.0007604839270744422 -0.001499895771988146
    vertex 0.003983173499210083 0.0003665090383476277 -0.001618671236213067
  endloop
endfacet
facet normal 0.954576 0.297458 -0.0174457
  outer loop
    vertex 0.003883767269704208 0.0009572626571502298 -0.002
    vertex 0.003740064970741659 0.001418419548170142 -0.002
    vertex 0.003818883466034183 0.001190012215420811 -0.001581749161377651
  endloop
endfacet
facet normal 0.969048 0.24652 0.0131453
  outer loop
    vertex 0.003883767269704208 0.0009572626571502298 -0.002
    vertex 0.003818883466034183 0.001190012215420811 -0.001581749161377651
    vertex 0.003927042678232748 0.0007604839270744422 -0.001499895771988146
  endloop
endfacet
facet normal 0.911728 0.410336 -0.0193904
  outer loop
    vertex 0.003740064970741659 0.001418419548170142 -0.002
    vertex 0.00354182410261284 0.001858892688175074 -0.002
    vertex 0.003647599383968361 0.001641651221811026 -0.001623709895168071
  endloop
endfacet
facet normal 0.934292 0.356036 0.0183667
  outer loop
    vertex 0.003818883466034183 0.001190012215420811 -0.001581749161377651
    vertex 0.003740064970741659 0.001418419548170142 -0.002
    vertex 0.003647599383968361 0.001641651221811026 -0.001623709895168071
  endloop
endfacet
facet normal 0.855651 0.517259 -0.0174457
  outer loop
    vertex 0.00354182410261284 0.001858892688175074 -0.002
    vertex 0.003291935463574626 0.002272258986924622 -0.002
    vertex 0.00342312508920579 0.002069351256710627 -0.001581749161377652
  endloop
endfacet
facet normal 0.886047 0.463231 0.0183667
  outer loop
    vertex 0.00354182410261284 0.001858892688175074 -0.002
    vertex 0.00342312508920579 0.002069351256710627 -0.001581749161377652
    vertex 0.003647599383968361 0.001641651221811026 -0.001623709895168071
  endloop
endfacet
facet normal 0.786995 0.616571 -0.0218862
  outer loop
    vertex 0.003291935463574626 0.002272258986924622 -0.002
    vertex 0.002994042992684405 0.00265249063296318 -0.002
    vertex 0.003148733922436201 0.002466875490514172 -0.001666637760364219
  endloop
endfacet
facet normal 0.820886 0.570762 0.0194152
  outer loop
    vertex 0.00342312508920579 0.002069351256710627 -0.001581749161377652
    vertex 0.003291935463574626 0.002272258986924622 -0.002
    vertex 0.003148733922436201 0.002466875490514172 -0.001666637760364219
  endloop
endfacet
facet normal 0.706999 0.706999 -0.0174457
  outer loop
    vertex 0.002994042992684405 0.00265249063296318 -0.002
    vertex 0.002652490632963182 0.002994042992684403 -0.002
    vertex 0.002828427124746192 0.002828427124746189 -0.001581749161377577
  endloop
endfacet
facet normal 0.750628 0.66044 0.0194152
  outer loop
    vertex 0.002994042992684405 0.00265249063296318 -0.002
    vertex 0.002828427124746192 0.002828427124746189 -0.001581749161377577
    vertex 0.003148733922436201 0.002466875490514172 -0.001666637760364219
  endloop
endfacet
facet normal 0.616571 0.786995 -0.0218852
  outer loop
    vertex 0.002652490632963182 0.002994042992684403 -0.002
    vertex 0.002272258986924624 0.003291935463574625 -0.002
    vertex 0.002466875490514172 0.003148733922436201 -0.001666622352939931
  endloop
endfacet
facet normal 0.66044 0.750627 0.0194148
  outer loop
    vertex 0.002828427124746192 0.002828427124746189 -0.001581749161377577
    vertex 0.002652490632963182 0.002994042992684403 -0.002
    vertex 0.002466875490514172 0.003148733922436201 -0.001666622352939931
  endloop
endfacet
facet normal 0.517276 0.855679 -0.0154728
  outer loop
    vertex 0.002272258986924624 0.003291935463574625 -0.002
    vertex 0.001858892688175073 0.00354182410261284 -0.002
    vertex 0.002094810188812378 0.003407604770634037 -0.001535586405824972
  endloop
endfacet
facet normal 0.574815 0.81813 0.0158647
  outer loop
    vertex 0.002272258986924624 0.003291935463574625 -0.002
    vertex 0.002094810188812378 0.003407604770634037 -0.001535586405824972
    vertex 0.002466875490514172 0.003148733922436201 -0.001666622352939931
  endloop
endfacet
facet normal 0.41035 0.911761 -0.0174457
  outer loop
    vertex 0.001858892688175073 0.00354182410261284 -0.002
    vertex 0.001418419548170144 0.003740064970741659 -0.002
    vertex 0.001641651221809991 0.003647599383968827 -0.00158174916137703
  endloop
endfacet
facet normal 0.466456 0.884348 0.0186287
  outer loop
    vertex 0.002094810188812378 0.003407604770634037 -0.001535586405824972
    vertex 0.001858892688175073 0.00354182410261284 -0.002
    vertex 0.001641651221809991 0.003647599383968827 -0.00158174916137703
  endloop
endfacet
facet normal 0.297458 0.954576 -0.0174457
  outer loop
    vertex 0.001418419548170144 0.003740064970741659 -0.002
    vertex 0.000957262657150231 0.003883767269704208 -0.002
    vertex 0.001190012215420814 0.003818883466034182 -0.001581749161377653
  endloop
endfacet
facet normal 0.354551 0.934874 0.0174457
  outer loop
    vertex 0.001418419548170144 0.003740064970741659 -0.002
    vertex 0.001190012215420814 0.003818883466034182 -0.001581749161377653
    vertex 0.001641651221809991 0.003647599383968827 -0.00158174916137703
  endloop
endfacet
facet normal 0.180237 0.98352 -0.0142336
  outer loop
    vertex 0.000957262657150231 0.003883767269704208 -0.002
    vertex 0.0004821467210212943 0.003970835496392216 -0.002
    vertex 0.0007597802491075321 0.003927178882234179 -0.001500998578074003
  endloop
endfacet
facet normal 0.24641 0.969076 0.0132112
  outer loop
    vertex 0.001190012215420814 0.003818883466034182 -0.001581749161377653
    vertex 0.000957262657150231 0.003883767269704208 -0.002
    vertex 0.0007597802491075321 0.003927178882234179 -0.001500998578074003
  endloop
endfacet
facet normal 0.138148 0.990363 0.00978204
  outer loop
    vertex 0.0007597802491075321 0.003927178882234179 -0.001500998578074003
    vertex 0.0004821467210212943 0.003970835496392216 -0.002
    vertex 0.0003672091314047205 0.003983109018569915 -0.001619383228603029
  endloop
endfacet
facet normal 0.998545 0.0539332 0
  outer loop
    vertex 0.004 0 -0.001
    vertex 0.004 0 -0.0015
    vertex 0.003976729716740309 0.0004308372778608457 -0.00124731972894833
  endloop
endfacet
facet normal 0.998772 0.0487321 0.00888922
  outer loop
    vertex 0.003976729716740309 0.0004308372778608457 -0.00124731972894833
    vertex 0.004 0 -0.0015
    vertex 0.003983173499210083 0.0003665090383476277 -0.001618671236213067
  endloop
endfacet
facet normal 0.998534 0.0541266 0
  outer loop
    vertex 0.004 0 -0.0005
    vertex 0.004 0 -0.001
    vertex 0.003976562499999879 0.0004323779406892951 -0.0007500000000000002
  endloop
endfacet
facet normal 0.998539 0.0540295 0.000168365
  outer loop
    vertex 0.003976562499999879 0.0004323779406892951 -0.0007500000000000002
    vertex 0.004 0 -0.001
    vertex 0.003976729716740309 0.0004308372778608457 -0.00124731972894833
  endloop
endfacet
facet normal 0.998724 0.0499932 -0.00716647
  outer loop
    vertex 0.004 0 -0.0005
    vertex 0.003976562499999879 0.0004323779406892951 -0.0007500000000000002
    vertex 0.003981323304174039 0.0003860890410782355 -0.0004094422375247012
  endloop
endfacet
facet normal 0.0541266 0.998534 -0
  outer loop
    vertex 0 0.004 -0.0015
    vertex 0 0.004 -0.001
    vertex 0.0004323779406879295 0.003976562500000027 -0.00125
  endloop
endfacet
facet normal 0.0488918 0.998763 0.00907513
  outer loop
    vertex 0 0.004 -0.0015
    vertex 0.0004323779406879295 0.003976562500000027 -0.00125
    vertex 0.0003672091314047205 0.003983109018569915 -0.001619383228603029
  endloop
endfacet
facet normal 0.0541266 0.998534 -0
  outer loop
    vertex 0 0.004 -0.001
    vertex 0 0.004 -0.0005
    vertex 0.0004323779406879118 0.003976562500000029 -0.0007500000000000002
  endloop
endfacet
facet normal 0.0541266 0.998534 -1.55116e-15
  outer loop
    vertex 0 0.004 -0.001
    vertex 0.0004323779406879118 0.003976562500000029 -0.0007500000000000002
    vertex 0.0004323779406879295 0.003976562500000027 -0.00125
  endloop
endfacet
facet normal 0.0499937 0.998724 -0.00716574
  outer loop
    vertex 0.0004323779406879118 0.003976562500000029 -0.0007500000000000002
    vertex 0 0.004 -0.0005
    vertex 0.0003860924178273928 0.003981322976712163 -0.0004094324249538533
  endloop
endfacet
facet normal 0.983573 0.180246 0.00977114
  outer loop
    vertex 0.003883767269704208 0.0009572626571502298 0
    vertex 0.003970835496392216 0.0004821467210212913 0
    vertex 0.003907590319157947 0.000854832087385057 -0.0005085346965734831
  endloop
endfacet
facet normal 0.98814 0.153187 -0.0106276
  outer loop
    vertex 0.003907590319157947 0.000854832087385057 -0.0005085346965734831
    vertex 0.003970835496392216 0.0004821467210212913 0
    vertex 0.003981323304174039 0.0003860890410782355 -0.0004094422375247012
  endloop
endfacet
facet normal 0.954519 0.29744 0.0205595
  outer loop
    vertex 0.003740064970741659 0.001418419548170142 0
    vertex 0.003883767269704208 0.0009572626571502298 0
    vertex 0.003809919974307238 0.001218404608237648 -0.0003494957208663354
  endloop
endfacet
facet normal 0.964883 0.262569 -0.00768605
  outer loop
    vertex 0.003883767269704208 0.0009572626571502298 0
    vertex 0.003907590319157947 0.000854832087385057 -0.0005085346965734831
    vertex 0.003809919974307238 0.001218404608237648 -0.0003494957208663354
  endloop
endfacet
facet normal 0.911752 0.410346 0.0180091
  outer loop
    vertex 0.00354182410261284 0.001858892688175074 0
    vertex 0.003740064970741659 0.001418419548170142 0
    vertex 0.003647857512604518 0.001641077562985608 -0.0004051590202817728
  endloop
endfacet
facet normal 0.934329 0.356005 -0.0169925
  outer loop
    vertex 0.003647857512604518 0.001641077562985608 -0.0004051590202817728
    vertex 0.003740064970741659 0.001418419548170142 0
    vertex 0.003809919974307238 0.001218404608237648 -0.0003494957208663354
  endloop
endfacet
facet normal 0.85565 0.517259 0.0175005
  outer loop
    vertex 0.003291935463574626 0.002272258986924622 0
    vertex 0.00354182410261284 0.001858892688175074 0
    vertex 0.003423166809574709 0.002069282241219431 -0.0004169406030179819
  endloop
endfacet
facet normal 0.885558 0.464187 -0.0177911
  outer loop
    vertex 0.00354182410261284 0.001858892688175074 0
    vertex 0.003647857512604518 0.001641077562985608 -0.0004051590202817728
    vertex 0.003423166809574709 0.002069282241219431 -0.0004169406030179819
  endloop
endfacet
facet normal 0.787064 0.616625 0.0174512
  outer loop
    vertex 0.002994042992684405 0.00265249063296318 0
    vertex 0.003291935463574626 0.002272258986924622 0
    vertex 0.003148739007894467 0.002466868999392503 -0.000418119114997683
  endloop
endfacet
facet normal 0.822889 0.567934 -0.017481
  outer loop
    vertex 0.003291935463574626 0.002272258986924622 0
    vertex 0.003423166809574709 0.002069282241219431 -0.0004169406030179819
    vertex 0.003148739007894467 0.002466868999392503 -0.000418119114997683
  endloop
endfacet
facet normal 0.706999 0.706999 0.017446
  outer loop
    vertex 0.002652490632963182 0.002994042992684403 0
    vertex 0.002994042992684405 0.00265249063296318 0
    vertex 0.002828427124449433 0.002828427125042947 -0.0004182444683995042
  endloop
endfacet
facet normal 0.7484 0.663018 -0.0174492
  outer loop
    vertex 0.002828427124449433 0.002828427125042947 -0.0004182444683995042
    vertex 0.002994042992684405 0.00265249063296318 0
    vertex 0.003148739007894467 0.002466868999392503 -0.000418119114997683
  endloop
endfacet
facet normal 0.616621 0.787058 0.0178218
  outer loop
    vertex 0.002272258986924624 0.003291935463574625 0
    vertex 0.002652490632963182 0.002994042992684403 0
    vertex 0.002464529118247758 0.003150570777701864 -0.0004093594763523391
  endloop
endfacet
facet normal 0.662494 0.748855 -0.0178493
  outer loop
    vertex 0.002652490632963182 0.002994042992684403 0
    vertex 0.002828427124449433 0.002828427125042947 -0.0004182444683995042
    vertex 0.002464529118247758 0.003150570777701864 -0.0004093594763523391
  endloop
endfacet
facet normal 0.517259 0.855651 0.017446
  outer loop
    vertex 0.001858892688175073 0.00354182410261284 0
    vertex 0.002272258986924624 0.003291935463574625 0
    vertex 0.002069339537604071 0.003423132173625285 -0.0004182429600193905
  endloop
endfacet
facet normal 0.567936 0.822888 -0.0174181
  outer loop
    vertex 0.002272258986924624 0.003291935463574625 0
    vertex 0.002464529118247758 0.003150570777701864 -0.0004093594763523391
    vertex 0.002069339537604071 0.003423132173625285 -0.0004182429600193905
  endloop
endfacet
facet normal 0.410367 0.911797 0.0150124
  outer loop
    vertex 0.001418419548170144 0.003740064970741659 0
    vertex 0.001858892688175073 0.00354182410261284 0
    vertex 0.001623856868970255 0.003655555890572338 -0.0004828975814788602
  endloop
endfacet
facet normal 0.464492 0.885403 -0.0175479
  outer loop
    vertex 0.001623856868970255 0.003655555890572338 -0.0004828975814788602
    vertex 0.001858892688175073 0.00354182410261284 0
    vertex 0.002069339537604071 0.003423132173625285 -0.0004182429600193905
  endloop
endfacet
facet normal 0.29744 0.954519 0.0205856
  outer loop
    vertex 0.000957262657150231 0.003883767269704208 0
    vertex 0.001418419548170144 0.003740064970741659 0
    vertex 0.00121820443421311 0.003809983983754199 -0.0003491287074032126
  endloop
endfacet
facet normal 0.351651 0.936024 -0.0142066
  outer loop
    vertex 0.001418419548170144 0.003740064970741659 0
    vertex 0.001623856868970255 0.003655555890572338 -0.0004828975814788602
    vertex 0.00121820443421311 0.003809983983754199 -0.0003491287074032126
  endloop
endfacet
facet normal 0.180246 0.983573 0.00976729
  outer loop
    vertex 0.0004821467210212943 0.003970835496392216 0
    vertex 0.000957262657150231 0.003883767269704208 0
    vertex 0.0008549317392697635 0.003907568517785604 -0.0005083783689585877
  endloop
endfacet
facet normal 0.262558 0.964886 -0.00767611
  outer loop
    vertex 0.0008549317392697635 0.003907568517785604 -0.0005083783689585877
    vertex 0.000957262657150231 0.003883767269704208 0
    vertex 0.00121820443421311 0.003809983983754199 -0.0003491287074032126
  endloop
endfacet
facet normal 0.153203 0.988138 -0.0106312
  outer loop
    vertex 0.0004821467210212943 0.003970835496392216 0
    vertex 0.0008549317392697635 0.003907568517785604 -0.0005083783689585877
    vertex 0.0003860924178273928 0.003981322976712163 -0.0004094324249538533
  endloop
endfacet
facet normal 0.354549 0.934868 -0.0177915
  outer loop
    vertex 0.001641651221809991 0.003647599383968827 -0.00158174916137703
    vertex 0.001190012215420814 0.003818883466034182 -0.001581749161377653
    vertex 0.001419284420633251 0.003739736853489526 -0.001171636683328953
  endloop
endfacet
facet normal 0.312378 0.949918 0.00868821
  outer loop
    vertex 0.001419284420633251 0.003739736853489526 -0.001171636683328953
    vertex 0.001190012215420814 0.003818883466034182 -0.001581749161377653
    vertex 0.001092123122375531 0.003848021190894447 -0.001247966340284373
  endloop
endfacet
facet normal 0.241633 0.970269 -0.0138358
  outer loop
    vertex 0.001190012215420814 0.003818883466034182 -0.001581749161377653
    vertex 0.0007597802491075321 0.003927178882234179 -0.001500998578074003
    vertex 0.001092123122375531 0.003848021190894447 -0.001247966340284373
  endloop
endfacet
facet normal 0.748378 0.66301 0.0186615
  outer loop
    vertex 0.002828427124449433 0.002828427125042947 -0.0004182444683995042
    vertex 0.003148739007894467 0.002466868999392503 -0.000418119114997683
    vertex 0.002998919612417216 0.002646975851468875 -0.0008088237207174915
  endloop
endfacet
facet normal 0.706961 0.706974 -0.0198415
  outer loop
    vertex 0.002828427124449433 0.002828427125042947 -0.0004182444683995042
    vertex 0.002998919612417216 0.002646975851468875 -0.0008088237207174915
    vertex 0.002647609051554197 0.002998360603751372 -0.0008059607868829799
  endloop
endfacet
facet normal 0.662984 0.748397 0.0188236
  outer loop
    vertex 0.002828427124449433 0.002828427125042947 -0.0004182444683995042
    vertex 0.002647609051554197 0.002998360603751372 -0.0008059607868829799
    vertex 0.002464529118247758 0.003150570777701864 -0.0004093594763523391
  endloop
endfacet
facet normal 0.571126 0.820862 -7.58594e-06
  outer loop
    vertex 0.002094810188812378 0.003407604770634037 -0.001535586405824972
    vertex 0.002466832074119341 0.003148767936526297 -0.001254724643201272
    vertex 0.002466875490514172 0.003148733922436201 -0.001666622352939931
  endloop
endfacet
facet normal 0.57836 0.815655 -0.0143882
  outer loop
    vertex 0.002466832074119341 0.003148767936526297 -0.001254724643201272
    vertex 0.002094810188812378 0.003407604770634037 -0.001535586405824972
    vertex 0.00217452912210263 0.003357294014102364 -0.00118321204321208
  endloop
endfacet
facet normal 0.469564 0.882657 -0.0206705
  outer loop
    vertex 0.002094810188812378 0.003407604770634037 -0.001535586405824972
    vertex 0.001641651221809991 0.003647599383968827 -0.00158174916137703
    vertex 0.001858892688175048 0.003541824102612853 -0.001163498322754834
  endloop
endfacet
facet normal 0.505101 0.863014 0.00894712
  outer loop
    vertex 0.002094810188812378 0.003407604770634037 -0.001535586405824972
    vertex 0.001858892688175048 0.003541824102612853 -0.001163498322754834
    vertex 0.00217452912210263 0.003357294014102364 -0.00118321204321208
  endloop
endfacet
facet normal 0.822984 0.568065 1.70593e-14
  outer loop
    vertex 0.00342312508920579 0.002069351256710627 -0.001581749161377652
    vertex 0.003148733922436152 0.002466875490514235 -0.001254752515867748
    vertex 0.00342312508920585 0.002069351256710529 -0.001169863916880954
  endloop
endfacet
facet normal 0.822984 0.568065 1.11902e-14
  outer loop
    vertex 0.003148733922436152 0.002466875490514235 -0.001254752515867748
    vertex 0.00342312508920579 0.002069351256710627 -0.001581749161377652
    vertex 0.003148733922436201 0.002466875490514172 -0.001666637760364219
  endloop
endfacet
facet normal 0.884179 0.466488 -0.0248155
  outer loop
    vertex 0.003647599383968361 0.001641651221811026 -0.001623709895168071
    vertex 0.00342312508920579 0.002069351256710627 -0.001581749161377652
    vertex 0.003569398946633168 0.001805378397947099 -0.001332218524207114
  endloop
endfacet
facet normal 0.874688 0.484686 -1.03275e-14
  outer loop
    vertex 0.00342312508920579 0.002069351256710627 -0.001581749161377652
    vertex 0.00342312508920585 0.002069351256710529 -0.001169863916880954
    vertex 0.003569398946633168 0.001805378397947099 -0.001332218524207114
  endloop
endfacet
facet normal 0.935356 0.353429 -0.0140391
  outer loop
    vertex 0.003700305903119264 0.001519123504966179 -0.001196725959693534
    vertex 0.003818883466034183 0.001190012215420811 -0.001581749161377651
    vertex 0.003647599383968361 0.001641651221811026 -0.001623709895168071
  endloop
endfacet
facet normal 0.942042 0.335477 0.00336578
  outer loop
    vertex 0.003818883466034183 0.001190012215420811 -0.001581749161377651
    vertex 0.003700305903119264 0.001519123504966179 -0.001196725959693534
    vertex 0.003827447611658489 0.00116217243987703 -0.001203884212215767
  endloop
endfacet
facet normal 0.969903 0.24346 -0.00404517
  outer loop
    vertex 0.003927042678232748 0.0007604839270744422 -0.001499895771988146
    vertex 0.003818883466034183 0.001190012215420811 -0.001581749161377651
    vertex 0.003827447611658489 0.00116217243987703 -0.001203884212215767
  endloop
endfacet
facet normal 0.357395 0.933936 0.00562412
  outer loop
    vertex 0.001623856868970255 0.003655555890572338 -0.0004828975814788602
    vertex 0.001261338454734025 0.00379592219396146 -0.0007550744786837523
    vertex 0.00121820443421311 0.003809983983754199 -0.0003491287074032126
  endloop
endfacet
facet normal 0.356574 0.934242 0.00687626
  outer loop
    vertex 0.001261338454734025 0.00379592219396146 -0.0007550744786837523
    vertex 0.001623856868970255 0.003655555890572338 -0.0004828975814788602
    vertex 0.001575964961702298 0.003676456777861896 -0.0008391221504254606
  endloop
endfacet
facet normal 0.459428 0.887832 0.0260771
  outer loop
    vertex 0.001623856868970255 0.003655555890572338 -0.0004828975814788602
    vertex 0.002069339537604071 0.003423132173625285 -0.0004182429600193905
    vertex 0.001858891440245571 0.003541824757576488 -0.0007516135460252388
  endloop
endfacet
facet normal 0.43094 0.902367 -0.00499198
  outer loop
    vertex 0.001623856868970255 0.003655555890572338 -0.0004828975814788602
    vertex 0.001858891440245571 0.003541824757576488 -0.0007516135460252388
    vertex 0.001575964961702298 0.003676456777861896 -0.0008391221504254606
  endloop
endfacet
facet normal 0.92315 0.38358 -0.0256902
  outer loop
    vertex 0.003647857512604518 0.001641077562985608 -0.0004051590202817728
    vertex 0.003796059000714069 0.0012609266684061 -0.0007557193265152694
    vertex 0.003549469357666815 0.001844252498706272 -0.0009070321902103456
  endloop
endfacet
facet normal 0.933452 0.358657 0.00569208
  outer loop
    vertex 0.003796059000714069 0.0012609266684061 -0.0007557193265152694
    vertex 0.003647857512604518 0.001641077562985608 -0.0004051590202817728
    vertex 0.003809919974307238 0.001218404608237648 -0.0003494957208663354
  endloop
endfacet
facet normal 0.885236 0.464911 0.0146681
  outer loop
    vertex 0.003423166809574709 0.002069282241219431 -0.0004169406030179819
    vertex 0.003647857512604518 0.001641077562985608 -0.0004051590202817728
    vertex 0.003549469357666815 0.001844252498706272 -0.0009070321902103456
  endloop
endfacet
facet normal 0.748511 0.663123 3.10662e-13
  outer loop
    vertex 0.003148733922436152 0.002466875490514235 -0.001254752515867748
    vertex 0.002828427124746192 0.002828427124746189 -0.001581749161377577
    vertex 0.002828427124744697 0.002828427124747683 -0.001169863916880818
  endloop
endfacet
facet normal 0.748511 0.663123 -1.21737e-14
  outer loop
    vertex 0.002828427124746192 0.002828427124746189 -0.001581749161377577
    vertex 0.003148733922436152 0.002466875490514235 -0.001254752515867748
    vertex 0.003148733922436201 0.002466875490514172 -0.001666637760364219
  endloop
endfacet
facet normal 0.663122 0.748512 8.08551e-06
  outer loop
    vertex 0.002466832074119341 0.003148767936526297 -0.001254724643201272
    vertex 0.002828427124746192 0.002828427124746189 -0.001581749161377577
    vertex 0.002466875490514172 0.003148733922436201 -0.001666622352939931
  endloop
endfacet
facet normal 0.663117 0.748515 -3.09155e-13
  outer loop
    vertex 0.002828427124746192 0.002828427124746189 -0.001581749161377577
    vertex 0.002466832074119341 0.003148767936526297 -0.001254724643201272
    vertex 0.002828427124744697 0.002828427124747683 -0.001169863916880818
  endloop
endfacet
facet normal 0.160944 0.986964 2.26434e-15
  outer loop
    vertex 0.0004323779406879295 0.003976562500000027 -0.00125
    vertex 0.0004323779406879118 0.003976562500000029 -0.0007500000000000002
    vertex 0.0008533423463870435 0.003907915920265258 -0.0008811743110138462
  endloop
endfacet
facet normal 0.161015 0.986952 0.000233248
  outer loop
    vertex 0.0008533423463870435 0.003907915920265258 -0.0008811743110138462
    vertex 0.0004323779406879118 0.003976562500000029 -0.0007500000000000002
    vertex 0.0008549317392697635 0.003907568517785604 -0.0005083783689585877
  endloop
endfacet
facet normal 0.156947 0.987578 0.00752577
  outer loop
    vertex 0.0008549317392697635 0.003907568517785604 -0.0005083783689585877
    vertex 0.0004323779406879118 0.003976562500000029 -0.0007500000000000002
    vertex 0.0003860924178273928 0.003981322976712163 -0.0004094324249538533
  endloop
endfacet
facet normal 0.986986 0.160806 -0.000166307
  outer loop
    vertex 0.003976562499999879 0.0004323779406892951 -0.0007500000000000002
    vertex 0.003976729716740309 0.0004308372778608457 -0.00124731972894833
    vertex 0.003908065799310269 0.000852655679780176 -0.0008823394156100765
  endloop
endfacet
facet normal 0.986962 0.160955 0.000318287
  outer loop
    vertex 0.003976562499999879 0.0004323779406892951 -0.0007500000000000002
    vertex 0.003908065799310269 0.000852655679780176 -0.0008823394156100765
    vertex 0.003907590319157947 0.000854832087385057 -0.0005085346965734831
  endloop
endfacet
facet normal 0.98758 0.156937 0.00752514
  outer loop
    vertex 0.003976562499999879 0.0004323779406892951 -0.0007500000000000002
    vertex 0.003907590319157947 0.000854832087385057 -0.0005085346965734831
    vertex 0.003981323304174039 0.0003860890410782355 -0.0004094422375247012
  endloop
endfacet
facet normal 0.987965 0.154506 0.0072987
  outer loop
    vertex 0.003908065799310269 0.000852655679780176 -0.0008823394156100765
    vertex 0.003976729716740309 0.0004308372778608457 -0.00124731972894833
    vertex 0.003927042678232748 0.0007604839270744422 -0.001499895771988146
  endloop
endfacet
facet normal 0.989649 0.143305 -0.00765175
  outer loop
    vertex 0.003927042678232748 0.0007604839270744422 -0.001499895771988146
    vertex 0.003976729716740309 0.0004308372778608457 -0.00124731972894833
    vertex 0.003983173499210083 0.0003665090383476277 -0.001618671236213067
  endloop
endfacet
facet normal 0.964342 0.264659 -0.000314284
  outer loop
    vertex 0.003907590319157947 0.000854832087385057 -0.0005085346965734831
    vertex 0.003908065799310269 0.000852655679780176 -0.0008823394156100765
    vertex 0.003796059000714069 0.0012609266684061 -0.0007557193265152694
  endloop
endfacet
facet normal 0.965101 0.26169 0.00992972
  outer loop
    vertex 0.003796059000714069 0.0012609266684061 -0.0007557193265152694
    vertex 0.003908065799310269 0.000852655679780176 -0.0008823394156100765
    vertex 0.003827447611658489 0.00116217243987703 -0.001203884212215767
  endloop
endfacet
facet normal 0.9694 0.245392 -0.00683668
  outer loop
    vertex 0.003908065799310269 0.000852655679780176 -0.0008823394156100765
    vertex 0.003927042678232748 0.0007604839270744422 -0.001499895771988146
    vertex 0.003827447611658489 0.00116217243987703 -0.001203884212215767
  endloop
endfacet
facet normal 0.965134 0.261697 -0.00553835
  outer loop
    vertex 0.003907590319157947 0.000854832087385057 -0.0005085346965734831
    vertex 0.003796059000714069 0.0012609266684061 -0.0007557193265152694
    vertex 0.003809919974307238 0.001218404608237648 -0.0003494957208663354
  endloop
endfacet
facet normal 0.917499 0.396378 0.032857
  outer loop
    vertex 0.003549469357666815 0.001844252498706272 -0.0009070321902103456
    vertex 0.003796059000714069 0.0012609266684061 -0.0007557193265152694
    vertex 0.003700305903119264 0.001519123504966179 -0.001196725959693534
  endloop
endfacet
facet normal 0.941946 0.33567 -0.00799366
  outer loop
    vertex 0.003700305903119264 0.001519123504966179 -0.001196725959693534
    vertex 0.003796059000714069 0.0012609266684061 -0.0007557193265152694
    vertex 0.003827447611658489 0.00116217243987703 -0.001203884212215767
  endloop
endfacet
facet normal 0.154657 0.987941 0.007358
  outer loop
    vertex 0.0004323779406879295 0.003976562500000027 -0.00125
    vertex 0.0008533423463870435 0.003907915920265258 -0.0008811743110138462
    vertex 0.0007597802491075321 0.003927178882234179 -0.001500998578074003
  endloop
endfacet
facet normal 0.143333 0.989644 -0.00774829
  outer loop
    vertex 0.0004323779406879295 0.003976562500000027 -0.00125
    vertex 0.0007597802491075321 0.003927178882234179 -0.001500998578074003
    vertex 0.0003672091314047205 0.003983109018569915 -0.001619383228603029
  endloop
endfacet
facet normal 0.264772 0.964311 -0.000230212
  outer loop
    vertex 0.0008533423463870435 0.003907915920265258 -0.0008811743110138462
    vertex 0.0008549317392697635 0.003907568517785604 -0.0005083783689585877
    vertex 0.001261338454734025 0.00379592219396146 -0.0007550744786837523
  endloop
endfacet
facet normal 0.261126 0.965225 0.0123775
  outer loop
    vertex 0.0008533423463870435 0.003907915920265258 -0.0008811743110138462
    vertex 0.001261338454734025 0.00379592219396146 -0.0007550744786837523
    vertex 0.001092123122375531 0.003848021190894447 -0.001247966340284373
  endloop
endfacet
facet normal 0.235551 0.971847 -0.00535311
  outer loop
    vertex 0.0007597802491075321 0.003927178882234179 -0.001500998578074003
    vertex 0.0008533423463870435 0.003907915920265258 -0.0008811743110138462
    vertex 0.001092123122375531 0.003848021190894447 -0.001247966340284373
  endloop
endfacet
facet normal 0.261723 0.965127 -0.00562206
  outer loop
    vertex 0.001261338454734025 0.00379592219396146 -0.0007550744786837523
    vertex 0.0008549317392697635 0.003907568517785604 -0.0005083783689585877
    vertex 0.00121820443421311 0.003809983983754199 -0.0003491287074032126
  endloop
endfacet
facet normal 0.315926 0.948749 -0.00817765
  outer loop
    vertex 0.001261338454734025 0.00379592219396146 -0.0007550744786837523
    vertex 0.001419284420633251 0.003739736853489526 -0.001171636683328953
    vertex 0.001092123122375531 0.003848021190894447 -0.001247966340284373
  endloop
endfacet
facet normal 0.357167 0.933993 0.0094495
  outer loop
    vertex 0.001419284420633251 0.003739736853489526 -0.001171636683328953
    vertex 0.001261338454734025 0.00379592219396146 -0.0007550744786837523
    vertex 0.001575964961702298 0.003676456777861896 -0.0008391221504254606
  endloop
endfacet
facet normal 0.855468 0.517571 -0.0171828
  outer loop
    vertex 0.003423166809574709 0.002069282241219431 -0.0004169406030179819
    vertex 0.003549469357666815 0.001844252498706272 -0.0009070321902103456
    vertex 0.003291935463574646 0.002272258986924593 -0.0008365016772449959
  endloop
endfacet
facet normal 0.822841 0.568004 0.0174209
  outer loop
    vertex 0.003423166809574709 0.002069282241219431 -0.0004169406030179819
    vertex 0.003291935463574646 0.002272258986924593 -0.0008365016772449959
    vertex 0.003148739007894467 0.002466868999392503 -0.000418119114997683
  endloop
endfacet
facet normal 0.858447 0.512241 0.0260429
  outer loop
    vertex 0.003291935463574646 0.002272258986924593 -0.0008365016772449959
    vertex 0.003549469357666815 0.001844252498706272 -0.0009070321902103456
    vertex 0.00342312508920585 0.002069351256710529 -0.001169863916880954
  endloop
endfacet
facet normal 0.908618 0.417606 0.00440826
  outer loop
    vertex 0.003549469357666815 0.001844252498706272 -0.0009070321902103456
    vertex 0.003700305903119264 0.001519123504966179 -0.001196725959693534
    vertex 0.003569398946633168 0.001805378397947099 -0.001332218524207114
  endloop
endfacet
facet normal 0.873766 0.486334 -0.003509
  outer loop
    vertex 0.00342312508920585 0.002069351256710529 -0.001169863916880954
    vertex 0.003549469357666815 0.001844252498706272 -0.0009070321902103456
    vertex 0.003569398946633168 0.001805378397947099 -0.001332218524207114
  endloop
endfacet
facet normal 0.787003 0.616702 -0.0174967
  outer loop
    vertex 0.003148739007894467 0.002466868999392503 -0.000418119114997683
    vertex 0.003291935463574646 0.002272258986924593 -0.0008365016772449959
    vertex 0.002998919612417216 0.002646975851468875 -0.0008088237207174915
  endloop
endfacet
facet normal 0.788231 0.615161 0.0163648
  outer loop
    vertex 0.002998919612417216 0.002646975851468875 -0.0008088237207174915
    vertex 0.003291935463574646 0.002272258986924593 -0.0008365016772449959
    vertex 0.003148733922436152 0.002466875490514235 -0.001254752515867748
  endloop
endfacet
facet normal 0.824762 0.565146 -0.0194152
  outer loop
    vertex 0.003148733922436152 0.002466875490514235 -0.001254752515867748
    vertex 0.003291935463574646 0.002272258986924593 -0.0008365016772449959
    vertex 0.00342312508920585 0.002069351256710529 -0.001169863916880954
  endloop
endfacet
facet normal 0.907916 0.419072 0.00818508
  outer loop
    vertex 0.003700305903119264 0.001519123504966179 -0.001196725959693534
    vertex 0.003647599383968361 0.001641651221811026 -0.001623709895168071
    vertex 0.003569398946633168 0.001805378397947099 -0.001332218524207114
  endloop
endfacet
facet normal 0.707108 0.706785 0.0213008
  outer loop
    vertex 0.002647609051554197 0.002998360603751372 -0.0008059607868829799
    vertex 0.002998919612417216 0.002646975851468875 -0.0008088237207174915
    vertex 0.002828427124744697 0.002828427124747683 -0.001169863916880818
  endloop
endfacet
facet normal 0.746287 0.665381 -0.0180093
  outer loop
    vertex 0.002998919612417216 0.002646975851468875 -0.0008088237207174915
    vertex 0.003148733922436152 0.002466875490514235 -0.001254752515867748
    vertex 0.002828427124744697 0.002828427124747683 -0.001169863916880818
  endloop
endfacet
facet normal 0.616853 0.786889 -0.0172444
  outer loop
    vertex 0.002464529118247758 0.003150570777701864 -0.0004093594763523391
    vertex 0.002647609051554197 0.002998360603751372 -0.0008059607868829799
    vertex 0.002272247624703068 0.003291943306320944 -0.0008364459520144871
  endloop
endfacet
facet normal 0.615168 0.788226 0.016371
  outer loop
    vertex 0.002272247624703068 0.003291943306320944 -0.0008364459520144871
    vertex 0.002647609051554197 0.002998360603751372 -0.0008059607868829799
    vertex 0.002466832074119341 0.003148767936526297 -0.001254724643201272
  endloop
endfacet
facet normal 0.665361 0.746307 -0.017898
  outer loop
    vertex 0.002466832074119341 0.003148767936526297 -0.001254724643201272
    vertex 0.002647609051554197 0.002998360603751372 -0.0008059607868829799
    vertex 0.002828427124744697 0.002828427124747683 -0.001169863916880818
  endloop
endfacet
facet normal 0.567414 0.823256 0.0170515
  outer loop
    vertex 0.002464529118247758 0.003150570777701864 -0.0004093594763523391
    vertex 0.002272247624703068 0.003291943306320944 -0.0008364459520144871
    vertex 0.002069339537604071 0.003423132173625285 -0.0004182429600193905
  endloop
endfacet
facet normal 0.579173 0.815148 -0.00958967
  outer loop
    vertex 0.002272247624703068 0.003291943306320944 -0.0008364459520144871
    vertex 0.002466832074119341 0.003148767936526297 -0.001254724643201272
    vertex 0.00217452912210263 0.003357294014102364 -0.00118321204321208
  endloop
endfacet
facet normal 0.514318 0.85738 -0.0194153
  outer loop
    vertex 0.002069339537604071 0.003423132173625285 -0.0004182429600193905
    vertex 0.002272247624703068 0.003291943306320944 -0.0008364459520144871
    vertex 0.001858891440245571 0.003541824757576488 -0.0007516135460252388
  endloop
endfacet
facet normal 0.519477 0.854359 0.0146222
  outer loop
    vertex 0.001858891440245571 0.003541824757576488 -0.0007516135460252388
    vertex 0.002272247624703068 0.003291943306320944 -0.0008364459520144871
    vertex 0.00217452912210263 0.003357294014102364 -0.00118321204321208
  endloop
endfacet
facet normal 0.410185 0.911834 0.01755
  outer loop
    vertex 0.001858892688175048 0.003541824102612853 -0.001163498322754834
    vertex 0.001641651221809991 0.003647599383968827 -0.00158174916137703
    vertex 0.001419284420633251 0.003739736853489526 -0.001171636683328953
  endloop
endfacet
facet normal 0.410744 0.91153 -0.0200713
  outer loop
    vertex 0.001858892688175048 0.003541824102612853 -0.001163498322754834
    vertex 0.001419284420633251 0.003739736853489526 -0.001171636683328953
    vertex 0.001575964961702298 0.003676456777861896 -0.0008391221504254606
  endloop
endfacet
facet normal 0.504705 0.863292 1.56383e-07
  outer loop
    vertex 0.001858892688175048 0.003541824102612853 -0.001163498322754834
    vertex 0.001858891440245571 0.003541824757576488 -0.0007516135460252388
    vertex 0.00217452912210263 0.003357294014102364 -0.00118321204321208
  endloop
endfacet
facet normal 0.429687 0.902978 -1.34016e-07
  outer loop
    vertex 0.001858891440245571 0.003541824757576488 -0.0007516135460252388
    vertex 0.001858892688175048 0.003541824102612853 -0.001163498322754834
    vertex 0.001575964961702298 0.003676456777861896 -0.0008391221504254606
  endloop
endfacet
facet normal -0.0603742 0.998105 -0.0118761
  outer loop
    vertex 0 0.004 -0.002
    vertex -0.0004821467210212928 0.003970835496392216 -0.002
    vertex -0.0003792954429189597 0.003981976263990145 -0.001586558649680799
  endloop
endfacet
facet normal -0.0474654 0.998873 0
  outer loop
    vertex 0 0.004 -0.0015
    vertex 0 0.004 -0.002
    vertex -0.0003792954429189597 0.003981976263990145 -0.001586558649680799
  endloop
endfacet
facet normal -0.998111 0.0603746 -0.0114022
  outer loop
    vertex -0.003970835496392216 0.0004821467210212945 -0.002
    vertex -0.004 0 -0.002
    vertex -0.003981323304174086 0.0003860890410777508 -0.001590557762473247
  endloop
endfacet
facet normal -0.998832 0.0483176 0
  outer loop
    vertex -0.004 0 -0.002
    vertex -0.004 0 -0.0015
    vertex -0.003981323304174086 0.0003860890410777508 -0.001590557762473247
  endloop
endfacet
facet normal -0.0483176 0.998832 0
  outer loop
    vertex 0 0.004 0
    vertex 0 0.004 -0.0005
    vertex -0.0003860890410783643 0.003981323304174026 -0.0004094422375241216
  endloop
endfacet
facet normal -0.0603746 0.998111 0.0114022
  outer loop
    vertex -0.0004821467210212928 0.003970835496392216 0
    vertex 0 0.004 0
    vertex -0.0003860890410783643 0.003981323304174026 -0.0004094422375241216
  endloop
endfacet
facet normal -0.998873 0.0474654 0
  outer loop
    vertex -0.004 0 -0.0005
    vertex -0.004 0 0
    vertex -0.003981976263990173 0.0003792954429186537 -0.0004134413503195178
  endloop
endfacet
facet normal -0.998105 0.0603742 0.0118761
  outer loop
    vertex -0.004 0 0
    vertex -0.003970835496392216 0.0004821467210212945 0
    vertex -0.003981976263990173 0.0003792954429186537 -0.0004134413503195178
  endloop
endfacet
facet normal -0.18024 0.98354 -0.0127318
  outer loop
    vertex -0.0004821467210212928 0.003970835496392216 -0.002
    vertex -0.0009572626571502295 0.003883767269704208 -0.002
    vertex -0.000766983914190665 0.003925778352807601 -0.001448338422172654
  endloop
endfacet
facet normal -0.140557 0.990038 0.00828828
  outer loop
    vertex -0.0004821467210212928 0.003970835496392216 -0.002
    vertex -0.000766983914190665 0.003925778352807601 -0.001448338422172654
    vertex -0.0003792954429189597 0.003981976263990145 -0.001586558649680799
  endloop
endfacet
facet normal -0.297458 0.954576 -0.0174457
  outer loop
    vertex -0.0009572626571502295 0.003883767269704208 -0.002
    vertex -0.001418419548170142 0.003740064970741659 -0.002
    vertex -0.001190012215420813 0.003818883466034183 -0.001581749161377653
  endloop
endfacet
facet normal -0.248515 0.968554 0.0119586
  outer loop
    vertex -0.0009572626571502295 0.003883767269704208 -0.002
    vertex -0.001190012215420813 0.003818883466034183 -0.001581749161377653
    vertex -0.000766983914190665 0.003925778352807601 -0.001448338422172654
  endloop
endfacet
facet normal -0.410348 0.911756 -0.0177909
  outer loop
    vertex -0.001418419548170142 0.003740064970741659 -0.002
    vertex -0.001858892688175072 0.003541824102612841 -0.002
    vertex -0.001643528059853892 0.003646754106938512 -0.001589896523868301
  endloop
endfacet
facet normal -0.355068 0.934671 0.0177664
  outer loop
    vertex -0.001190012215420813 0.003818883466034183 -0.001581749161377653
    vertex -0.001418419548170142 0.003740064970741659 -0.002
    vertex -0.001643528059853892 0.003646754106938512 -0.001589896523868301
  endloop
endfacet
facet normal -0.517259 0.855651 -0.0174454
  outer loop
    vertex -0.001858892688175072 0.003541824102612841 -0.002
    vertex -0.002272258986924622 0.003291935463574626 -0.002
    vertex -0.002069351257070011 0.003423125088988535 -0.00158174279115482
  endloop
endfacet
facet normal -0.464618 0.885339 0.0174679
  outer loop
    vertex -0.001858892688175072 0.003541824102612841 -0.002
    vertex -0.002069351257070011 0.003423125088988535 -0.00158174279115482
    vertex -0.001643528059853892 0.003646754106938512 -0.001589896523868301
  endloop
endfacet
facet normal -0.616625 0.787063 -0.0174913
  outer loop
    vertex -0.002272258986924622 0.003291935463574626 -0.002
    vertex -0.002652490632963181 0.002994042992684404 -0.002
    vertex -0.002467128601085779 0.003148535606548626 -0.001582840194286761
  endloop
endfacet
facet normal -0.568044 0.822813 0.0174915
  outer loop
    vertex -0.002069351257070011 0.003423125088988535 -0.00158174279115482
    vertex -0.002272258986924622 0.003291935463574626 -0.002
    vertex -0.002467128601085779 0.003148535606548626 -0.001582840194286761
  endloop
endfacet
facet normal -0.706999 0.706999 -0.0174457
  outer loop
    vertex -0.002652490632963181 0.002994042992684404 -0.002
    vertex -0.002994042992684403 0.002652490632963183 -0.002
    vertex -0.002828427124746187 0.002828427124746194 -0.001581749161377504
  endloop
endfacet
facet normal -0.663022 0.748396 0.0174452
  outer loop
    vertex -0.002652490632963181 0.002994042992684404 -0.002
    vertex -0.002828427124746187 0.002828427124746194 -0.001581749161377504
    vertex -0.002467128601085779 0.003148535606548626 -0.001582840194286761
  endloop
endfacet
facet normal -0.787094 0.616648 -0.0151127
  outer loop
    vertex -0.002994042992684403 0.002652490632963183 -0.002
    vertex -0.003291935463574625 0.002272258986924624 -0.002
    vertex -0.003178182689457209 0.002428817570842764 -0.001536315572108292
  endloop
endfacet
facet normal -0.751212 0.65976 0.0199327
  outer loop
    vertex -0.002994042992684403 0.002652490632963183 -0.002
    vertex -0.003178182689457209 0.002428817570842764 -0.001536315572108292
    vertex -0.002828427124746187 0.002828427124746194 -0.001581749161377504
  endloop
endfacet
facet normal -0.855576 0.517214 -0.0218993
  outer loop
    vertex -0.003291935463574625 0.002272258986924624 -0.002
    vertex -0.00354182410261284 0.001858892688175074 -0.002
    vertex -0.003423125089205791 0.002069351256710626 -0.001666836745130498
  endloop
endfacet
facet normal -0.828727 0.559468 0.0144074
  outer loop
    vertex -0.003178182689457209 0.002428817570842764 -0.001536315572108292
    vertex -0.003291935463574625 0.002272258986924624 -0.002
    vertex -0.003423125089205791 0.002069351256710626 -0.001666836745130498
  endloop
endfacet
facet normal -0.911761 0.41035 -0.0174457
  outer loop
    vertex -0.00354182410261284 0.001858892688175074 -0.002
    vertex -0.003740064970741659 0.001418419548170144 -0.002
    vertex -0.00364759938396836 0.001641651221811027 -0.001581749161377494
  endloop
endfacet
facet normal -0.883694 0.467662 0.0194204
  outer loop
    vertex -0.00354182410261284 0.001858892688175074 -0.002
    vertex -0.00364759938396836 0.001641651221811027 -0.001581749161377494
    vertex -0.003423125089205791 0.002069351256710626 -0.001666836745130498
  endloop
endfacet
facet normal -0.954519 0.29744 -0.0205595
  outer loop
    vertex -0.003740064970741659 0.001418419548170144 -0.002
    vertex -0.003883767269704208 0.0009572626571502312 -0.002
    vertex -0.003809919974308112 0.001218404608234915 -0.00165050427913561
  endloop
endfacet
facet normal -0.934466 0.355657 0.0167655
  outer loop
    vertex -0.00364759938396836 0.001641651221811027 -0.001581749161377494
    vertex -0.003740064970741659 0.001418419548170144 -0.002
    vertex -0.003809919974308112 0.001218404608234915 -0.00165050427913561
  endloop
endfacet
facet normal -0.983573 0.180246 -0.00977114
  outer loop
    vertex -0.003883767269704208 0.0009572626571502312 -0.002
    vertex -0.003970835496392216 0.0004821467210212945 -0.002
    vertex -0.003907590319158443 0.000854832087382792 -0.001491465303427753
  endloop
endfacet
facet normal -0.964883 0.262569 0.00768605
  outer loop
    vertex -0.003883767269704208 0.0009572626571502312 -0.002
    vertex -0.003907590319158443 0.000854832087382792 -0.001491465303427753
    vertex -0.003809919974308112 0.001218404608234915 -0.00165050427913561
  endloop
endfacet
facet normal -0.98814 0.153187 0.0106276
  outer loop
    vertex -0.003907590319158443 0.000854832087382792 -0.001491465303427753
    vertex -0.003970835496392216 0.0004821467210212945 -0.002
    vertex -0.003981323304174086 0.0003860890410777508 -0.001590557762473247
  endloop
endfacet
facet normal -0.0539332 0.998545 0
  outer loop
    vertex 0 0.004 -0.001
    vertex 0 0.004 -0.0015
    vertex -0.0004308372778608737 0.003976729716740306 -0.001247319728948419
  endloop
endfacet
facet normal -0.0492762 0.998753 0.00795964
  outer loop
    vertex -0.0004308372778608737 0.003976729716740306 -0.001247319728948419
    vertex 0 0.004 -0.0015
    vertex -0.0003792954429189597 0.003981976263990145 -0.001586558649680799
  endloop
endfacet
facet normal -0.0541266 0.998534 0
  outer loop
    vertex 0 0.004 -0.0005
    vertex 0 0.004 -0.001
    vertex -0.0004323779406897152 0.003976562499999834 -0.0007500000000000002
  endloop
endfacet
facet normal -0.0540295 0.998539 0.000168365
  outer loop
    vertex -0.0004323779406897152 0.003976562499999834 -0.0007500000000000002
    vertex 0 0.004 -0.001
    vertex -0.0004308372778608737 0.003976729716740306 -0.001247319728948419
  endloop
endfacet
facet normal -0.0499932 0.998724 -0.00716647
  outer loop
    vertex 0 0.004 -0.0005
    vertex -0.0004323779406897152 0.003976562499999834 -0.0007500000000000002
    vertex -0.0003860890410783643 0.003981323304174026 -0.0004094422375241216
  endloop
endfacet
facet normal -0.998534 0.0541266 0
  outer loop
    vertex -0.004 0 -0.0015
    vertex -0.004 0 -0.001
    vertex -0.003976562500000043 0.0004323779406877778 -0.00125
  endloop
endfacet
facet normal -0.998724 0.0499932 0.00716647
  outer loop
    vertex -0.004 0 -0.0015
    vertex -0.003976562500000043 0.0004323779406877778 -0.00125
    vertex -0.003981323304174086 0.0003860890410777508 -0.001590557762473247
  endloop
endfacet
facet normal -0.998545 0.0539332 0
  outer loop
    vertex -0.004 0 -0.001
    vertex -0.004 0 -0.0005
    vertex -0.003976729716740329 0.000430837277860667 -0.000752680271051985
  endloop
endfacet
facet normal -0.998539 0.0540295 -0.000168365
  outer loop
    vertex -0.003976562500000043 0.0004323779406877778 -0.00125
    vertex -0.004 0 -0.001
    vertex -0.003976729716740329 0.000430837277860667 -0.000752680271051985
  endloop
endfacet
facet normal -0.998753 0.0492762 -0.00795964
  outer loop
    vertex -0.003976729716740329 0.000430837277860667 -0.000752680271051985
    vertex -0.004 0 -0.0005
    vertex -0.003981976263990173 0.0003792954429186537 -0.0004134413503195178
  endloop
endfacet
facet normal -0.180246 0.983573 0.00977114
  outer loop
    vertex -0.0009572626571502295 0.003883767269704208 0
    vertex -0.0004821467210212928 0.003970835496392216 0
    vertex -0.0008548320873856954 0.003907590319157808 -0.0005085346965738413
  endloop
endfacet
facet normal -0.153187 0.98814 -0.0106276
  outer loop
    vertex -0.0008548320873856954 0.003907590319157808 -0.0005085346965738413
    vertex -0.0004821467210212928 0.003970835496392216 0
    vertex -0.0003860890410783643 0.003981323304174026 -0.0004094422375241216
  endloop
endfacet
facet normal -0.29744 0.954519 0.0205595
  outer loop
    vertex -0.001418419548170142 0.003740064970741659 0
    vertex -0.0009572626571502295 0.003883767269704208 0
    vertex -0.001218404608238426 0.003809919974306989 -0.0003494957208668914
  endloop
endfacet
facet normal -0.262569 0.964883 -0.00768605
  outer loop
    vertex -0.0009572626571502295 0.003883767269704208 0
    vertex -0.0008548320873856954 0.003907590319157808 -0.0005085346965738413
    vertex -0.001218404608238426 0.003809919974306989 -0.0003494957208668914
  endloop
endfacet
facet normal -0.41035 0.911761 0.0174457
  outer loop
    vertex -0.001858892688175072 0.003541824102612841 0
    vertex -0.001418419548170142 0.003740064970741659 0
    vertex -0.001641651221811026 0.003647599383968361 -0.0004182508386225063
  endloop
endfacet
facet normal -0.355657 0.934466 -0.0167655
  outer loop
    vertex -0.001641651221811026 0.003647599383968361 -0.0004182508386225063
    vertex -0.001418419548170142 0.003740064970741659 0
    vertex -0.001218404608238426 0.003809919974306989 -0.0003494957208668914
  endloop
endfacet
facet normal -0.517214 0.855576 0.0218862
  outer loop
    vertex -0.002272258986924622 0.003291935463574626 0
    vertex -0.001858892688175072 0.003541824102612841 0
    vertex -0.002069351256710627 0.00342312508920579 -0.0003333622396358663
  endloop
endfacet
facet normal -0.467654 0.883698 -0.0194152
  outer loop
    vertex -0.001858892688175072 0.003541824102612841 0
    vertex -0.001641651221811026 0.003647599383968361 -0.0004182508386225063
    vertex -0.002069351256710627 0.00342312508920579 -0.0003333622396358663
  endloop
endfacet
facet normal -0.616571 0.786995 0.0218862
  outer loop
    vertex -0.002652490632963181 0.002994042992684404 0
    vertex -0.002272258986924622 0.003291935463574626 0
    vertex -0.002466875490514173 0.0031487339224362 -0.0003333622396352815
  endloop
endfacet
facet normal -0.567929 0.822787 -0.0218862
  outer loop
    vertex -0.002272258986924622 0.003291935463574626 0
    vertex -0.002069351256710627 0.00342312508920579 -0.0003333622396358663
    vertex -0.002466875490514173 0.0031487339224362 -0.0003333622396352815
  endloop
endfacet
facet normal -0.707022 0.707022 0.0154727
  outer loop
    vertex -0.002994042992684403 0.002652490632963183 0
    vertex -0.002652490632963181 0.002994042992684404 0
    vertex -0.002807273552209856 0.002849423661560887 -0.0004644226335865174
  endloop
endfacet
facet normal -0.656794 0.753903 -0.0158657
  outer loop
    vertex -0.002807273552209856 0.002849423661560887 -0.0004644226335865174
    vertex -0.002652490632963181 0.002994042992684404 0
    vertex -0.002466875490514173 0.0031487339224362 -0.0003333622396352815
  endloop
endfacet
facet normal -0.787066 0.616627 0.0172515
  outer loop
    vertex -0.003291935463574625 0.002272258986924624 0
    vertex -0.002994042992684403 0.002652490632963183 0
    vertex -0.003146766807169452 0.002469384267645798 -0.0004228870024696881
  endloop
endfacet
facet normal -0.746637 0.66498 -0.0182859
  outer loop
    vertex -0.002994042992684403 0.002652490632963183 0
    vertex -0.002807273552209856 0.002849423661560887 -0.0004644226335865174
    vertex -0.003146766807169452 0.002469384267645798 -0.0004228870024696881
  endloop
endfacet
facet normal -0.855651 0.517259 0.0174457
  outer loop
    vertex -0.00354182410261284 0.001858892688175074 0
    vertex -0.003291935463574625 0.002272258986924624 0
    vertex -0.00342312508920589 0.002069351256710462 -0.0004182508386221522
  endloop
endfacet
facet normal -0.822726 0.568167 -0.0175789
  outer loop
    vertex -0.00342312508920589 0.002069351256710462 -0.0004182508386221522
    vertex -0.003291935463574625 0.002272258986924624 0
    vertex -0.003146766807169452 0.002469384267645798 -0.0004228870024696881
  endloop
endfacet
facet normal -0.911761 0.41035 0.0174457
  outer loop
    vertex -0.003740064970741659 0.001418419548170144 0
    vertex -0.00354182410261284 0.001858892688175074 0
    vertex -0.003647599383968373 0.001641651221810998 -0.000418250838622477
  endloop
endfacet
facet normal -0.885321 0.464652 -0.0174457
  outer loop
    vertex -0.00354182410261284 0.001858892688175074 0
    vertex -0.00342312508920589 0.002069351256710462 -0.0004182508386221522
    vertex -0.003647599383968373 0.001641651221810998 -0.000418250838622477
  endloop
endfacet
facet normal -0.954576 0.297458 0.0174457
  outer loop
    vertex -0.003883767269704208 0.0009572626571502312 0
    vertex -0.003740064970741659 0.001418419548170144 0
    vertex -0.003818883466034183 0.001190012215420811 -0.0004182508386223469
  endloop
endfacet
facet normal -0.934874 0.354551 -0.0174457
  outer loop
    vertex -0.003818883466034183 0.001190012215420811 -0.0004182508386223469
    vertex -0.003740064970741659 0.001418419548170144 0
    vertex -0.003647599383968373 0.001641651221810998 -0.000418250838622477
  endloop
endfacet
facet normal -0.98354 0.18024 0.0127318
  outer loop
    vertex -0.003970835496392216 0.0004821467210212945 0
    vertex -0.003883767269704208 0.0009572626571502312 0
    vertex -0.003925778352807665 0.0007669839141903459 -0.0005516615778308649
  endloop
endfacet
facet normal -0.968554 0.248515 -0.0119586
  outer loop
    vertex -0.003883767269704208 0.0009572626571502312 0
    vertex -0.003818883466034183 0.001190012215420811 -0.0004182508386223469
    vertex -0.003925778352807665 0.0007669839141903459 -0.0005516615778308649
  endloop
endfacet
facet normal -0.990038 0.140557 -0.00828828
  outer loop
    vertex -0.003970835496392216 0.0004821467210212945 0
    vertex -0.003925778352807665 0.0007669839141903459 -0.0005516615778308649
    vertex -0.003981976263990173 0.0003792954429186537 -0.0004134413503195178
  endloop
endfacet
facet normal -0.660329 0.750976 1.4007e-13
  outer loop
    vertex -0.002466875490514971 0.003148733922435576 -0.0007452474841314043
    vertex -0.002807273552209856 0.002849423661560887 -0.0004644226335865174
    vertex -0.002466875490514173 0.0031487339224362 -0.0003333622396352815
  endloop
endfacet
facet normal -0.653544 0.756752 0.0143812
  outer loop
    vertex -0.002807273552209856 0.002849423661560887 -0.0004644226335865174
    vertex -0.002466875490514971 0.003148733922435576 -0.0007452474841314043
    vertex -0.002739427166462614 0.002914710757458897 -0.0008166568694657388
  endloop
endfacet
facet normal -0.744497 0.66731 0.0205172
  outer loop
    vertex -0.003146766807169452 0.002469384267645798 -0.0004228870024696881
    vertex -0.002807273552209856 0.002849423661560887 -0.0004644226335865174
    vertex -0.002994042992684639 0.002652490632962916 -0.0008365016772442185
  endloop
endfacet
facet normal -0.717066 0.696948 -0.00893904
  outer loop
    vertex -0.002994042992684639 0.002652490632962916 -0.0008365016772442185
    vertex -0.002807273552209856 0.002849423661560887 -0.0004644226335865174
    vertex -0.002739427166462614 0.002914710757458897 -0.0008166568694657388
  endloop
endfacet
facet normal -0.354517 0.934886 -0.0174581
  outer loop
    vertex -0.001190012215420813 0.003818883466034183 -0.001581749161377653
    vertex -0.001643528059853892 0.003646754106938512 -0.001589896523868301
    vertex -0.001428727639966937 0.003736139361800428 -0.001165187474532488
  endloop
endfacet
facet normal -0.316815 0.948463 0.00684451
  outer loop
    vertex -0.001190012215420813 0.003818883466034183 -0.001581749161377653
    vertex -0.001428727639966937 0.003736139361800428 -0.001165187474532488
    vertex -0.001109076134093523 0.003843169281827717 -0.001200780918331371
  endloop
endfacet
facet normal -0.241872 0.970252 -0.0104659
  outer loop
    vertex -0.000766983914190665 0.003925778352807601 -0.001448338422172654
    vertex -0.001190012215420813 0.003818883466034183 -0.001581749161377653
    vertex -0.001109076134093523 0.003843169281827717 -0.001200780918331371
  endloop
endfacet
facet normal -0.934875 0.354551 0.0173791
  outer loop
    vertex -0.003818883466034183 0.001190012215420811 -0.0004182508386223469
    vertex -0.003647599383968373 0.001641651221810998 -0.000418250838622477
    vertex -0.003736387055229161 0.001428079750404702 -0.0008373354262732466
  endloop
endfacet
facet normal -0.948506 0.316687 -0.00681331
  outer loop
    vertex -0.003818883466034183 0.001190012215420811 -0.0004182508386223469
    vertex -0.003736387055229161 0.001428079750404702 -0.0008373354262732466
    vertex -0.003843171399386771 0.001109068796304148 -0.0007993442129055348
  endloop
endfacet
facet normal -0.970252 0.241873 0.010463
  outer loop
    vertex -0.003925778352807665 0.0007669839141903459 -0.0005516615778308649
    vertex -0.003818883466034183 0.001190012215420811 -0.0004182508386223469
    vertex -0.003843171399386771 0.001109068796304148 -0.0007993442129055348
  endloop
endfacet
facet normal -0.46515 0.885036 -0.0186351
  outer loop
    vertex -0.001643528059853892 0.003646754106938512 -0.001589896523868301
    vertex -0.002069351257070011 0.003423125088988535 -0.00158174279115482
    vertex -0.001864684628175878 0.003538778212525418 -0.00119770983985714
  endloop
endfacet
facet normal -0.517027 0.855784 0.0178217
  outer loop
    vertex -0.001864684628175878 0.003538778212525418 -0.00119770983985714
    vertex -0.002069351257070011 0.003423125088988535 -0.00158174279115482
    vertex -0.002272692666514795 0.003291636073986593 -0.001166904605501056
  endloop
endfacet
facet normal -0.567977 0.822856 -0.0175892
  outer loop
    vertex -0.002272692666514795 0.003291636073986593 -0.001166904605501056
    vertex -0.002069351257070011 0.003423125088988535 -0.00158174279115482
    vertex -0.002467128601085779 0.003148535606548626 -0.001582840194286761
  endloop
endfacet
facet normal -0.822531 0.568442 0.0177735
  outer loop
    vertex -0.00342312508920589 0.002069351256710462 -0.0004182508386221522
    vertex -0.003146766807169452 0.002469384267645798 -0.0004228870024696881
    vertex -0.003291935463574639 0.002272258986924603 -0.000836501677244621
  endloop
endfacet
facet normal -0.855768 0.517061 -0.0175783
  outer loop
    vertex -0.00342312508920589 0.002069351256710462 -0.0004182508386221522
    vertex -0.003291935463574639 0.002272258986924603 -0.000836501677244621
    vertex -0.003538458359112677 0.001865291516312027 -0.0008058226339578212
  endloop
endfacet
facet normal -0.885299 0.464641 0.0188093
  outer loop
    vertex -0.00342312508920589 0.002069351256710462 -0.0004182508386221522
    vertex -0.003538458359112677 0.001865291516312027 -0.0008058226339578212
    vertex -0.003647599383968373 0.001641651221810998 -0.000418250838622477
  endloop
endfacet
facet normal -0.358886 0.933364 0.00571914
  outer loop
    vertex -0.001260926668406739 0.003796059000713857 -0.0007557193265159111
    vertex -0.001641651221811026 0.003647599383968361 -0.0004182508386225063
    vertex -0.001218404608238426 0.003809919974306989 -0.0003494957208668914
  endloop
endfacet
facet normal -0.363027 0.931779 0.000350216
  outer loop
    vertex -0.001641651221811026 0.003647599383968361 -0.0004182508386225063
    vertex -0.001260926668406739 0.003796059000713857 -0.0007557193265159111
    vertex -0.00163906712879616 0.003648761289437816 -0.0008309764504708806
  endloop
endfacet
facet normal -0.464723 0.885456 -5.28858e-14
  outer loop
    vertex -0.001641651221811026 0.003647599383968361 -0.0004182508386225063
    vertex -0.002069351256710937 0.003423125089205603 -0.0007452474841324807
    vertex -0.002069351256710627 0.00342312508920579 -0.0003333622396358663
  endloop
endfacet
facet normal -0.464474 0.885586 -0.00041499
  outer loop
    vertex -0.002069351256710937 0.003423125089205603 -0.0007452474841324807
    vertex -0.001641651221811026 0.003647599383968361 -0.0004182508386225063
    vertex -0.00163906712879616 0.003648761289437816 -0.0008309764504708806
  endloop
endfacet
facet normal -0.753766 0.656548 -0.027972
  outer loop
    vertex -0.002828427124746187 0.002828427124746194 -0.001581749161377504
    vertex -0.003178182689457209 0.002428817570842764 -0.001536315572108292
    vertex -0.002994042992684396 0.002652490632963191 -0.001248386921741149
  endloop
endfacet
facet normal -0.826386 0.563104 1.85006e-14
  outer loop
    vertex -0.003423125089205861 0.00206935125671051 -0.001255112517330605
    vertex -0.003178182689457209 0.002428817570842764 -0.001536315572108292
    vertex -0.003423125089205791 0.002069351256710626 -0.001666836745130498
  endloop
endfacet
facet normal -0.83028 0.557239 -0.0108892
  outer loop
    vertex -0.003178182689457209 0.002428817570842764 -0.001536315572108292
    vertex -0.003423125089205861 0.00206935125671051 -0.001255112517330605
    vertex -0.003222107048167126 0.002370237576731862 -0.001184916035216872
  endloop
endfacet
facet normal -0.776934 0.629533 0.0078308
  outer loop
    vertex -0.002994042992684396 0.002652490632963191 -0.001248386921741149
    vertex -0.003178182689457209 0.002428817570842764 -0.001536315572108292
    vertex -0.003222107048167126 0.002370237576731862 -0.001184916035216872
  endloop
endfacet
facet normal -0.933364 0.358886 -0.00571914
  outer loop
    vertex -0.003796059000714814 0.001260926668403858 -0.00124428067348697
    vertex -0.00364759938396836 0.001641651221811027 -0.001581749161377494
    vertex -0.003809919974308112 0.001218404608234915 -0.00165050427913561
  endloop
endfacet
facet normal -0.931779 0.363027 -0.000350216
  outer loop
    vertex -0.00364759938396836 0.001641651221811027 -0.001581749161377494
    vertex -0.003796059000714814 0.001260926668403858 -0.00124428067348697
    vertex -0.003648761289439225 0.001639067128793024 -0.001169023549528989
  endloop
endfacet
facet normal -0.885456 0.464723 -1.9033e-14
  outer loop
    vertex -0.00364759938396836 0.001641651221811027 -0.001581749161377494
    vertex -0.003423125089205861 0.00206935125671051 -0.001255112517330605
    vertex -0.003423125089205791 0.002069351256710626 -0.001666836745130498
  endloop
endfacet
facet normal -0.885586 0.464475 0.000414993
  outer loop
    vertex -0.003423125089205861 0.00206935125671051 -0.001255112517330605
    vertex -0.00364759938396836 0.001641651221811027 -0.001581749161377494
    vertex -0.003648761289439225 0.001639067128793024 -0.001169023549528989
  endloop
endfacet
facet normal -0.986988 0.160792 0.00016626
  outer loop
    vertex -0.003976562500000043 0.0004323779406877778 -0.00125
    vertex -0.003976729716740329 0.000430837277860667 -0.000752680271051985
    vertex -0.003908122257448788 0.0008523968681508574 -0.001164329850756658
  endloop
endfacet
facet normal -0.98697 0.160905 -0.00040707
  outer loop
    vertex -0.003976562500000043 0.0004323779406877778 -0.00125
    vertex -0.003908122257448788 0.0008523968681508574 -0.001164329850756658
    vertex -0.003907590319158443 0.000854832087382792 -0.001491465303427753
  endloop
endfacet
facet normal -0.98758 0.156937 -0.00752514
  outer loop
    vertex -0.003976562500000043 0.0004323779406877778 -0.00125
    vertex -0.003907590319158443 0.000854832087382792 -0.001491465303427753
    vertex -0.003981323304174086 0.0003860890410777508 -0.001590557762473247
  endloop
endfacet
facet normal -0.160792 0.986988 -0.00016626
  outer loop
    vertex -0.0004323779406897152 0.003976562499999834 -0.0007500000000000002
    vertex -0.0004308372778608737 0.003976729716740306 -0.001247319728948419
    vertex -0.0008523968681523656 0.003908122257448459 -0.0008356701492499329
  endloop
endfacet
facet normal -0.160905 0.98697 0.00040707
  outer loop
    vertex -0.0004323779406897152 0.003976562499999834 -0.0007500000000000002
    vertex -0.0008523968681523656 0.003908122257448459 -0.0008356701492499329
    vertex -0.0008548320873856954 0.003907590319157808 -0.0005085346965738413
  endloop
endfacet
facet normal -0.156937 0.98758 0.00752514
  outer loop
    vertex -0.0004323779406897152 0.003976562499999834 -0.0007500000000000002
    vertex -0.0008548320873856954 0.003907590319157808 -0.0005085346965738413
    vertex -0.0003860890410783643 0.003981323304174026 -0.0004094422375241216
  endloop
endfacet
facet normal -0.153956 0.988053 0.00701078
  outer loop
    vertex -0.0008523968681523656 0.003908122257448459 -0.0008356701492499329
    vertex -0.0004308372778608737 0.003976729716740306 -0.001247319728948419
    vertex -0.000766983914190665 0.003925778352807601 -0.001448338422172654
  endloop
endfacet
facet normal -0.145848 0.989283 -0.0068594
  outer loop
    vertex -0.000766983914190665 0.003925778352807601 -0.001448338422172654
    vertex -0.0004308372778608737 0.003976729716740306 -0.001247319728948419
    vertex -0.0003792954429189597 0.003981976263990145 -0.001586558649680799
  endloop
endfacet
facet normal -0.26461 0.964356 -0.000401684
  outer loop
    vertex -0.0008548320873856954 0.003907590319157808 -0.0005085346965738413
    vertex -0.0008523968681523656 0.003908122257448459 -0.0008356701492499329
    vertex -0.001260926668406739 0.003796059000713857 -0.0007557193265159111
  endloop
endfacet
facet normal -0.262207 0.964928 0.0126762
  outer loop
    vertex -0.001260926668406739 0.003796059000713857 -0.0007557193265159111
    vertex -0.0008523968681523656 0.003908122257448459 -0.0008356701492499329
    vertex -0.001109076134093523 0.003843169281827717 -0.001200780918331371
  endloop
endfacet
facet normal -0.23831 0.971175 -0.00523544
  outer loop
    vertex -0.0008523968681523656 0.003908122257448459 -0.0008356701492499329
    vertex -0.000766983914190665 0.003925778352807601 -0.001448338422172654
    vertex -0.001109076134093523 0.003843169281827717 -0.001200780918331371
  endloop
endfacet
facet normal -0.261697 0.965134 -0.00553835
  outer loop
    vertex -0.0008548320873856954 0.003907590319157808 -0.0005085346965738413
    vertex -0.001260926668406739 0.003796059000713857 -0.0007557193265159111
    vertex -0.001218404608238426 0.003809919974306989 -0.0003494957208668914
  endloop
endfacet
facet normal -0.365261 0.930808 0.0134747
  outer loop
    vertex -0.001260926668406739 0.003796059000713857 -0.0007557193265159111
    vertex -0.001428727639966937 0.003736139361800428 -0.001165187474532488
    vertex -0.00163906712879616 0.003648761289437816 -0.0008309764504708806
  endloop
endfacet
facet normal -0.318324 0.947946 -0.0082679
  outer loop
    vertex -0.001428727639966937 0.003736139361800428 -0.001165187474532488
    vertex -0.001260926668406739 0.003796059000713857 -0.0007557193265159111
    vertex -0.001109076134093523 0.003843169281827717 -0.001200780918331371
  endloop
endfacet
facet normal -0.988053 0.153956 -0.00701078
  outer loop
    vertex -0.003908122257448788 0.0008523968681508574 -0.001164329850756658
    vertex -0.003976729716740329 0.000430837277860667 -0.000752680271051985
    vertex -0.003925778352807665 0.0007669839141903459 -0.0005516615778308649
  endloop
endfacet
facet normal -0.989283 0.145848 0.0068594
  outer loop
    vertex -0.003925778352807665 0.0007669839141903459 -0.0005516615778308649
    vertex -0.003976729716740329 0.000430837277860667 -0.000752680271051985
    vertex -0.003981976263990173 0.0003792954429186537 -0.0004134413503195178
  endloop
endfacet
facet normal -0.964356 0.26461 0.000401684
  outer loop
    vertex -0.003907590319158443 0.000854832087382792 -0.001491465303427753
    vertex -0.003908122257448788 0.0008523968681508574 -0.001164329850756658
    vertex -0.003796059000714814 0.001260926668403858 -0.00124428067348697
  endloop
endfacet
facet normal -0.964928 0.262207 -0.0126804
  outer loop
    vertex -0.003796059000714814 0.001260926668403858 -0.00124428067348697
    vertex -0.003908122257448788 0.0008523968681508574 -0.001164329850756658
    vertex -0.003843171399386771 0.001109068796304148 -0.0007993442129055348
  endloop
endfacet
facet normal -0.971175 0.238311 0.0052356
  outer loop
    vertex -0.003908122257448788 0.0008523968681508574 -0.001164329850756658
    vertex -0.003925778352807665 0.0007669839141903459 -0.0005516615778308649
    vertex -0.003843171399386771 0.001109068796304148 -0.0007993442129055348
  endloop
endfacet
facet normal -0.965134 0.261697 0.00553835
  outer loop
    vertex -0.003907590319158443 0.000854832087382792 -0.001491465303427753
    vertex -0.003796059000714814 0.001260926668403858 -0.00124428067348697
    vertex -0.003809919974308112 0.001218404608234915 -0.00165050427913561
  endloop
endfacet
facet normal -0.930802 0.365273 -0.0135493
  outer loop
    vertex -0.003796059000714814 0.001260926668403858 -0.00124428067348697
    vertex -0.003736387055229161 0.001428079750404702 -0.0008373354262732466
    vertex -0.003648761289439225 0.001639067128793024 -0.001169023549528989
  endloop
endfacet
facet normal -0.947955 0.318298 0.00826106
  outer loop
    vertex -0.003736387055229161 0.001428079750404702 -0.0008373354262732466
    vertex -0.003796059000714814 0.001260926668403858 -0.00124428067348697
    vertex -0.003843171399386771 0.001109068796304148 -0.0007993442129055348
  endloop
endfacet
facet normal -0.413435 0.910365 0.0175009
  outer loop
    vertex -0.001643528059853892 0.003646754106938512 -0.001589896523868301
    vertex -0.001864684628175878 0.003538778212525418 -0.00119770983985714
    vertex -0.001428727639966937 0.003736139361800428 -0.001165187474532488
  endloop
endfacet
facet normal -0.518924 0.854666 -0.0162702
  outer loop
    vertex -0.001864684628175878 0.003538778212525418 -0.00119770983985714
    vertex -0.002272692666514795 0.003291636073986593 -0.001166904605501056
    vertex -0.002069351256710937 0.003423125089205603 -0.0007452474841324807
  endloop
endfacet
facet normal -0.461529 0.886944 0.0179425
  outer loop
    vertex -0.001864684628175878 0.003538778212525418 -0.00119770983985714
    vertex -0.002069351256710937 0.003423125089205603 -0.0007452474841324807
    vertex -0.00163906712879616 0.003648761289437816 -0.0008309764504708806
  endloop
endfacet
facet normal -0.411064 0.911378 -0.0204317
  outer loop
    vertex -0.001428727639966937 0.003736139361800428 -0.001165187474532488
    vertex -0.001864684628175878 0.003538778212525418 -0.00119770983985714
    vertex -0.00163906712879616 0.003648761289437816 -0.0008309764504708806
  endloop
endfacet
facet normal -0.56798 0.822861 0.0173047
  outer loop
    vertex -0.002069351256710937 0.003423125089205603 -0.0007452474841324807
    vertex -0.002272692666514795 0.003291636073986593 -0.001166904605501056
    vertex -0.002466875490514971 0.003148733922435576 -0.0007452474841314043
  endloop
endfacet
facet normal -0.616774 0.786949 -0.017337
  outer loop
    vertex -0.002466875490514971 0.003148733922435576 -0.0007452474841314043
    vertex -0.002272692666514795 0.003291636073986593 -0.001166904605501056
    vertex -0.002652490632964333 0.002994042992683384 -0.001163498322753759
  endloop
endfacet
facet normal -0.61658 0.787099 0.0174332
  outer loop
    vertex -0.002652490632964333 0.002994042992683384 -0.001163498322753759
    vertex -0.002272692666514795 0.003291636073986593 -0.001166904605501056
    vertex -0.002467128601085779 0.003148535606548626 -0.001582840194286761
  endloop
endfacet
facet normal -0.568065 0.822984 5.33168e-14
  outer loop
    vertex -0.002069351256710937 0.003423125089205603 -0.0007452474841324807
    vertex -0.002466875490514971 0.003148733922435576 -0.0007452474841314043
    vertex -0.002069351256710627 0.00342312508920579 -0.0003333622396358663
  endloop
endfacet
facet normal -0.652862 0.757416 0.00960091
  outer loop
    vertex -0.002466875490514971 0.003148733922435576 -0.0007452474841314043
    vertex -0.002652490632964333 0.002994042992683384 -0.001163498322753759
    vertex -0.002739427166462614 0.002914710757458897 -0.0008166568694657388
  endloop
endfacet
facet normal -0.568065 0.822984 -1.47548e-13
  outer loop
    vertex -0.002069351256710627 0.00342312508920579 -0.0003333622396358663
    vertex -0.002466875490514971 0.003148733922435576 -0.0007452474841314043
    vertex -0.002466875490514173 0.0031487339224362 -0.0003333622396352815
  endloop
endfacet
facet normal -0.663082 0.748345 -0.0173998
  outer loop
    vertex -0.002828427124746187 0.002828427124746194 -0.001581749161377504
    vertex -0.002652490632964333 0.002994042992683384 -0.001163498322753759
    vertex -0.002467128601085779 0.003148535606548626 -0.001582840194286761
  endloop
endfacet
facet normal -0.709382 0.704557 0.0194152
  outer loop
    vertex -0.002652490632964333 0.002994042992683384 -0.001163498322753759
    vertex -0.002828427124746187 0.002828427124746194 -0.001581749161377504
    vertex -0.002994042992684396 0.002652490632963191 -0.001248386921741149
  endloop
endfacet
facet normal -0.705211 0.708847 -0.0146297
  outer loop
    vertex -0.002652490632964333 0.002994042992683384 -0.001163498322753759
    vertex -0.002994042992684396 0.002652490632963191 -0.001248386921741149
    vertex -0.002739427166462614 0.002914710757458897 -0.0008166568694657388
  endloop
endfacet
facet normal -0.787061 0.616623 -0.0176381
  outer loop
    vertex -0.003291935463574639 0.002272258986924603 -0.000836501677244621
    vertex -0.003146766807169452 0.002469384267645798 -0.0004228870024696881
    vertex -0.002994042992684639 0.002652490632962916 -0.0008365016772442185
  endloop
endfacet
facet normal -0.854655 0.518941 0.0163032
  outer loop
    vertex -0.003538458359112677 0.001865291516312027 -0.0008058226339578212
    vertex -0.003291935463574639 0.002272258986924603 -0.000836501677244621
    vertex -0.003423125089205861 0.00206935125671051 -0.001255112517330605
  endloop
endfacet
facet normal -0.83041 0.557066 -0.00977478
  outer loop
    vertex -0.003423125089205861 0.00206935125671051 -0.001255112517330605
    vertex -0.003291935463574639 0.002272258986924603 -0.000836501677244621
    vertex -0.003222107048167126 0.002370237576731862 -0.001184916035216872
  endloop
endfacet
facet normal -0.787087 0.616643 0.0156618
  outer loop
    vertex -0.003291935463574639 0.002272258986924603 -0.000836501677244621
    vertex -0.002994042992684639 0.002652490632962916 -0.0008365016772442185
    vertex -0.003222107048167126 0.002370237576731862 -0.001184916035216872
  endloop
endfacet
facet normal -0.886959 0.461494 -0.0180809
  outer loop
    vertex -0.003538458359112677 0.001865291516312027 -0.0008058226339578212
    vertex -0.003423125089205861 0.00206935125671051 -0.001255112517330605
    vertex -0.003648761289439225 0.001639067128793024 -0.001169023549528989
  endloop
endfacet
facet normal -0.910369 0.413414 -0.0178099
  outer loop
    vertex -0.003647599383968373 0.001641651221810998 -0.000418250838622477
    vertex -0.003538458359112677 0.001865291516312027 -0.0008058226339578212
    vertex -0.003736387055229161 0.001428079750404702 -0.0008373354262732466
  endloop
endfacet
facet normal -0.911361 0.411085 0.0207276
  outer loop
    vertex -0.003736387055229161 0.001428079750404702 -0.0008373354262732466
    vertex -0.003538458359112677 0.001865291516312027 -0.0008058226339578212
    vertex -0.003648761289439225 0.001639067128793024 -0.001169023549528989
  endloop
endfacet
facet normal -0.777819 0.628488 -4.04051e-14
  outer loop
    vertex -0.002994042992684639 0.002652490632962916 -0.0008365016772442185
    vertex -0.002994042992684396 0.002652490632963191 -0.001248386921741149
    vertex -0.003222107048167126 0.002370237576731862 -0.001184916035216872
  endloop
endfacet
facet normal -0.717433 0.696628 4.05438e-14
  outer loop
    vertex -0.002994042992684396 0.002652490632963191 -0.001248386921741149
    vertex -0.002994042992684639 0.002652490632962916 -0.0008365016772442185
    vertex -0.002739427166462614 0.002914710757458897 -0.0008166568694657388
  endloop
endfacet
facet normal -0.998078 -0.0603726 -0.0139852
  outer loop
    vertex -0.004 0 -0.002
    vertex -0.003970835496392216 -0.0004821467210212922 -0.002
    vertex -0.003983173499210092 -0.0003665090383475285 -0.001618671236213018
  endloop
endfacet
facet normal -0.998948 -0.0458619 -0
  outer loop
    vertex -0.004 0 -0.0015
    vertex -0.004 0 -0.002
    vertex -0.003983173499210092 -0.0003665090383475285 -0.001618671236213018
  endloop
endfacet
facet normal -0.0603726 -0.998078 -0.0139533
  outer loop
    vertex -0.0004821467210212929 -0.003970835496392216 -0.002
    vertex 0 -0.004 -0.002
    vertex -0.0003672091314049659 -0.003983109018569892 -0.001619383228603159
  endloop
endfacet
facet normal -0.0459497 -0.998944 0
  outer loop
    vertex 0 -0.004 -0.002
    vertex 0 -0.004 -0.0015
    vertex -0.0003672091314049659 -0.003983109018569892 -0.001619383228603159
  endloop
endfacet
facet normal -0.998832 -0.0483176 -0
  outer loop
    vertex -0.004 0 0
    vertex -0.004 0 -0.0005
    vertex -0.00398132330417406 -0.0003860890410780174 -0.000409442237525654
  endloop
endfacet
facet normal -0.998111 -0.0603746 0.0114022
  outer loop
    vertex -0.003970835496392216 -0.0004821467210212922 0
    vertex -0.004 0 0
    vertex -0.00398132330417406 -0.0003860890410780174 -0.000409442237525654
  endloop
endfacet
facet normal -0.048318 -0.998832 0
  outer loop
    vertex 0 -0.004 -0.0005
    vertex 0 -0.004 0
    vertex -0.0003860924178275072 -0.003981322976712152 -0.0004094324249532724
  endloop
endfacet
facet normal -0.0603746 -0.998111 0.0114022
  outer loop
    vertex 0 -0.004 0
    vertex -0.0004821467210212929 -0.003970835496392216 0
    vertex -0.0003860924178275072 -0.003981322976712152 -0.0004094324249532724
  endloop
endfacet
facet normal -0.983521 -0.180237 -0.014188
  outer loop
    vertex -0.003970835496392216 -0.0004821467210212922 -0.002
    vertex -0.003883767269704208 -0.000957262657150231 -0.002
    vertex -0.003927042678232772 -0.0007604839270743222 -0.001499895771987375
  endloop
endfacet
facet normal -0.990365 -0.138132 0.00984498
  outer loop
    vertex -0.003970835496392216 -0.0004821467210212922 -0.002
    vertex -0.003927042678232772 -0.0007604839270743222 -0.001499895771987375
    vertex -0.003983173499210092 -0.0003665090383475285 -0.001618671236213018
  endloop
endfacet
facet normal -0.954576 -0.297458 -0.0174457
  outer loop
    vertex -0.003883767269704208 -0.000957262657150231 -0.002
    vertex -0.003740064970741659 -0.001418419548170142 -0.002
    vertex -0.003818883466034183 -0.001190012215420812 -0.001581749161377651
  endloop
endfacet
facet normal -0.969048 -0.24652 0.0131453
  outer loop
    vertex -0.003883767269704208 -0.000957262657150231 -0.002
    vertex -0.003818883466034183 -0.001190012215420812 -0.001581749161377651
    vertex -0.003927042678232772 -0.0007604839270743222 -0.001499895771987375
  endloop
endfacet
facet normal -0.911728 -0.410336 -0.0193904
  outer loop
    vertex -0.003740064970741659 -0.001418419548170142 -0.002
    vertex -0.00354182410261284 -0.001858892688175074 -0.002
    vertex -0.003647599383968361 -0.001641651221811027 -0.00162370989516737
  endloop
endfacet
facet normal -0.934292 -0.356036 0.0183667
  outer loop
    vertex -0.003818883466034183 -0.001190012215420812 -0.001581749161377651
    vertex -0.003740064970741659 -0.001418419548170142 -0.002
    vertex -0.003647599383968361 -0.001641651221811027 -0.00162370989516737
  endloop
endfacet
facet normal -0.855651 -0.517259 -0.0174457
  outer loop
    vertex -0.00354182410261284 -0.001858892688175074 -0.002
    vertex -0.003291935463574626 -0.002272258986924623 -0.002
    vertex -0.00342312508920579 -0.002069351256710627 -0.001581749161377651
  endloop
endfacet
facet normal -0.886047 -0.463231 0.0183667
  outer loop
    vertex -0.00354182410261284 -0.001858892688175074 -0.002
    vertex -0.00342312508920579 -0.002069351256710627 -0.001581749161377651
    vertex -0.003647599383968361 -0.001641651221811027 -0.00162370989516737
  endloop
endfacet
facet normal -0.786995 -0.616571 -0.0218862
  outer loop
    vertex -0.003291935463574626 -0.002272258986924623 -0.002
    vertex -0.002994042992684405 -0.002652490632963181 -0.002
    vertex -0.003148733922436201 -0.002466875490514172 -0.001666637760364176
  endloop
endfacet
facet normal -0.820886 -0.570762 0.0194152
  outer loop
    vertex -0.00342312508920579 -0.002069351256710627 -0.001581749161377651
    vertex -0.003291935463574626 -0.002272258986924623 -0.002
    vertex -0.003148733922436201 -0.002466875490514172 -0.001666637760364176
  endloop
endfacet
facet normal -0.706999 -0.706999 -0.0174457
  outer loop
    vertex -0.002994042992684405 -0.002652490632963181 -0.002
    vertex -0.002652490632963181 -0.002994042992684404 -0.002
    vertex -0.00282842712474619 -0.00282842712474619 -0.001581749161377577
  endloop
endfacet
facet normal -0.750628 -0.66044 0.0194152
  outer loop
    vertex -0.002994042992684405 -0.002652490632963181 -0.002
    vertex -0.00282842712474619 -0.00282842712474619 -0.001581749161377577
    vertex -0.003148733922436201 -0.002466875490514172 -0.001666637760364176
  endloop
endfacet
facet normal -0.616571 -0.786995 -0.0218852
  outer loop
    vertex -0.002652490632963181 -0.002994042992684404 -0.002
    vertex -0.002272258986924623 -0.003291935463574625 -0.002
    vertex -0.002466875490514173 -0.003148733922436201 -0.001666622352940334
  endloop
endfacet
facet normal -0.66044 -0.750627 0.0194148
  outer loop
    vertex -0.00282842712474619 -0.00282842712474619 -0.001581749161377577
    vertex -0.002652490632963181 -0.002994042992684404 -0.002
    vertex -0.002466875490514173 -0.003148733922436201 -0.001666622352940334
  endloop
endfacet
facet normal -0.517276 -0.855679 -0.0154728
  outer loop
    vertex -0.002272258986924623 -0.003291935463574625 -0.002
    vertex -0.001858892688175074 -0.003541824102612839 -0.002
    vertex -0.002094810188812485 -0.003407604770633971 -0.001535586405826264
  endloop
endfacet
facet normal -0.574815 -0.81813 0.0158647
  outer loop
    vertex -0.002272258986924623 -0.003291935463574625 -0.002
    vertex -0.002094810188812485 -0.003407604770633971 -0.001535586405826264
    vertex -0.002466875490514173 -0.003148733922436201 -0.001666622352940334
  endloop
endfacet
facet normal -0.41035 -0.911761 -0.0174457
  outer loop
    vertex -0.001858892688175074 -0.003541824102612839 -0.002
    vertex -0.001418419548170143 -0.003740064970741659 -0.002
    vertex -0.001641651221810606 -0.00364759938396855 -0.001581749161377251
  endloop
endfacet
facet normal -0.466456 -0.884348 0.0186287
  outer loop
    vertex -0.002094810188812485 -0.003407604770633971 -0.001535586405826264
    vertex -0.001858892688175074 -0.003541824102612839 -0.002
    vertex -0.001641651221810606 -0.00364759938396855 -0.001581749161377251
  endloop
endfacet
facet normal -0.297458 -0.954576 -0.0174457
  outer loop
    vertex -0.001418419548170143 -0.003740064970741659 -0.002
    vertex -0.0009572626571502313 -0.003883767269704208 -0.002
    vertex -0.001190012215420813 -0.003818883466034183 -0.001581749161377651
  endloop
endfacet
facet normal -0.354551 -0.934874 0.0174457
  outer loop
    vertex -0.001418419548170143 -0.003740064970741659 -0.002
    vertex -0.001190012215420813 -0.003818883466034183 -0.001581749161377651
    vertex -0.001641651221810606 -0.00364759938396855 -0.001581749161377251
  endloop
endfacet
facet normal -0.180237 -0.98352 -0.0142336
  outer loop
    vertex -0.0009572626571502313 -0.003883767269704208 -0.002
    vertex -0.0004821467210212929 -0.003970835496392216 -0.002
    vertex -0.0007597802491077663 -0.003927178882234134 -0.001500998578074153
  endloop
endfacet
facet normal -0.24641 -0.969076 0.0132112
  outer loop
    vertex -0.001190012215420813 -0.003818883466034183 -0.001581749161377651
    vertex -0.0009572626571502313 -0.003883767269704208 -0.002
    vertex -0.0007597802491077663 -0.003927178882234134 -0.001500998578074153
  endloop
endfacet
facet normal -0.138148 -0.990363 0.00978204
  outer loop
    vertex -0.0007597802491077663 -0.003927178882234134 -0.001500998578074153
    vertex -0.0004821467210212929 -0.003970835496392216 -0.002
    vertex -0.0003672091314049659 -0.003983109018569892 -0.001619383228603159
  endloop
endfacet
facet normal -0.998545 -0.0539332 -0
  outer loop
    vertex -0.004 0 -0.001
    vertex -0.004 0 -0.0015
    vertex -0.003976729716740316 -0.0004308372778607865 -0.001247319728948183
  endloop
endfacet
facet normal -0.998772 -0.0487321 0.00888922
  outer loop
    vertex -0.003976729716740316 -0.0004308372778607865 -0.001247319728948183
    vertex -0.004 0 -0.0015
    vertex -0.003983173499210092 -0.0003665090383475285 -0.001618671236213018
  endloop
endfacet
facet normal -0.998534 -0.0541266 -0
  outer loop
    vertex -0.004 0 -0.0005
    vertex -0.004 0 -0.001
    vertex -0.003976562499999954 -0.0004323779406885981 -0.00075
  endloop
endfacet
facet normal -0.998539 -0.0540295 0.000168365
  outer loop
    vertex -0.003976562499999954 -0.0004323779406885981 -0.00075
    vertex -0.004 0 -0.001
    vertex -0.003976729716740316 -0.0004308372778607865 -0.001247319728948183
  endloop
endfacet
facet normal -0.998724 -0.0499932 -0.00716647
  outer loop
    vertex -0.004 0 -0.0005
    vertex -0.003976562499999954 -0.0004323779406885981 -0.00075
    vertex -0.00398132330417406 -0.0003860890410780174 -0.000409442237525654
  endloop
endfacet
facet normal -0.0541266 -0.998534 0
  outer loop
    vertex 0 -0.004 -0.0015
    vertex 0 -0.004 -0.001
    vertex -0.0004323779406883881 -0.003976562499999978 -0.00125
  endloop
endfacet
facet normal -0.0488918 -0.998763 0.00907513
  outer loop
    vertex 0 -0.004 -0.0015
    vertex -0.0004323779406883881 -0.003976562499999978 -0.00125
    vertex -0.0003672091314049659 -0.003983109018569892 -0.001619383228603159
  endloop
endfacet
facet normal -0.0541266 -0.998534 0
  outer loop
    vertex 0 -0.004 -0.001
    vertex 0 -0.004 -0.0005
    vertex -0.0004323779406883218 -0.003976562499999984 -0.00075
  endloop
endfacet
facet normal -0.0541266 -0.998534 -6.68602e-15
  outer loop
    vertex 0 -0.004 -0.001
    vertex -0.0004323779406883218 -0.003976562499999984 -0.00075
    vertex -0.0004323779406883881 -0.003976562499999978 -0.00125
  endloop
endfacet
facet normal -0.0499937 -0.998724 -0.00716574
  outer loop
    vertex -0.0004323779406883218 -0.003976562499999984 -0.00075
    vertex 0 -0.004 -0.0005
    vertex -0.0003860924178275072 -0.003981322976712152 -0.0004094324249532724
  endloop
endfacet
facet normal -0.983573 -0.180246 0.00977114
  outer loop
    vertex -0.003883767269704208 -0.000957262657150231 0
    vertex -0.003970835496392216 -0.0004821467210212922 0
    vertex -0.003907590319158178 -0.0008548320873840023 -0.0005085346965728983
  endloop
endfacet
facet normal -0.98814 -0.153187 -0.0106276
  outer loop
    vertex -0.003907590319158178 -0.0008548320873840023 -0.0005085346965728983
    vertex -0.003970835496392216 -0.0004821467210212922 0
    vertex -0.00398132330417406 -0.0003860890410780174 -0.000409442237525654
  endloop
endfacet
facet normal -0.954519 -0.29744 0.0205595
  outer loop
    vertex -0.003740064970741659 -0.001418419548170142 0
    vertex -0.003883767269704208 -0.000957262657150231 0
    vertex -0.003809919974307645 -0.001218404608236376 -0.000349495720865408
  endloop
endfacet
facet normal -0.964883 -0.262569 -0.00768605
  outer loop
    vertex -0.003883767269704208 -0.000957262657150231 0
    vertex -0.003907590319158178 -0.0008548320873840023 -0.0005085346965728983
    vertex -0.003809919974307645 -0.001218404608236376 -0.000349495720865408
  endloop
endfacet
facet normal -0.911752 -0.410346 0.0180091
  outer loop
    vertex -0.00354182410261284 -0.001858892688175074 0
    vertex -0.003740064970741659 -0.001418419548170142 0
    vertex -0.003647857512604536 -0.001641077562985567 -0.0004051590202816748
  endloop
endfacet
facet normal -0.934329 -0.356005 -0.0169925
  outer loop
    vertex -0.003647857512604536 -0.001641077562985567 -0.0004051590202816748
    vertex -0.003740064970741659 -0.001418419548170142 0
    vertex -0.003809919974307645 -0.001218404608236376 -0.000349495720865408
  endloop
endfacet
facet normal -0.85565 -0.517259 0.0175005
  outer loop
    vertex -0.003291935463574626 -0.002272258986924623 0
    vertex -0.00354182410261284 -0.001858892688175074 0
    vertex -0.003423166809574712 -0.002069282241219424 -0.0004169406030179728
  endloop
endfacet
facet normal -0.885558 -0.464187 -0.0177911
  outer loop
    vertex -0.00354182410261284 -0.001858892688175074 0
    vertex -0.003647857512604536 -0.001641077562985567 -0.0004051590202816748
    vertex -0.003423166809574712 -0.002069282241219424 -0.0004169406030179728
  endloop
endfacet
facet normal -0.787064 -0.616625 0.0174512
  outer loop
    vertex -0.002994042992684405 -0.002652490632963181 0
    vertex -0.003291935463574626 -0.002272258986924623 0
    vertex -0.003148739007894503 -0.002466868999392456 -0.0004181191149977897
  endloop
endfacet
facet normal -0.822889 -0.567934 -0.017481
  outer loop
    vertex -0.003291935463574626 -0.002272258986924623 0
    vertex -0.003423166809574712 -0.002069282241219424 -0.0004169406030179728
    vertex -0.003148739007894503 -0.002466868999392456 -0.0004181191149977897
  endloop
endfacet
facet normal -0.706999 -0.706999 0.017446
  outer loop
    vertex -0.002652490632963181 -0.002994042992684404 0
    vertex -0.002994042992684405 -0.002652490632963181 0
    vertex -0.002828427124449472 -0.002828427125042908 -0.0004182444683996881
  endloop
endfacet
facet normal -0.7484 -0.663018 -0.0174492
  outer loop
    vertex -0.002828427124449472 -0.002828427125042908 -0.0004182444683996881
    vertex -0.002994042992684405 -0.002652490632963181 0
    vertex -0.003148739007894503 -0.002466868999392456 -0.0004181191149977897
  endloop
endfacet
facet normal -0.616621 -0.787058 0.0178218
  outer loop
    vertex -0.002272258986924623 -0.003291935463574625 0
    vertex -0.002652490632963181 -0.002994042992684404 0
    vertex -0.002464529118247883 -0.003150570777701767 -0.0004093594763529
  endloop
endfacet
facet normal -0.662494 -0.748855 -0.0178493
  outer loop
    vertex -0.002652490632963181 -0.002994042992684404 0
    vertex -0.002828427124449472 -0.002828427125042908 -0.0004182444683996881
    vertex -0.002464529118247883 -0.003150570777701767 -0.0004093594763529
  endloop
endfacet
facet normal -0.517259 -0.855651 0.017446
  outer loop
    vertex -0.001858892688175074 -0.003541824102612839 0
    vertex -0.002272258986924623 -0.003291935463574625 0
    vertex -0.002069339537604761 -0.003423132173624868 -0.0004182429600198614
  endloop
endfacet
facet normal -0.567936 -0.822888 -0.0174181
  outer loop
    vertex -0.002272258986924623 -0.003291935463574625 0
    vertex -0.002464529118247883 -0.003150570777701767 -0.0004093594763529
    vertex -0.002069339537604761 -0.003423132173624868 -0.0004182429600198614
  endloop
endfacet
facet normal -0.410367 -0.911797 0.0150124
  outer loop
    vertex -0.001418419548170143 -0.003740064970741659 0
    vertex -0.001858892688175074 -0.003541824102612839 0
    vertex -0.001623856868970345 -0.003655555890572298 -0.0004828975814793715
  endloop
endfacet
facet normal -0.464492 -0.885403 -0.0175479
  outer loop
    vertex -0.001623856868970345 -0.003655555890572298 -0.0004828975814793715
    vertex -0.001858892688175074 -0.003541824102612839 0
    vertex -0.002069339537604761 -0.003423132173624868 -0.0004182429600198614
  endloop
endfacet
facet normal -0.29744 -0.954519 0.0205856
  outer loop
    vertex -0.0009572626571502313 -0.003883767269704208 0
    vertex -0.001418419548170143 -0.003740064970741659 0
    vertex -0.001218204434213378 -0.003809983983754113 -0.0003491287074032254
  endloop
endfacet
facet normal -0.351651 -0.936024 -0.0142066
  outer loop
    vertex -0.001418419548170143 -0.003740064970741659 0
    vertex -0.001623856868970345 -0.003655555890572298 -0.0004828975814793715
    vertex -0.001218204434213378 -0.003809983983754113 -0.0003491287074032254
  endloop
endfacet
facet normal -0.180246 -0.983573 0.00976729
  outer loop
    vertex -0.0004821467210212929 -0.003970835496392216 0
    vertex -0.0009572626571502313 -0.003883767269704208 0
    vertex -0.0008549317392701502 -0.003907568517785519 -0.0005083783689585313
  endloop
endfacet
facet normal -0.262558 -0.964886 -0.00767611
  outer loop
    vertex -0.0008549317392701502 -0.003907568517785519 -0.0005083783689585313
    vertex -0.0009572626571502313 -0.003883767269704208 0
    vertex -0.001218204434213378 -0.003809983983754113 -0.0003491287074032254
  endloop
endfacet
facet normal -0.153203 -0.988138 -0.0106312
  outer loop
    vertex -0.0004821467210212929 -0.003970835496392216 0
    vertex -0.0008549317392701502 -0.003907568517785519 -0.0005083783689585313
    vertex -0.0003860924178275072 -0.003981322976712152 -0.0004094324249532724
  endloop
endfacet
facet normal -0.822984 -0.568065 1.67295e-14
  outer loop
    vertex -0.00342312508920579 -0.002069351256710627 -0.001581749161377651
    vertex -0.003148733922436236 -0.002466875490514128 -0.00125475251586764
    vertex -0.003423125089205849 -0.00206935125671053 -0.001169863916880959
  endloop
endfacet
facet normal -0.822984 -0.568065 -8.31394e-15
  outer loop
    vertex -0.003148733922436236 -0.002466875490514128 -0.00125475251586764
    vertex -0.00342312508920579 -0.002069351256710627 -0.001581749161377651
    vertex -0.003148733922436201 -0.002466875490514172 -0.001666637760364176
  endloop
endfacet
facet normal -0.884179 -0.466488 -0.0248155
  outer loop
    vertex -0.003647599383968361 -0.001641651221811027 -0.00162370989516737
    vertex -0.00342312508920579 -0.002069351256710627 -0.001581749161377651
    vertex -0.003569398946633539 -0.001805378397946365 -0.001332218524205787
  endloop
endfacet
facet normal -0.874688 -0.484686 -1.04272e-14
  outer loop
    vertex -0.00342312508920579 -0.002069351256710627 -0.001581749161377651
    vertex -0.003423125089205849 -0.00206935125671053 -0.001169863916880959
    vertex -0.003569398946633539 -0.001805378397946365 -0.001332218524205787
  endloop
endfacet
facet normal -0.571126 -0.820862 -7.58594e-06
  outer loop
    vertex -0.002094810188812485 -0.003407604770633971 -0.001535586405826264
    vertex -0.002466832074120952 -0.003148767936525034 -0.001254724643201971
    vertex -0.002466875490514173 -0.003148733922436201 -0.001666622352940334
  endloop
endfacet
facet normal -0.57836 -0.815655 -0.0143882
  outer loop
    vertex -0.002466832074120952 -0.003148767936525034 -0.001254724643201971
    vertex -0.002094810188812485 -0.003407604770633971 -0.001535586405826264
    vertex -0.002174529122103433 -0.003357294014101844 -0.001183212043214219
  endloop
endfacet
facet normal -0.469564 -0.882657 -0.0206705
  outer loop
    vertex -0.002094810188812485 -0.003407604770633971 -0.001535586405826264
    vertex -0.001641651221810606 -0.00364759938396855 -0.001581749161377251
    vertex -0.001858892688175177 -0.003541824102612786 -0.001163498322754944
  endloop
endfacet
facet normal -0.505101 -0.863014 0.00894712
  outer loop
    vertex -0.002094810188812485 -0.003407604770633971 -0.001535586405826264
    vertex -0.001858892688175177 -0.003541824102612786 -0.001163498322754944
    vertex -0.002174529122103433 -0.003357294014101844 -0.001183212043214219
  endloop
endfacet
facet normal -0.935356 -0.353429 -0.0140391
  outer loop
    vertex -0.003700305903119665 -0.001519123504965202 -0.001196725959692517
    vertex -0.003818883466034183 -0.001190012215420812 -0.001581749161377651
    vertex -0.003647599383968361 -0.001641651221811027 -0.00162370989516737
  endloop
endfacet
facet normal -0.942042 -0.335477 0.00336578
  outer loop
    vertex -0.003818883466034183 -0.001190012215420812 -0.001581749161377651
    vertex -0.003700305903119665 -0.001519123504965202 -0.001196725959692517
    vertex -0.003827447611658797 -0.001162172439876015 -0.001203884212215814
  endloop
endfacet
facet normal -0.969903 -0.24346 -0.00404517
  outer loop
    vertex -0.003927042678232772 -0.0007604839270743222 -0.001499895771987375
    vertex -0.003818883466034183 -0.001190012215420812 -0.001581749161377651
    vertex -0.003827447611658797 -0.001162172439876015 -0.001203884212215814
  endloop
endfacet
facet normal -0.354549 -0.934868 -0.0177915
  outer loop
    vertex -0.001641651221810606 -0.00364759938396855 -0.001581749161377251
    vertex -0.001190012215420813 -0.003818883466034183 -0.001581749161377651
    vertex -0.001419284420633702 -0.003739736853489355 -0.001171636683328923
  endloop
endfacet
facet normal -0.312378 -0.949918 0.00868821
  outer loop
    vertex -0.001419284420633702 -0.003739736853489355 -0.001171636683328923
    vertex -0.001190012215420813 -0.003818883466034183 -0.001581749161377651
    vertex -0.001092123122376055 -0.003848021190894299 -0.001247966340284265
  endloop
endfacet
facet normal -0.241633 -0.970269 -0.0138358
  outer loop
    vertex -0.001190012215420813 -0.003818883466034183 -0.001581749161377651
    vertex -0.0007597802491077663 -0.003927178882234134 -0.001500998578074153
    vertex -0.001092123122376055 -0.003848021190894299 -0.001247966340284265
  endloop
endfacet
facet normal -0.748378 -0.66301 0.0186615
  outer loop
    vertex -0.002828427124449472 -0.002828427125042908 -0.0004182444683996881
    vertex -0.003148739007894503 -0.002466868999392456 -0.0004181191149977897
    vertex -0.002998919612417598 -0.002646975851468443 -0.0008088237207179683
  endloop
endfacet
facet normal -0.706961 -0.706974 -0.0198415
  outer loop
    vertex -0.002828427124449472 -0.002828427125042908 -0.0004182444683996881
    vertex -0.002998919612417598 -0.002646975851468443 -0.0008088237207179683
    vertex -0.002647609051554968 -0.00299836060375069 -0.0008059607868837985
  endloop
endfacet
facet normal -0.662984 -0.748397 0.0188236
  outer loop
    vertex -0.002828427124449472 -0.002828427125042908 -0.0004182444683996881
    vertex -0.002647609051554968 -0.00299836060375069 -0.0008059607868837985
    vertex -0.002464529118247883 -0.003150570777701767 -0.0004093594763529
  endloop
endfacet
facet normal -0.357395 -0.933936 0.00562412
  outer loop
    vertex -0.001623856868970345 -0.003655555890572298 -0.0004828975814793715
    vertex -0.001261338454734609 -0.003795922193961266 -0.0007550744786835989
    vertex -0.001218204434213378 -0.003809983983754113 -0.0003491287074032254
  endloop
endfacet
facet normal -0.356574 -0.934242 0.00687626
  outer loop
    vertex -0.001261338454734609 -0.003795922193961266 -0.0007550744786835989
    vertex -0.001623856868970345 -0.003655555890572298 -0.0004828975814793715
    vertex -0.001575964961702707 -0.003676456777861721 -0.0008391221504255846
  endloop
endfacet
facet normal -0.459428 -0.887832 0.0260771
  outer loop
    vertex -0.001623856868970345 -0.003655555890572298 -0.0004828975814793715
    vertex -0.002069339537604761 -0.003423132173624868 -0.0004182429600198614
    vertex -0.001858891440245642 -0.003541824757576451 -0.0007516135460252818
  endloop
endfacet
facet normal -0.43094 -0.902367 -0.00499198
  outer loop
    vertex -0.001623856868970345 -0.003655555890572298 -0.0004828975814793715
    vertex -0.001858891440245642 -0.003541824757576451 -0.0007516135460252818
    vertex -0.001575964961702707 -0.003676456777861721 -0.0008391221504255846
  endloop
endfacet
facet normal -0.92315 -0.38358 -0.0256902
  outer loop
    vertex -0.003647857512604536 -0.001641077562985567 -0.0004051590202816748
    vertex -0.003796059000714419 -0.001260926668405046 -0.0007557193265142175
    vertex -0.003549469357666877 -0.001844252498706154 -0.000907032190209202
  endloop
endfacet
facet normal -0.933452 -0.358657 0.00569208
  outer loop
    vertex -0.003796059000714419 -0.001260926668405046 -0.0007557193265142175
    vertex -0.003647857512604536 -0.001641077562985567 -0.0004051590202816748
    vertex -0.003809919974307645 -0.001218404608236376 -0.000349495720865408
  endloop
endfacet
facet normal -0.885236 -0.464911 0.0146681
  outer loop
    vertex -0.003423166809574712 -0.002069282241219424 -0.0004169406030179728
    vertex -0.003647857512604536 -0.001641077562985567 -0.0004051590202816748
    vertex -0.003549469357666877 -0.001844252498706154 -0.000907032190209202
  endloop
endfacet
facet normal -0.748511 -0.663123 1.32048e-13
  outer loop
    vertex -0.003148733922436236 -0.002466875490514128 -0.00125475251586764
    vertex -0.00282842712474619 -0.00282842712474619 -0.001581749161377577
    vertex -0.002828427124745557 -0.002828427124746823 -0.001169863916880903
  endloop
endfacet
facet normal -0.748511 -0.663123 8.18233e-15
  outer loop
    vertex -0.00282842712474619 -0.00282842712474619 -0.001581749161377577
    vertex -0.003148733922436236 -0.002466875490514128 -0.00125475251586764
    vertex -0.003148733922436201 -0.002466875490514172 -0.001666637760364176
  endloop
endfacet
facet normal -0.663122 -0.748512 8.08551e-06
  outer loop
    vertex -0.002466832074120952 -0.003148767936525034 -0.001254724643201971
    vertex -0.00282842712474619 -0.00282842712474619 -0.001581749161377577
    vertex -0.002466875490514173 -0.003148733922436201 -0.001666622352940334
  endloop
endfacet
facet normal -0.663117 -0.748515 -1.3058e-13
  outer loop
    vertex -0.00282842712474619 -0.00282842712474619 -0.001581749161377577
    vertex -0.002466832074120952 -0.003148767936525034 -0.001254724643201971
    vertex -0.002828427124745557 -0.002828427124746823 -0.001169863916880903
  endloop
endfacet
facet normal -0.986986 -0.160806 -0.000166307
  outer loop
    vertex -0.003976562499999954 -0.0004323779406885981 -0.00075
    vertex -0.003976729716740316 -0.0004308372778607865 -0.001247319728948183
    vertex -0.003908065799310388 -0.0008526556797796232 -0.0008823394156082221
  endloop
endfacet
facet normal -0.986962 -0.160955 0.000318287
  outer loop
    vertex -0.003976562499999954 -0.0004323779406885981 -0.00075
    vertex -0.003908065799310388 -0.0008526556797796232 -0.0008823394156082221
    vertex -0.003907590319158178 -0.0008548320873840023 -0.0005085346965728983
  endloop
endfacet
facet normal -0.98758 -0.156937 0.00752514
  outer loop
    vertex -0.003976562499999954 -0.0004323779406885981 -0.00075
    vertex -0.003907590319158178 -0.0008548320873840023 -0.0005085346965728983
    vertex -0.00398132330417406 -0.0003860890410780174 -0.000409442237525654
  endloop
endfacet
facet normal -0.160944 -0.986964 7.62651e-15
  outer loop
    vertex -0.0004323779406883881 -0.003976562499999978 -0.00125
    vertex -0.0004323779406883218 -0.003976562499999984 -0.00075
    vertex -0.0008533423463875402 -0.003907915920265149 -0.0008811743110135623
  endloop
endfacet
facet normal -0.161015 -0.986952 0.000233248
  outer loop
    vertex -0.0008533423463875402 -0.003907915920265149 -0.0008811743110135623
    vertex -0.0004323779406883218 -0.003976562499999984 -0.00075
    vertex -0.0008549317392701502 -0.003907568517785519 -0.0005083783689585313
  endloop
endfacet
facet normal -0.156947 -0.987578 0.00752577
  outer loop
    vertex -0.0008549317392701502 -0.003907568517785519 -0.0005083783689585313
    vertex -0.0004323779406883218 -0.003976562499999984 -0.00075
    vertex -0.0003860924178275072 -0.003981322976712152 -0.0004094324249532724
  endloop
endfacet
facet normal -0.987965 -0.154506 0.0072987
  outer loop
    vertex -0.003908065799310388 -0.0008526556797796232 -0.0008823394156082221
    vertex -0.003976729716740316 -0.0004308372778607865 -0.001247319728948183
    vertex -0.003927042678232772 -0.0007604839270743222 -0.001499895771987375
  endloop
endfacet
facet normal -0.989649 -0.143305 -0.00765175
  outer loop
    vertex -0.003927042678232772 -0.0007604839270743222 -0.001499895771987375
    vertex -0.003976729716740316 -0.0004308372778607865 -0.001247319728948183
    vertex -0.003983173499210092 -0.0003665090383475285 -0.001618671236213018
  endloop
endfacet
facet normal -0.964342 -0.264659 -0.000314284
  outer loop
    vertex -0.003907590319158178 -0.0008548320873840023 -0.0005085346965728983
    vertex -0.003908065799310388 -0.0008526556797796232 -0.0008823394156082221
    vertex -0.003796059000714419 -0.001260926668405046 -0.0007557193265142175
  endloop
endfacet
facet normal -0.965101 -0.26169 0.00992972
  outer loop
    vertex -0.003796059000714419 -0.001260926668405046 -0.0007557193265142175
    vertex -0.003908065799310388 -0.0008526556797796232 -0.0008823394156082221
    vertex -0.003827447611658797 -0.001162172439876015 -0.001203884212215814
  endloop
endfacet
facet normal -0.9694 -0.245392 -0.00683668
  outer loop
    vertex -0.003908065799310388 -0.0008526556797796232 -0.0008823394156082221
    vertex -0.003927042678232772 -0.0007604839270743222 -0.001499895771987375
    vertex -0.003827447611658797 -0.001162172439876015 -0.001203884212215814
  endloop
endfacet
facet normal -0.965134 -0.261697 -0.00553835
  outer loop
    vertex -0.003907590319158178 -0.0008548320873840023 -0.0005085346965728983
    vertex -0.003796059000714419 -0.001260926668405046 -0.0007557193265142175
    vertex -0.003809919974307645 -0.001218404608236376 -0.000349495720865408
  endloop
endfacet
facet normal -0.917499 -0.396378 0.032857
  outer loop
    vertex -0.003549469357666877 -0.001844252498706154 -0.000907032190209202
    vertex -0.003796059000714419 -0.001260926668405046 -0.0007557193265142175
    vertex -0.003700305903119665 -0.001519123504965202 -0.001196725959692517
  endloop
endfacet
facet normal -0.941946 -0.33567 -0.00799366
  outer loop
    vertex -0.003700305903119665 -0.001519123504965202 -0.001196725959692517
    vertex -0.003796059000714419 -0.001260926668405046 -0.0007557193265142175
    vertex -0.003827447611658797 -0.001162172439876015 -0.001203884212215814
  endloop
endfacet
facet normal -0.154657 -0.987941 0.007358
  outer loop
    vertex -0.0004323779406883881 -0.003976562499999978 -0.00125
    vertex -0.0008533423463875402 -0.003907915920265149 -0.0008811743110135623
    vertex -0.0007597802491077663 -0.003927178882234134 -0.001500998578074153
  endloop
endfacet
facet normal -0.143333 -0.989644 -0.00774829
  outer loop
    vertex -0.0004323779406883881 -0.003976562499999978 -0.00125
    vertex -0.0007597802491077663 -0.003927178882234134 -0.001500998578074153
    vertex -0.0003672091314049659 -0.003983109018569892 -0.001619383228603159
  endloop
endfacet
facet normal -0.264772 -0.964311 -0.000230212
  outer loop
    vertex -0.0008533423463875402 -0.003907915920265149 -0.0008811743110135623
    vertex -0.0008549317392701502 -0.003907568517785519 -0.0005083783689585313
    vertex -0.001261338454734609 -0.003795922193961266 -0.0007550744786835989
  endloop
endfacet
facet normal -0.261126 -0.965225 0.0123775
  outer loop
    vertex -0.0008533423463875402 -0.003907915920265149 -0.0008811743110135623
    vertex -0.001261338454734609 -0.003795922193961266 -0.0007550744786835989
    vertex -0.001092123122376055 -0.003848021190894299 -0.001247966340284265
  endloop
endfacet
facet normal -0.235551 -0.971847 -0.00535311
  outer loop
    vertex -0.0007597802491077663 -0.003927178882234134 -0.001500998578074153
    vertex -0.0008533423463875402 -0.003907915920265149 -0.0008811743110135623
    vertex -0.001092123122376055 -0.003848021190894299 -0.001247966340284265
  endloop
endfacet
facet normal -0.261723 -0.965127 -0.00562206
  outer loop
    vertex -0.001261338454734609 -0.003795922193961266 -0.0007550744786835989
    vertex -0.0008549317392701502 -0.003907568517785519 -0.0005083783689585313
    vertex -0.001218204434213378 -0.003809983983754113 -0.0003491287074032254
  endloop
endfacet
facet normal -0.315926 -0.948749 -0.00817765
  outer loop
    vertex -0.001261338454734609 -0.003795922193961266 -0.0007550744786835989
    vertex -0.001419284420633702 -0.003739736853489355 -0.001171636683328923
    vertex -0.001092123122376055 -0.003848021190894299 -0.001247966340284265
  endloop
endfacet
facet normal -0.357167 -0.933993 0.0094495
  outer loop
    vertex -0.001419284420633702 -0.003739736853489355 -0.001171636683328923
    vertex -0.001261338454734609 -0.003795922193961266 -0.0007550744786835989
    vertex -0.001575964961702707 -0.003676456777861721 -0.0008391221504255846
  endloop
endfacet
facet normal -0.855468 -0.517571 -0.0171828
  outer loop
    vertex -0.003423166809574712 -0.002069282241219424 -0.0004169406030179728
    vertex -0.003549469357666877 -0.001844252498706154 -0.000907032190209202
    vertex -0.003291935463574645 -0.002272258986924594 -0.0008365016772449957
  endloop
endfacet
facet normal -0.822841 -0.568004 0.0174209
  outer loop
    vertex -0.003423166809574712 -0.002069282241219424 -0.0004169406030179728
    vertex -0.003291935463574645 -0.002272258986924594 -0.0008365016772449957
    vertex -0.003148739007894503 -0.002466868999392456 -0.0004181191149977897
  endloop
endfacet
facet normal -0.858447 -0.512241 0.0260429
  outer loop
    vertex -0.003291935463574645 -0.002272258986924594 -0.0008365016772449957
    vertex -0.003549469357666877 -0.001844252498706154 -0.000907032190209202
    vertex -0.003423125089205849 -0.00206935125671053 -0.001169863916880959
  endloop
endfacet
facet normal -0.908618 -0.417606 0.00440826
  outer loop
    vertex -0.003549469357666877 -0.001844252498706154 -0.000907032190209202
    vertex -0.003700305903119665 -0.001519123504965202 -0.001196725959692517
    vertex -0.003569398946633539 -0.001805378397946365 -0.001332218524205787
  endloop
endfacet
facet normal -0.873766 -0.486334 -0.003509
  outer loop
    vertex -0.003423125089205849 -0.00206935125671053 -0.001169863916880959
    vertex -0.003549469357666877 -0.001844252498706154 -0.000907032190209202
    vertex -0.003569398946633539 -0.001805378397946365 -0.001332218524205787
  endloop
endfacet
facet normal -0.787003 -0.616702 -0.0174967
  outer loop
    vertex -0.003148739007894503 -0.002466868999392456 -0.0004181191149977897
    vertex -0.003291935463574645 -0.002272258986924594 -0.0008365016772449957
    vertex -0.002998919612417598 -0.002646975851468443 -0.0008088237207179683
  endloop
endfacet
facet normal -0.788231 -0.615161 0.0163648
  outer loop
    vertex -0.002998919612417598 -0.002646975851468443 -0.0008088237207179683
    vertex -0.003291935463574645 -0.002272258986924594 -0.0008365016772449957
    vertex -0.003148733922436236 -0.002466875490514128 -0.00125475251586764
  endloop
endfacet
facet normal -0.824762 -0.565146 -0.0194152
  outer loop
    vertex -0.003148733922436236 -0.002466875490514128 -0.00125475251586764
    vertex -0.003291935463574645 -0.002272258986924594 -0.0008365016772449957
    vertex -0.003423125089205849 -0.00206935125671053 -0.001169863916880959
  endloop
endfacet
facet normal -0.907916 -0.419072 0.00818508
  outer loop
    vertex -0.003700305903119665 -0.001519123504965202 -0.001196725959692517
    vertex -0.003647599383968361 -0.001641651221811027 -0.00162370989516737
    vertex -0.003569398946633539 -0.001805378397946365 -0.001332218524205787
  endloop
endfacet
facet normal -0.707108 -0.706785 0.0213008
  outer loop
    vertex -0.002647609051554968 -0.00299836060375069 -0.0008059607868837985
    vertex -0.002998919612417598 -0.002646975851468443 -0.0008088237207179683
    vertex -0.002828427124745557 -0.002828427124746823 -0.001169863916880903
  endloop
endfacet
facet normal -0.746287 -0.665381 -0.0180093
  outer loop
    vertex -0.002998919612417598 -0.002646975851468443 -0.0008088237207179683
    vertex -0.003148733922436236 -0.002466875490514128 -0.00125475251586764
    vertex -0.002828427124745557 -0.002828427124746823 -0.001169863916880903
  endloop
endfacet
facet normal -0.616853 -0.786889 -0.0172444
  outer loop
    vertex -0.002464529118247883 -0.003150570777701767 -0.0004093594763529
    vertex -0.002647609051554968 -0.00299836060375069 -0.0008059607868837985
    vertex -0.002272247624703993 -0.003291943306320305 -0.0008364459520156919
  endloop
endfacet
facet normal -0.615168 -0.788226 0.016371
  outer loop
    vertex -0.002272247624703993 -0.003291943306320305 -0.0008364459520156919
    vertex -0.002647609051554968 -0.00299836060375069 -0.0008059607868837985
    vertex -0.002466832074120952 -0.003148767936525034 -0.001254724643201971
  endloop
endfacet
facet normal -0.665361 -0.746307 -0.017898
  outer loop
    vertex -0.002466832074120952 -0.003148767936525034 -0.001254724643201971
    vertex -0.002647609051554968 -0.00299836060375069 -0.0008059607868837985
    vertex -0.002828427124745557 -0.002828427124746823 -0.001169863916880903
  endloop
endfacet
facet normal -0.567414 -0.823256 0.0170515
  outer loop
    vertex -0.002464529118247883 -0.003150570777701767 -0.0004093594763529
    vertex -0.002272247624703993 -0.003291943306320305 -0.0008364459520156919
    vertex -0.002069339537604761 -0.003423132173624868 -0.0004182429600198614
  endloop
endfacet
facet normal -0.579173 -0.815148 -0.00958967
  outer loop
    vertex -0.002272247624703993 -0.003291943306320305 -0.0008364459520156919
    vertex -0.002466832074120952 -0.003148767936525034 -0.001254724643201971
    vertex -0.002174529122103433 -0.003357294014101844 -0.001183212043214219
  endloop
endfacet
facet normal -0.514318 -0.85738 -0.0194153
  outer loop
    vertex -0.002069339537604761 -0.003423132173624868 -0.0004182429600198614
    vertex -0.002272247624703993 -0.003291943306320305 -0.0008364459520156919
    vertex -0.001858891440245642 -0.003541824757576451 -0.0007516135460252818
  endloop
endfacet
facet normal -0.519477 -0.854359 0.0146222
  outer loop
    vertex -0.001858891440245642 -0.003541824757576451 -0.0007516135460252818
    vertex -0.002272247624703993 -0.003291943306320305 -0.0008364459520156919
    vertex -0.002174529122103433 -0.003357294014101844 -0.001183212043214219
  endloop
endfacet
facet normal -0.410185 -0.911834 0.01755
  outer loop
    vertex -0.001858892688175177 -0.003541824102612786 -0.001163498322754944
    vertex -0.001641651221810606 -0.00364759938396855 -0.001581749161377251
    vertex -0.001419284420633702 -0.003739736853489355 -0.001171636683328923
  endloop
endfacet
facet normal -0.410744 -0.91153 -0.0200713
  outer loop
    vertex -0.001858892688175177 -0.003541824102612786 -0.001163498322754944
    vertex -0.001419284420633702 -0.003739736853489355 -0.001171636683328923
    vertex -0.001575964961702707 -0.003676456777861721 -0.0008391221504255846
  endloop
endfacet
facet normal -0.504705 -0.863292 1.56383e-07
  outer loop
    vertex -0.001858892688175177 -0.003541824102612786 -0.001163498322754944
    vertex -0.001858891440245642 -0.003541824757576451 -0.0007516135460252818
    vertex -0.002174529122103433 -0.003357294014101844 -0.001183212043214219
  endloop
endfacet
facet normal -0.429687 -0.902978 -1.34016e-07
  outer loop
    vertex -0.001858891440245642 -0.003541824757576451 -0.0007516135460252818
    vertex -0.001858892688175177 -0.003541824102612786 -0.001163498322754944
    vertex -0.001575964961702707 -0.003676456777861721 -0.0008391221504255846
  endloop
endfacet
facet normal 0.998111 -0.0603746 -0.0114022
  outer loop
    vertex 0.003970835496392216 -0.000482146721021294 -0.002
    vertex 0.004 0 -0.002
    vertex 0.003981323304174076 -0.0003860890410778617 -0.00159055776247365
  endloop
endfacet
facet normal 0.998832 -0.0483176 0
  outer loop
    vertex 0.004 0 -0.002
    vertex 0.004 0 -0.0015
    vertex 0.003981323304174076 -0.0003860890410778617 -0.00159055776247365
  endloop
endfacet
facet normal 0.0603742 -0.998105 -0.0118761
  outer loop
    vertex 0 -0.004 -0.002
    vertex 0.0004821467210212915 -0.003970835496392216 -0.002
    vertex 0.0003792954429189195 -0.003981976263990148 -0.001586558649680601
  endloop
endfacet
facet normal 0.0474654 -0.998873 0
  outer loop
    vertex 0 -0.004 -0.0015
    vertex 0 -0.004 -0.002
    vertex 0.0003792954429189195 -0.003981976263990148 -0.001586558649680601
  endloop
endfacet
facet normal 0.998873 -0.0474654 0
  outer loop
    vertex 0.004 0 -0.0005
    vertex 0.004 0 0
    vertex 0.00398197626399016 -0.0003792954429187982 -0.0004134413503195434
  endloop
endfacet
facet normal 0.998105 -0.0603742 0.0118761
  outer loop
    vertex 0.004 0 0
    vertex 0.003970835496392216 -0.000482146721021294 0
    vertex 0.00398197626399016 -0.0003792954429187982 -0.0004134413503195434
  endloop
endfacet
facet normal 0.0483176 -0.998832 0
  outer loop
    vertex 0 -0.004 0
    vertex 0 -0.004 -0.0005
    vertex 0.0003860890410781191 -0.003981323304174051 -0.0004094422375252077
  endloop
endfacet
facet normal 0.0603746 -0.998111 0.0114022
  outer loop
    vertex 0.0004821467210212915 -0.003970835496392216 0
    vertex 0 -0.004 0
    vertex 0.0003860890410781191 -0.003981323304174051 -0.0004094422375252077
  endloop
endfacet
facet normal 0.18024 -0.98354 -0.0127318
  outer loop
    vertex 0.0004821467210212915 -0.003970835496392216 -0.002
    vertex 0.0009572626571502309 -0.003883767269704208 -0.002
    vertex 0.0007669839141905652 -0.003925778352807621 -0.00144833842217116
  endloop
endfacet
facet normal 0.140557 -0.990038 0.00828828
  outer loop
    vertex 0.0004821467210212915 -0.003970835496392216 -0.002
    vertex 0.0007669839141905652 -0.003925778352807621 -0.00144833842217116
    vertex 0.0003792954429189195 -0.003981976263990148 -0.001586558649680601
  endloop
endfacet
facet normal 0.297458 -0.954576 -0.0174457
  outer loop
    vertex 0.0009572626571502309 -0.003883767269704208 -0.002
    vertex 0.001418419548170142 -0.003740064970741659 -0.002
    vertex 0.001190012215420811 -0.003818883466034183 -0.001581749161377652
  endloop
endfacet
facet normal 0.248515 -0.968554 0.0119586
  outer loop
    vertex 0.0009572626571502309 -0.003883767269704208 -0.002
    vertex 0.001190012215420811 -0.003818883466034183 -0.001581749161377652
    vertex 0.0007669839141905652 -0.003925778352807621 -0.00144833842217116
  endloop
endfacet
facet normal 0.410348 -0.911756 -0.0177909
  outer loop
    vertex 0.001418419548170142 -0.003740064970741659 -0.002
    vertex 0.001858892688175074 -0.00354182410261284 -0.002
    vertex 0.001643528059811369 -0.003646754106957676 -0.00158989716662179
  endloop
endfacet
facet normal 0.355068 -0.934671 0.0177665
  outer loop
    vertex 0.001190012215420811 -0.003818883466034183 -0.001581749161377652
    vertex 0.001418419548170142 -0.003740064970741659 -0.002
    vertex 0.001643528059811369 -0.003646754106957676 -0.00158989716662179
  endloop
endfacet
facet normal 0.517259 -0.855651 -0.0174457
  outer loop
    vertex 0.001858892688175074 -0.00354182410261284 -0.002
    vertex 0.002272258986924623 -0.003291935463574626 -0.002
    vertex 0.002069351256710628 -0.00342312508920579 -0.001581749161377651
  endloop
endfacet
facet normal 0.464618 -0.885339 0.017468
  outer loop
    vertex 0.001858892688175074 -0.00354182410261284 -0.002
    vertex 0.002069351256710628 -0.00342312508920579 -0.001581749161377651
    vertex 0.001643528059811369 -0.003646754106957676 -0.00158989716662179
  endloop
endfacet
facet normal 0.616571 -0.786995 -0.0218862
  outer loop
    vertex 0.002272258986924623 -0.003291935463574626 -0.002
    vertex 0.002652490632963181 -0.002994042992684405 -0.002
    vertex 0.002466875490514171 -0.003148733922436202 -0.00166663776036392
  endloop
endfacet
facet normal 0.570762 -0.820886 0.0194152
  outer loop
    vertex 0.002069351256710628 -0.00342312508920579 -0.001581749161377651
    vertex 0.002272258986924623 -0.003291935463574626 -0.002
    vertex 0.002466875490514171 -0.003148733922436202 -0.00166663776036392
  endloop
endfacet
facet normal 0.706937 -0.706937 -0.0218862
  outer loop
    vertex 0.002652490632963181 -0.002994042992684405 -0.002
    vertex 0.002994042992684404 -0.002652490632963182 -0.002
    vertex 0.00282842712474619 -0.00282842712474619 -0.001666637760363972
  endloop
endfacet
facet normal 0.662964 -0.748331 0.0218862
  outer loop
    vertex 0.002466875490514171 -0.003148733922436202 -0.00166663776036392
    vertex 0.002652490632963181 -0.002994042992684405 -0.002
    vertex 0.00282842712474619 -0.00282842712474619 -0.001666637760363972
  endloop
endfacet
facet normal 0.787064 -0.616625 -0.0174457
  outer loop
    vertex 0.002994042992684404 -0.002652490632963182 -0.002
    vertex 0.003291935463574625 -0.002272258986924623 -0.002
    vertex 0.0031487339224362 -0.002466875490514173 -0.001581749161377492
  endloop
endfacet
facet normal 0.746103 -0.665548 0.0194152
  outer loop
    vertex 0.002994042992684404 -0.002652490632963182 -0.002
    vertex 0.0031487339224362 -0.002466875490514173 -0.001581749161377492
    vertex 0.00282842712474619 -0.00282842712474619 -0.001666637760363972
  endloop
endfacet
facet normal 0.855576 -0.517214 -0.0218993
  outer loop
    vertex 0.003291935463574625 -0.002272258986924623 -0.002
    vertex 0.003541824102612839 -0.001858892688175075 -0.002
    vertex 0.003423125089205791 -0.002069351256710627 -0.001666836745130478
  endloop
endfacet
facet normal 0.824767 -0.565139 0.0194204
  outer loop
    vertex 0.0031487339224362 -0.002466875490514173 -0.001581749161377492
    vertex 0.003291935463574625 -0.002272258986924623 -0.002
    vertex 0.003423125089205791 -0.002069351256710627 -0.001666836745130478
  endloop
endfacet
facet normal 0.911761 -0.41035 -0.0174457
  outer loop
    vertex 0.003541824102612839 -0.001858892688175075 -0.002
    vertex 0.003740064970741659 -0.001418419548170143 -0.002
    vertex 0.00364759938396836 -0.001641651221811027 -0.001581749161377492
  endloop
endfacet
facet normal 0.883694 -0.467662 0.0194204
  outer loop
    vertex 0.003541824102612839 -0.001858892688175075 -0.002
    vertex 0.00364759938396836 -0.001641651221811027 -0.001581749161377492
    vertex 0.003423125089205791 -0.002069351256710627 -0.001666836745130478
  endloop
endfacet
facet normal 0.954519 -0.29744 -0.0205595
  outer loop
    vertex 0.003740064970741659 -0.001418419548170143 -0.002
    vertex 0.003883767269704208 -0.0009572626571502308 -0.002
    vertex 0.003809919974307934 -0.001218404608235471 -0.001650504279135245
  endloop
endfacet
facet normal 0.934466 -0.355657 0.0167655
  outer loop
    vertex 0.00364759938396836 -0.001641651221811027 -0.001581749161377492
    vertex 0.003740064970741659 -0.001418419548170143 -0.002
    vertex 0.003809919974307934 -0.001218404608235471 -0.001650504279135245
  endloop
endfacet
facet normal 0.983573 -0.180246 -0.00977114
  outer loop
    vertex 0.003883767269704208 -0.0009572626571502308 -0.002
    vertex 0.003970835496392216 -0.000482146721021294 -0.002
    vertex 0.003907590319158343 -0.0008548320873832496 -0.001491465303427512
  endloop
endfacet
facet normal 0.964883 -0.262569 0.00768605
  outer loop
    vertex 0.003883767269704208 -0.0009572626571502308 -0.002
    vertex 0.003907590319158343 -0.0008548320873832496 -0.001491465303427512
    vertex 0.003809919974307934 -0.001218404608235471 -0.001650504279135245
  endloop
endfacet
facet normal 0.98814 -0.153187 0.0106276
  outer loop
    vertex 0.003907590319158343 -0.0008548320873832496 -0.001491465303427512
    vertex 0.003970835496392216 -0.000482146721021294 -0.002
    vertex 0.003981323304174076 -0.0003860890410778617 -0.00159055776247365
  endloop
endfacet
facet normal 0.998534 -0.0541266 0
  outer loop
    vertex 0.004 0 -0.0015
    vertex 0.004 0 -0.001
    vertex 0.00397656250000001 -0.0004323779406880935 -0.00125
  endloop
endfacet
facet normal 0.998724 -0.0499932 0.00716647
  outer loop
    vertex 0.004 0 -0.0015
    vertex 0.00397656250000001 -0.0004323779406880935 -0.00125
    vertex 0.003981323304174076 -0.0003860890410778617 -0.00159055776247365
  endloop
endfacet
facet normal 0.998545 -0.0539332 0
  outer loop
    vertex 0.004 0 -0.001
    vertex 0.004 0 -0.0005
    vertex 0.003976729716740322 -0.0004308372778607265 -0.0007526802710519217
  endloop
endfacet
facet normal 0.998539 -0.0540295 -0.000168365
  outer loop
    vertex 0.00397656250000001 -0.0004323779406880935 -0.00125
    vertex 0.004 0 -0.001
    vertex 0.003976729716740322 -0.0004308372778607265 -0.0007526802710519217
  endloop
endfacet
facet normal 0.998753 -0.0492762 -0.00795964
  outer loop
    vertex 0.003976729716740322 -0.0004308372778607265 -0.0007526802710519217
    vertex 0.004 0 -0.0005
    vertex 0.00398197626399016 -0.0003792954429187982 -0.0004134413503195434
  endloop
endfacet
facet normal 0.0539332 -0.998545 0
  outer loop
    vertex 0 -0.004 -0.001
    vertex 0 -0.004 -0.0015
    vertex 0.0004308372778608158 -0.003976729716740312 -0.001247319728948251
  endloop
endfacet
facet normal 0.0492762 -0.998753 0.00795964
  outer loop
    vertex 0.0004308372778608158 -0.003976729716740312 -0.001247319728948251
    vertex 0 -0.004 -0.0015
    vertex 0.0003792954429189195 -0.003981976263990148 -0.001586558649680601
  endloop
endfacet
facet normal 0.0541266 -0.998534 0
  outer loop
    vertex 0 -0.004 -0.0005
    vertex 0 -0.004 -0.001
    vertex 0.0004323779406889227 -0.003976562499999919 -0.00075
  endloop
endfacet
facet normal 0.0540295 -0.998539 0.000168365
  outer loop
    vertex 0.0004323779406889227 -0.003976562499999919 -0.00075
    vertex 0 -0.004 -0.001
    vertex 0.0004308372778608158 -0.003976729716740312 -0.001247319728948251
  endloop
endfacet
facet normal 0.0499932 -0.998724 -0.00716647
  outer loop
    vertex 0 -0.004 -0.0005
    vertex 0.0004323779406889227 -0.003976562499999919 -0.00075
    vertex 0.0003860890410781191 -0.003981323304174051 -0.0004094422375252077
  endloop
endfacet
facet normal 0.180246 -0.983573 0.00977114
  outer loop
    vertex 0.0009572626571502309 -0.003883767269704208 0
    vertex 0.0004821467210212915 -0.003970835496392216 0
    vertex 0.0008548320873844924 -0.00390759031915807 -0.0005085346965731695
  endloop
endfacet
facet normal 0.153187 -0.98814 -0.0106276
  outer loop
    vertex 0.0008548320873844924 -0.00390759031915807 -0.0005085346965731695
    vertex 0.0004821467210212915 -0.003970835496392216 0
    vertex 0.0003860890410781191 -0.003981323304174051 -0.0004094422375252077
  endloop
endfacet
facet normal 0.29744 -0.954519 0.0205595
  outer loop
    vertex 0.001418419548170142 -0.003740064970741659 0
    vertex 0.0009572626571502309 -0.003883767269704208 0
    vertex 0.00121840460823697 -0.003809919974307455 -0.0003494957208658334
  endloop
endfacet
facet normal 0.262569 -0.964883 -0.00768605
  outer loop
    vertex 0.0009572626571502309 -0.003883767269704208 0
    vertex 0.0008548320873844924 -0.00390759031915807 -0.0005085346965731695
    vertex 0.00121840460823697 -0.003809919974307455 -0.0003494957208658334
  endloop
endfacet
facet normal 0.410366 -0.911797 0.0150232
  outer loop
    vertex 0.001858892688175074 -0.00354182410261284 0
    vertex 0.001418419548170142 -0.003740064970741659 0
    vertex 0.001623840328283918 -0.003655563238167106 -0.0004825452928335933
  endloop
endfacet
facet normal 0.351697 -0.936006 -0.0141919
  outer loop
    vertex 0.001623840328283918 -0.003655563238167106 -0.0004825452928335933
    vertex 0.001418419548170142 -0.003740064970741659 0
    vertex 0.00121840460823697 -0.003809919974307455 -0.0003494957208658334
  endloop
endfacet
facet normal 0.517259 -0.855651 0.0174457
  outer loop
    vertex 0.002272258986924623 -0.003291935463574626 0
    vertex 0.001858892688175074 -0.00354182410261284 0
    vertex 0.002069351256710634 -0.003423125089205786 -0.0004182508386225098
  endloop
endfacet
facet normal 0.464481 -0.885409 -0.0175566
  outer loop
    vertex 0.001858892688175074 -0.00354182410261284 0
    vertex 0.001623840328283918 -0.003655563238167106 -0.0004825452928335933
    vertex 0.002069351256710634 -0.003423125089205786 -0.0004182508386225098
  endloop
endfacet
facet normal 0.616628 -0.787068 0.0171262
  outer loop
    vertex 0.002652490632963181 -0.002994042992684405 0
    vertex 0.002272258986924623 -0.003291935463574626 0
    vertex 0.002462334271923328 -0.003152286461175731 -0.0004258140390893937
  endloop
endfacet
facet normal 0.56717 -0.823428 -0.0168753
  outer loop
    vertex 0.002272258986924623 -0.003291935463574626 0
    vertex 0.002069351256710634 -0.003423125089205786 -0.0004182508386225098
    vertex 0.002462334271923328 -0.003152286461175731 -0.0004258140390893937
  endloop
endfacet
facet normal 0.706999 -0.706999 0.0174454
  outer loop
    vertex 0.002994042992684404 -0.002652490632963182 0
    vertex 0.002652490632963181 -0.002994042992684405 0
    vertex 0.002828427124449486 -0.002828427125042894 -0.0004182572088452263
  endloop
endfacet
facet normal 0.662684 -0.74869 -0.0177034
  outer loop
    vertex 0.002828427124449486 -0.002828427125042894 -0.0004182572088452263
    vertex 0.002652490632963181 -0.002994042992684405 0
    vertex 0.002462334271923328 -0.003152286461175731 -0.0004258140390893937
  endloop
endfacet
facet normal 0.787064 -0.616625 0.0174457
  outer loop
    vertex 0.003291935463574625 -0.002272258986924623 0
    vertex 0.002994042992684404 -0.002652490632963182 0
    vertex 0.003148733922407733 -0.002466875490550508 -0.0004182514759475107
  endloop
endfacet
facet normal 0.748397 -0.663022 -0.0174455
  outer loop
    vertex 0.002994042992684404 -0.002652490632963182 0
    vertex 0.002828427124449486 -0.002828427125042894 -0.0004182572088452263
    vertex 0.003148733922407733 -0.002466875490550508 -0.0004182514759475107
  endloop
endfacet
facet normal 0.855651 -0.517259 0.0174457
  outer loop
    vertex 0.003541824102612839 -0.001858892688175075 0
    vertex 0.003291935463574625 -0.002272258986924623 0
    vertex 0.003423125089205834 -0.002069351256710555 -0.0004182508386224039
  endloop
endfacet
facet normal 0.822859 -0.567978 -0.0174457
  outer loop
    vertex 0.003423125089205834 -0.002069351256710555 -0.0004182508386224039
    vertex 0.003291935463574625 -0.002272258986924623 0
    vertex 0.003148733922407733 -0.002466875490550508 -0.0004182514759475107
  endloop
endfacet
facet normal 0.911761 -0.41035 0.0174457
  outer loop
    vertex 0.003740064970741659 -0.001418419548170143 0
    vertex 0.003541824102612839 -0.001858892688175075 0
    vertex 0.003647599383968376 -0.001641651221810993 -0.0004182508386224842
  endloop
endfacet
facet normal 0.885321 -0.464652 -0.0174457
  outer loop
    vertex 0.003541824102612839 -0.001858892688175075 0
    vertex 0.003423125089205834 -0.002069351256710555 -0.0004182508386224039
    vertex 0.003647599383968376 -0.001641651221810993 -0.0004182508386224842
  endloop
endfacet
facet normal 0.954576 -0.297458 0.0174457
  outer loop
    vertex 0.003883767269704208 -0.0009572626571502308 0
    vertex 0.003740064970741659 -0.001418419548170143 0
    vertex 0.003818883466034183 -0.001190012215420812 -0.0004182508386223478
  endloop
endfacet
facet normal 0.934874 -0.354551 -0.0174457
  outer loop
    vertex 0.003818883466034183 -0.001190012215420812 -0.0004182508386223478
    vertex 0.003740064970741659 -0.001418419548170143 0
    vertex 0.003647599383968376 -0.001641651221810993 -0.0004182508386224842
  endloop
endfacet
facet normal 0.98354 -0.18024 0.0127318
  outer loop
    vertex 0.003970835496392216 -0.000482146721021294 0
    vertex 0.003883767269704208 -0.0009572626571502308 0
    vertex 0.003925778352807649 -0.0007669839141904221 -0.0005516615778303384
  endloop
endfacet
facet normal 0.968554 -0.248515 -0.0119586
  outer loop
    vertex 0.003883767269704208 -0.0009572626571502308 0
    vertex 0.003818883466034183 -0.001190012215420812 -0.0004182508386223478
    vertex 0.003925778352807649 -0.0007669839141904221 -0.0005516615778303384
  endloop
endfacet
facet normal 0.990038 -0.140557 -0.00828828
  outer loop
    vertex 0.003970835496392216 -0.000482146721021294 0
    vertex 0.003925778352807649 -0.0007669839141904221 -0.0005516615778303384
    vertex 0.00398197626399016 -0.0003792954429187982 -0.0004134413503195434
  endloop
endfacet
facet normal 0.934875 -0.354551 0.0173919
  outer loop
    vertex 0.003818883466034183 -0.001190012215420812 -0.0004182508386223478
    vertex 0.003647599383968376 -0.001641651221810993 -0.0004182508386224842
    vertex 0.003736405027461123 -0.001428032727483248 -0.0008370341243108476
  endloop
endfacet
facet normal 0.948506 -0.316686 -0.00681387
  outer loop
    vertex 0.003818883466034183 -0.001190012215420812 -0.0004182508386223478
    vertex 0.003736405027461123 -0.001428032727483248 -0.0008370341243108476
    vertex 0.003843172911445934 -0.0011090635566676 -0.000799329242534944
  endloop
endfacet
facet normal 0.970252 -0.241873 0.010464
  outer loop
    vertex 0.003925778352807649 -0.0007669839141904221 -0.0005516615778303384
    vertex 0.003818883466034183 -0.001190012215420812 -0.0004182508386223478
    vertex 0.003843172911445934 -0.0011090635566676 -0.000799329242534944
  endloop
endfacet
facet normal 0.74838 -0.663007 0.0186621
  outer loop
    vertex 0.003148733922407733 -0.002466875490550508 -0.0004182514759475107
    vertex 0.002828427124449486 -0.002828427125042894 -0.0004182572088452263
    vertex 0.002989164052850774 -0.002657987634498087 -0.0008088724985443293
  endloop
endfacet
facet normal 0.706941 -0.707054 -0.0176091
  outer loop
    vertex 0.002989164052850774 -0.002657987634498087 -0.0008088724985443293
    vertex 0.002828427124449486 -0.002828427125042894 -0.0004182572088452263
    vertex 0.002652003973663975 -0.002994474064618108 -0.0008337576910433016
  endloop
endfacet
facet normal 0.662264 -0.749051 0.0181443
  outer loop
    vertex 0.002652003973663975 -0.002994474064618108 -0.0008337576910433016
    vertex 0.002828427124449486 -0.002828427125042894 -0.0004182572088452263
    vertex 0.002462334271923328 -0.003152286461175731 -0.0004258140390893937
  endloop
endfacet
facet normal 0.354515 -0.934885 -0.0175728
  outer loop
    vertex 0.001190012215420811 -0.003818883466034183 -0.001581749161377652
    vertex 0.001643528059811369 -0.003646754106957676 -0.00158989716662179
    vertex 0.00142018912280495 -0.003739393380679078 -0.001167075188940872
  endloop
endfacet
facet normal 0.31481 -0.949127 0.00719648
  outer loop
    vertex 0.001190012215420811 -0.003818883466034183 -0.001581749161377652
    vertex 0.00142018912280495 -0.003739393380679078 -0.001167075188940872
    vertex 0.001103883064581052 -0.00384466411793425 -0.001214179641810525
  endloop
endfacet
facet normal 0.241578 -0.970314 -0.0114494
  outer loop
    vertex 0.0007669839141905652 -0.003925778352807621 -0.00144833842217116
    vertex 0.001190012215420811 -0.003818883466034183 -0.001581749161377652
    vertex 0.001103883064581052 -0.00384466411793425 -0.001214179641810525
  endloop
endfacet
facet normal 0.822838 -0.567964 0.0187962
  outer loop
    vertex 0.003423125089205834 -0.002069351256710555 -0.0004182508386224039
    vertex 0.003148733922407733 -0.002466875490550508 -0.0004182514759475107
    vertex 0.003295647802421322 -0.002266871315799711 -0.000806156282576169
  endloop
endfacet
facet normal 0.855706 -0.517154 -0.0178774
  outer loop
    vertex 0.003423125089205834 -0.002069351256710555 -0.0004182508386224039
    vertex 0.003295647802421322 -0.002266871315799711 -0.000806156282576169
    vertex 0.003538727495160904 -0.001864780875865107 -0.0008026907725827144
  endloop
endfacet
facet normal 0.885297 -0.46464 0.0189651
  outer loop
    vertex 0.003423125089205834 -0.002069351256710555 -0.0004182508386224039
    vertex 0.003538727495160904 -0.001864780875865107 -0.0008026907725827144
    vertex 0.003647599383968376 -0.001641651221810993 -0.0004182508386224842
  endloop
endfacet
facet normal 0.46514 -0.885072 -0.0171297
  outer loop
    vertex 0.001643528059811369 -0.003646754106957676 -0.00158989716662179
    vertex 0.002069351256710628 -0.00342312508920579 -0.001581749161377651
    vertex 0.0018588926881752 -0.003541824102612774 -0.001163498322755066
  endloop
endfacet
facet normal 0.50564 -0.862691 0.00960091
  outer loop
    vertex 0.0018588926881752 -0.003541824102612774 -0.001163498322755066
    vertex 0.002069351256710628 -0.00342312508920579 -0.001581749161377651
    vertex 0.002169163796761278 -0.003360763071509237 -0.001234907708089788
  endloop
endfacet
facet normal 0.565886 -0.824354 -0.0146297
  outer loop
    vertex 0.002069351256710628 -0.00342312508920579 -0.001581749161377651
    vertex 0.002466875490514171 -0.003148733922436202 -0.00166663776036392
    vertex 0.002169163796761278 -0.003360763071509237 -0.001234907708089788
  endloop
endfacet
facet normal 0.748511 -0.663123 -1.72295e-14
  outer loop
    vertex 0.002828427124746089 -0.002828427124746291 -0.001254752515867265
    vertex 0.0031487339224362 -0.002466875490514173 -0.001581749161377492
    vertex 0.003148733922436132 -0.002466875490514261 -0.001169863916880786
  endloop
endfacet
facet normal 0.748511 -0.663123 2.15535e-14
  outer loop
    vertex 0.0031487339224362 -0.002466875490514173 -0.001581749161377492
    vertex 0.002828427124746089 -0.002828427124746291 -0.001254752515867265
    vertex 0.00282842712474619 -0.00282842712474619 -0.001666637760363972
  endloop
endfacet
facet normal 0.822984 -0.568065 1.54929e-14
  outer loop
    vertex 0.0031487339224362 -0.002466875490514173 -0.001581749161377492
    vertex 0.003423125089205975 -0.002069351256710321 -0.001255112517330628
    vertex 0.003148733922436132 -0.002466875490514261 -0.001169863916880786
  endloop
endfacet
facet normal 0.822984 -0.568065 5.25553e-14
  outer loop
    vertex 0.003423125089205975 -0.002069351256710321 -0.001255112517330628
    vertex 0.0031487339224362 -0.002466875490514173 -0.001581749161377492
    vertex 0.003423125089205791 -0.002069351256710627 -0.001666836745130478
  endloop
endfacet
facet normal 0.933364 -0.358886 -0.00571914
  outer loop
    vertex 0.003796059000714667 -0.001260926668404299 -0.001244280673486526
    vertex 0.00364759938396836 -0.001641651221811027 -0.001581749161377492
    vertex 0.003809919974307934 -0.001218404608235471 -0.001650504279135245
  endloop
endfacet
facet normal 0.931779 -0.363027 -0.000350216
  outer loop
    vertex 0.00364759938396836 -0.001641651221811027 -0.001581749161377492
    vertex 0.003796059000714667 -0.001260926668404299 -0.001244280673486526
    vertex 0.00364876128943895 -0.001639067128793636 -0.001169023549528819
  endloop
endfacet
facet normal 0.885456 -0.464723 -5.2241e-14
  outer loop
    vertex 0.00364759938396836 -0.001641651221811027 -0.001581749161377492
    vertex 0.003423125089205975 -0.002069351256710321 -0.001255112517330628
    vertex 0.003423125089205791 -0.002069351256710627 -0.001666836745130478
  endloop
endfacet
facet normal 0.885586 -0.464475 0.000414993
  outer loop
    vertex 0.003423125089205975 -0.002069351256710321 -0.001255112517330628
    vertex 0.00364759938396836 -0.001641651221811027 -0.001581749161377492
    vertex 0.00364876128943895 -0.001639067128793636 -0.001169023549528819
  endloop
endfacet
facet normal 0.357387 -0.93394 0.00554252
  outer loop
    vertex 0.001260926668405535 -0.003796059000714256 -0.0007557193265147059
    vertex 0.001623840328283918 -0.003655563238167106 -0.0004825452928335933
    vertex 0.00121840460823697 -0.003809919974307455 -0.0003494957208658334
  endloop
endfacet
facet normal 0.356493 -0.934272 0.00690066
  outer loop
    vertex 0.001623840328283918 -0.003655563238167106 -0.0004825452928335933
    vertex 0.001260926668405535 -0.003796059000714256 -0.0007557193265147059
    vertex 0.001575915113900474 -0.003676478145423968 -0.0008383389762412535
  endloop
endfacet
facet normal 0.459446 -0.887823 0.0260661
  outer loop
    vertex 0.002069351256710634 -0.003423125089205786 -0.0004182508386225098
    vertex 0.001623840328283918 -0.003655563238167106 -0.0004825452928335933
    vertex 0.001858892688175077 -0.003541824102612838 -0.0007516130782584433
  endloop
endfacet
facet normal 0.430925 -0.902374 -0.00500031
  outer loop
    vertex 0.001858892688175077 -0.003541824102612838 -0.0007516130782584433
    vertex 0.001623840328283918 -0.003655563238167106 -0.0004825452928335933
    vertex 0.001575915113900474 -0.003676478145423968 -0.0008383389762412535
  endloop
endfacet
facet normal 0.986988 -0.160792 0.00016626
  outer loop
    vertex 0.00397656250000001 -0.0004323779406880935 -0.00125
    vertex 0.003976729716740322 -0.0004308372778607265 -0.0007526802710519217
    vertex 0.003908122257448737 -0.000852396868151093 -0.001164329850755622
  endloop
endfacet
facet normal 0.98697 -0.160905 -0.00040707
  outer loop
    vertex 0.00397656250000001 -0.0004323779406880935 -0.00125
    vertex 0.003908122257448737 -0.000852396868151093 -0.001164329850755622
    vertex 0.003907590319158343 -0.0008548320873832496 -0.001491465303427512
  endloop
endfacet
facet normal 0.98758 -0.156937 -0.00752514
  outer loop
    vertex 0.00397656250000001 -0.0004323779406880935 -0.00125
    vertex 0.003907590319158343 -0.0008548320873832496 -0.001491465303427512
    vertex 0.003981323304174076 -0.0003860890410778617 -0.00159055776247365
  endloop
endfacet
facet normal 0.160792 -0.986988 -0.00016626
  outer loop
    vertex 0.0004323779406889227 -0.003976562499999919 -0.00075
    vertex 0.0004308372778608158 -0.003976729716740312 -0.001247319728948251
    vertex 0.0008523968681517396 -0.003908122257448595 -0.0008356701492471959
  endloop
endfacet
facet normal 0.160905 -0.98697 0.00040707
  outer loop
    vertex 0.0004323779406889227 -0.003976562499999919 -0.00075
    vertex 0.0008523968681517396 -0.003908122257448595 -0.0008356701492471959
    vertex 0.0008548320873844924 -0.00390759031915807 -0.0005085346965731695
  endloop
endfacet
facet normal 0.156937 -0.98758 0.00752514
  outer loop
    vertex 0.0004323779406889227 -0.003976562499999919 -0.00075
    vertex 0.0008548320873844924 -0.00390759031915807 -0.0005085346965731695
    vertex 0.0003860890410781191 -0.003981323304174051 -0.0004094422375252077
  endloop
endfacet
facet normal 0.153956 -0.988053 0.00701078
  outer loop
    vertex 0.0008523968681517396 -0.003908122257448595 -0.0008356701492471959
    vertex 0.0004308372778608158 -0.003976729716740312 -0.001247319728948251
    vertex 0.0007669839141905652 -0.003925778352807621 -0.00144833842217116
  endloop
endfacet
facet normal 0.145848 -0.989283 -0.0068594
  outer loop
    vertex 0.0007669839141905652 -0.003925778352807621 -0.00144833842217116
    vertex 0.0004308372778608158 -0.003976729716740312 -0.001247319728948251
    vertex 0.0003792954429189195 -0.003981976263990148 -0.001586558649680601
  endloop
endfacet
facet normal 0.26461 -0.964356 -0.000401684
  outer loop
    vertex 0.0008548320873844924 -0.00390759031915807 -0.0005085346965731695
    vertex 0.0008523968681517396 -0.003908122257448595 -0.0008356701492471959
    vertex 0.001260926668405535 -0.003796059000714256 -0.0007557193265147059
  endloop
endfacet
facet normal 0.262246 -0.96492 0.0124678
  outer loop
    vertex 0.001260926668405535 -0.003796059000714256 -0.0007557193265147059
    vertex 0.0008523968681517396 -0.003908122257448595 -0.0008356701492471959
    vertex 0.001103883064581052 -0.00384466411793425 -0.001214179641810525
  endloop
endfacet
facet normal 0.237428 -0.971392 -0.00510629
  outer loop
    vertex 0.0008523968681517396 -0.003908122257448595 -0.0008356701492471959
    vertex 0.0007669839141905652 -0.003925778352807621 -0.00144833842217116
    vertex 0.001103883064581052 -0.00384466411793425 -0.001214179641810525
  endloop
endfacet
facet normal 0.261697 -0.965134 -0.00553835
  outer loop
    vertex 0.0008548320873844924 -0.00390759031915807 -0.0005085346965731695
    vertex 0.001260926668405535 -0.003796059000714256 -0.0007557193265147059
    vertex 0.00121840460823697 -0.003809919974307455 -0.0003494957208658334
  endloop
endfacet
facet normal 0.316843 -0.948444 -0.00798089
  outer loop
    vertex 0.00142018912280495 -0.003739393380679078 -0.001167075188940872
    vertex 0.001260926668405535 -0.003796059000714256 -0.0007557193265147059
    vertex 0.001103883064581052 -0.00384466411793425 -0.001214179641810525
  endloop
endfacet
facet normal 0.357102 -0.934016 0.00959356
  outer loop
    vertex 0.001260926668405535 -0.003796059000714256 -0.0007557193265147059
    vertex 0.00142018912280495 -0.003739393380679078 -0.001167075188940872
    vertex 0.001575915113900474 -0.003676478145423968 -0.0008383389762412535
  endloop
endfacet
facet normal 0.988053 -0.153956 -0.00701078
  outer loop
    vertex 0.003908122257448737 -0.000852396868151093 -0.001164329850755622
    vertex 0.003976729716740322 -0.0004308372778607265 -0.0007526802710519217
    vertex 0.003925778352807649 -0.0007669839141904221 -0.0005516615778303384
  endloop
endfacet
facet normal 0.989283 -0.145848 0.0068594
  outer loop
    vertex 0.003925778352807649 -0.0007669839141904221 -0.0005516615778303384
    vertex 0.003976729716740322 -0.0004308372778607265 -0.0007526802710519217
    vertex 0.00398197626399016 -0.0003792954429187982 -0.0004134413503195434
  endloop
endfacet
facet normal 0.964356 -0.26461 0.000401684
  outer loop
    vertex 0.003907590319158343 -0.0008548320873832496 -0.001491465303427512
    vertex 0.003908122257448737 -0.000852396868151093 -0.001164329850755622
    vertex 0.003796059000714667 -0.001260926668404299 -0.001244280673486526
  endloop
endfacet
facet normal 0.964928 -0.262207 -0.0126801
  outer loop
    vertex 0.003796059000714667 -0.001260926668404299 -0.001244280673486526
    vertex 0.003908122257448737 -0.000852396868151093 -0.001164329850755622
    vertex 0.003843172911445934 -0.0011090635566676 -0.000799329242534944
  endloop
endfacet
facet normal 0.971175 -0.23831 0.00523546
  outer loop
    vertex 0.003908122257448737 -0.000852396868151093 -0.001164329850755622
    vertex 0.003925778352807649 -0.0007669839141904221 -0.0005516615778303384
    vertex 0.003843172911445934 -0.0011090635566676 -0.000799329242534944
  endloop
endfacet
facet normal 0.965134 -0.261697 0.00553835
  outer loop
    vertex 0.003907590319158343 -0.0008548320873832496 -0.001491465303427512
    vertex 0.003796059000714667 -0.001260926668404299 -0.001244280673486526
    vertex 0.003809919974307934 -0.001218404608235471 -0.001650504279135245
  endloop
endfacet
facet normal 0.930803 -0.365271 -0.0135372
  outer loop
    vertex 0.003796059000714667 -0.001260926668404299 -0.001244280673486526
    vertex 0.003736405027461123 -0.001428032727483248 -0.0008370341243108476
    vertex 0.00364876128943895 -0.001639067128793636 -0.001169023549528819
  endloop
endfacet
facet normal 0.947959 -0.318284 0.00825615
  outer loop
    vertex 0.003736405027461123 -0.001428032727483248 -0.0008370341243108476
    vertex 0.003796059000714667 -0.001260926668404299 -0.001244280673486526
    vertex 0.003843172911445934 -0.0011090635566676 -0.000799329242534944
  endloop
endfacet
facet normal 0.787033 -0.616592 -0.0198368
  outer loop
    vertex 0.003148733922407733 -0.002466875490550508 -0.0004182514759475107
    vertex 0.002989164052850774 -0.002657987634498087 -0.0008088724985443293
    vertex 0.003295647802421322 -0.002266871315799711 -0.000806156282576169
  endloop
endfacet
facet normal 0.7057 -0.708322 0.0163589
  outer loop
    vertex 0.002989164052850774 -0.002657987634498087 -0.0008088724985443293
    vertex 0.002652003973663975 -0.002994474064618108 -0.0008337576910433016
    vertex 0.002828427124746089 -0.002828427124746291 -0.001254752515867265
  endloop
endfacet
facet normal 0.750485 -0.660642 -0.0180117
  outer loop
    vertex 0.002989164052850774 -0.002657987634498087 -0.0008088724985443293
    vertex 0.002828427124746089 -0.002828427124746291 -0.001254752515867265
    vertex 0.003148733922436132 -0.002466875490514261 -0.001169863916880786
  endloop
endfacet
facet normal 0.786871 -0.61675 0.0213092
  outer loop
    vertex 0.003295647802421322 -0.002266871315799711 -0.000806156282576169
    vertex 0.002989164052850774 -0.002657987634498087 -0.0008088724985443293
    vertex 0.003148733922436132 -0.002466875490514261 -0.001169863916880786
  endloop
endfacet
facet normal 0.663023 -0.748398 -0.0173319
  outer loop
    vertex 0.002828427124746089 -0.002828427124746291 -0.001254752515867265
    vertex 0.002652003973663975 -0.002994474064618108 -0.0008337576910433016
    vertex 0.0024668754905141 -0.003148733922436257 -0.001254752515867175
  endloop
endfacet
facet normal 0.612039 -0.790561 0.0205369
  outer loop
    vertex 0.0024668754905141 -0.003148733922436257 -0.001254752515867175
    vertex 0.002652003973663975 -0.002994474064618108 -0.0008337576910433016
    vertex 0.002247634019134591 -0.003308797563470586 -0.0008825311387547288
  endloop
endfacet
facet normal 0.61503 -0.788275 -0.0189905
  outer loop
    vertex 0.002247634019134591 -0.003308797563470586 -0.0008825311387547288
    vertex 0.002652003973663975 -0.002994474064618108 -0.0008337576910433016
    vertex 0.002462334271923328 -0.003152286461175731 -0.0004258140390893937
  endloop
endfacet
facet normal 0.663123 -0.748511 1.28389e-14
  outer loop
    vertex 0.002828427124746089 -0.002828427124746291 -0.001254752515867265
    vertex 0.0024668754905141 -0.003148733922436257 -0.001254752515867175
    vertex 0.002466875490514171 -0.003148733922436202 -0.00166663776036392
  endloop
endfacet
facet normal 0.663123 -0.748511 -2.00702e-14
  outer loop
    vertex 0.002828427124746089 -0.002828427124746291 -0.001254752515867265
    vertex 0.002466875490514171 -0.003148733922436202 -0.00166663776036392
    vertex 0.00282842712474619 -0.00282842712474619 -0.001666637760363972
  endloop
endfacet
facet normal 0.579692 -0.814786 -0.00893305
  outer loop
    vertex 0.0024668754905141 -0.003148733922436257 -0.001254752515867175
    vertex 0.002247634019134591 -0.003308797563470586 -0.0008825311387547288
    vertex 0.002169163796761278 -0.003360763071509237 -0.001234907708089788
  endloop
endfacet
facet normal 0.580111 -0.814538 -1.04631e-14
  outer loop
    vertex 0.002466875490514171 -0.003148733922436202 -0.00166663776036392
    vertex 0.0024668754905141 -0.003148733922436257 -0.001254752515867175
    vertex 0.002169163796761278 -0.003360763071509237 -0.001234907708089788
  endloop
endfacet
facet normal 0.567604 -0.82316 0.0152586
  outer loop
    vertex 0.002069351256710634 -0.003423125089205786 -0.0004182508386225098
    vertex 0.002247634019134591 -0.003308797563470586 -0.0008825311387547288
    vertex 0.002462334271923328 -0.003152286461175731 -0.0004258140390893937
  endloop
endfacet
facet normal 0.510141 -0.859945 -0.0158654
  outer loop
    vertex 0.002247634019134591 -0.003308797563470586 -0.0008825311387547288
    vertex 0.002069351256710634 -0.003423125089205786 -0.0004182508386225098
    vertex 0.001858892688175077 -0.003541824102612838 -0.0007516130782584433
  endloop
endfacet
facet normal 0.514142 -0.857705 1.95439e-14
  outer loop
    vertex 0.0018588926881752 -0.003541824102612774 -0.001163498322755066
    vertex 0.002247634019134591 -0.003308797563470586 -0.0008825311387547288
    vertex 0.001858892688175077 -0.003541824102612838 -0.0007516130782584433
  endloop
endfacet
facet normal 0.506428 -0.862162 0.0143686
  outer loop
    vertex 0.002247634019134591 -0.003308797563470586 -0.0008825311387547288
    vertex 0.0018588926881752 -0.003541824102612774 -0.001163498322755066
    vertex 0.002169163796761278 -0.003360763071509237 -0.001234907708089788
  endloop
endfacet
facet normal 0.855615 -0.517386 0.0153188
  outer loop
    vertex 0.003538727495160904 -0.001864780875865107 -0.0008026907725827144
    vertex 0.003295647802421322 -0.002266871315799711 -0.000806156282576169
    vertex 0.003423125089205975 -0.002069351256710321 -0.001255112517330628
  endloop
endfacet
facet normal 0.821054 -0.57057 -0.0178932
  outer loop
    vertex 0.003423125089205975 -0.002069351256710321 -0.001255112517330628
    vertex 0.003295647802421322 -0.002266871315799711 -0.000806156282576169
    vertex 0.003148733922436132 -0.002466875490514261 -0.001169863916880786
  endloop
endfacet
facet normal 0.886951 -0.461516 -0.0179505
  outer loop
    vertex 0.003538727495160904 -0.001864780875865107 -0.0008026907725827144
    vertex 0.003423125089205975 -0.002069351256710321 -0.001255112517330628
    vertex 0.00364876128943895 -0.001639067128793636 -0.001169023549528819
  endloop
endfacet
facet normal 0.910356 -0.413441 -0.017847
  outer loop
    vertex 0.003647599383968376 -0.001641651221810993 -0.0004182508386224842
    vertex 0.003538727495160904 -0.001864780875865107 -0.0008026907725827144
    vertex 0.003736405027461123 -0.001428032727483248 -0.0008370341243108476
  endloop
endfacet
facet normal 0.911443 -0.410911 0.0205855
  outer loop
    vertex 0.003736405027461123 -0.001428032727483248 -0.0008370341243108476
    vertex 0.003538727495160904 -0.001864780875865107 -0.0008026907725827144
    vertex 0.00364876128943895 -0.001639067128793636 -0.001169023549528819
  endloop
endfacet
facet normal 0.410453 -0.911722 0.0170495
  outer loop
    vertex 0.001643528059811369 -0.003646754106957676 -0.00158989716662179
    vertex 0.0018588926881752 -0.003541824102612774 -0.001163498322755066
    vertex 0.00142018912280495 -0.003739393380679078 -0.001167075188940872
  endloop
endfacet
facet normal 0.410682 -0.911557 -0.020086
  outer loop
    vertex 0.00142018912280495 -0.003739393380679078 -0.001167075188940872
    vertex 0.0018588926881752 -0.003541824102612774 -0.001163498322755066
    vertex 0.001575915113900474 -0.003676478145423968 -0.0008383389762412535
  endloop
endfacet
facet normal 0.429681 -0.902981 -1.26787e-14
  outer loop
    vertex 0.0018588926881752 -0.003541824102612774 -0.001163498322755066
    vertex 0.001858892688175077 -0.003541824102612838 -0.0007516130782584433
    vertex 0.001575915113900474 -0.003676478145423968 -0.0008383389762412535
  endloop
endfacet
facet normal 0 0 1
  outer loop
    vertex 0.003970835496392216 0.0004821467210212913 0
    vertex 0.003570342470351605 0.0002387347687351465 0
    vertex 0.004 0 0
  endloop
endfacet
facet normal 0 0 1
  outer loop
    vertex 0.004 0 0
    vertex 0.003555017994283535 -0.0001916846415905057 0
    vertex 0.003970835496392216 -0.000482146721021294 0
  endloop
endfacet
facet normal 0 0 1
  outer loop
    vertex 0.003570342470351605 0.0002387347687351465 0
    vertex 0.003555017994283535 -0.0001916846415905057 0
    vertex 0.004 0 0
  endloop
endfacet
facet normal 0 0 1
  outer loop
    vertex 0 0.004 0
    vertex 0.000186396433389735 0.003568030482604037 0
    vertex 0.0004821467210212943 0.003970835496392216 0
  endloop
endfacet
facet normal -0 0 1
  outer loop
    vertex -0.0004821467210212928 0.003970835496392216 0
    vertex -0.0002807085641843631 0.003600618663219656 0
    vertex 0 0.004 0
  endloop
endfacet
facet normal 0 0 1
  outer loop
    vertex 0 0.004 0
    vertex -0.0002807085641843631 0.003600618663219656 0
    vertex 0.000186396433389735 0.003568030482604037 0
  endloop
endfacet
facet normal 0 0 1
  outer loop
    vertex -0.004 0 0
    vertex -0.003554632439011813 0.0002081103383669103 0
    vertex -0.003970835496392216 0.0004821467210212945 0
  endloop
endfacet
facet normal 0 -0 1
  outer loop
    vertex -0.003970835496392216 -0.0004821467210212922 0
    vertex -0.003564179328452835 -0.0002743994007506028 0
    vertex -0.004 0 0
  endloop
endfacet
facet normal -0 0 1
  outer loop
    vertex -0.004 0 0
    vertex -0.003564179328452835 -0.0002743994007506028 0
    vertex -0.003554632439011813 0.0002081103383669103 0
  endloop
endfacet
facet normal 0 0 1
  outer loop
    vertex 0 -0.004 0
    vertex -0.0002297143715765962 -0.003590236328867415 0
    vertex -0.0004821467210212929 -0.003970835496392216 0
  endloop
endfacet
facet normal 0 0 1
  outer loop
    vertex 0.0004821467210212915 -0.003970835496392216 0
    vertex 0.0002112788543658285 -0.003500919013098274 0
    vertex 0 -0.004 0
  endloop
endfacet
facet normal 0 -0 1
  outer loop
    vertex 0 -0.004 0
    vertex 0.0002112788543658285 -0.003500919013098274 0
    vertex -0.0002297143715765962 -0.003590236328867415 0
  endloop
endfacet
facet normal 0 0 1
  outer loop
    vertex 0.003883767269704208 0.0009572626571502298 0
    vertex 0.003607477968224465 0.0006682075541430089 0
    vertex 0.003970835496392216 0.0004821467210212913 0
  endloop
endfacet
facet normal 0 0 1
  outer loop
    vertex 0.003970835496392216 0.0004821467210212913 0
    vertex 0.003607477968224465 0.0006682075541430089 0
    vertex 0.003570342470351605 0.0002387347687351465 0
  endloop
endfacet
facet normal 0 0 1
  outer loop
    vertex 0.003740064970741659 0.001418419548170142 0
    vertex 0.00345041753511648 0.001040023537380262 0
    vertex 0.003883767269704208 0.0009572626571502298 0
  endloop
endfacet
facet normal 0 0 1
  outer loop
    vertex 0.00345041753511648 0.001040023537380262 0
    vertex 0.003607477968224465 0.0006682075541430089 0
    vertex 0.003883767269704208 0.0009572626571502298 0
  endloop
endfacet
facet normal 0 0 1
  outer loop
    vertex 0.00354182410261284 0.001858892688175074 0
    vertex 0.003267376347881976 0.001444323215007373 0
    vertex 0.003740064970741659 0.001418419548170142 0
  endloop
endfacet
facet normal 0 0 1
  outer loop
    vertex 0.003740064970741659 0.001418419548170142 0
    vertex 0.003267376347881976 0.001444323215007373 0
    vertex 0.00345041753511648 0.001040023537380262 0
  endloop
endfacet
facet normal 0 0 1
  outer loop
    vertex 0.003291935463574626 0.002272258986924622 0
    vertex 0.003062259810575247 0.001843734386319089 0
    vertex 0.00354182410261284 0.001858892688175074 0
  endloop
endfacet
facet normal -0 0 1
  outer loop
    vertex 0.003062259810575247 0.001843734386319089 0
    vertex 0.003267376347881976 0.001444323215007373 0
    vertex 0.00354182410261284 0.001858892688175074 0
  endloop
endfacet
facet normal 0 0 1
  outer loop
    vertex 0.002994042992684405 0.00265249063296318 0
    vertex 0.002806408979060464 0.00219815334429218 0
    vertex 0.003291935463574626 0.002272258986924622 0
  endloop
endfacet
facet normal 0 0 1
  outer loop
    vertex 0.003291935463574626 0.002272258986924622 0
    vertex 0.002806408979060464 0.00219815334429218 0
    vertex 0.003062259810575247 0.001843734386319089 0
  endloop
endfacet
facet normal 0 0 1
  outer loop
    vertex 0.002652490632963182 0.002994042992684403 0
    vertex 0.00250726905556177 0.002518683980638792 0
    vertex 0.002994042992684405 0.00265249063296318 0
  endloop
endfacet
facet normal -0 0 1
  outer loop
    vertex 0.00250726905556177 0.002518683980638792 0
    vertex 0.002806408979060464 0.00219815334429218 0
    vertex 0.002994042992684405 0.00265249063296318 0
  endloop
endfacet
facet normal 0 0 1
  outer loop
    vertex 0.002272258986924624 0.003291935463574625 0
    vertex 0.002216006924059204 0.002850455267816549 0
    vertex 0.002652490632963182 0.002994042992684403 0
  endloop
endfacet
facet normal 0 0 1
  outer loop
    vertex 0.002652490632963182 0.002994042992684403 0
    vertex 0.002216006924059204 0.002850455267816549 0
    vertex 0.00250726905556177 0.002518683980638792 0
  endloop
endfacet
facet normal 0 0 1
  outer loop
    vertex 0.001858892688175073 0.00354182410261284 0
    vertex 0.001852186297920141 0.003136439548306526 0
    vertex 0.002272258986924624 0.003291935463574625 0
  endloop
endfacet
facet normal 0 0 1
  outer loop
    vertex 0.002272258986924624 0.003291935463574625 0
    vertex 0.001852186297920141 0.003136439548306526 0
    vertex 0.002216006924059204 0.002850455267816549 0
  endloop
endfacet
facet normal 0 0 1
  outer loop
    vertex 0.001418419548170144 0.003740064970741659 0
    vertex 0.001473436029568926 0.00327204031329746 0
    vertex 0.001858892688175073 0.00354182410261284 0
  endloop
endfacet
facet normal -0 0 1
  outer loop
    vertex 0.001473436029568926 0.00327204031329746 0
    vertex 0.001852186297920141 0.003136439548306526 0
    vertex 0.001858892688175073 0.00354182410261284 0
  endloop
endfacet
facet normal 0 0 1
  outer loop
    vertex 0.000957262657150231 0.003883767269704208 0
    vertex 0.001053577270607999 0.003401698152866355 0
    vertex 0.001418419548170144 0.003740064970741659 0
  endloop
endfacet
facet normal 0 0 1
  outer loop
    vertex 0.001418419548170144 0.003740064970741659 0
    vertex 0.001053577270607999 0.003401698152866355 0
    vertex 0.001473436029568926 0.00327204031329746 0
  endloop
endfacet
facet normal 0 0 1
  outer loop
    vertex 0.0004821467210212943 0.003970835496392216 0
    vertex 0.0006092312667680694 0.003513732241012332 0
    vertex 0.000957262657150231 0.003883767269704208 0
  endloop
endfacet
facet normal 0 0 1
  outer loop
    vertex 0.000957262657150231 0.003883767269704208 0
    vertex 0.0006092312667680694 0.003513732241012332 0
    vertex 0.001053577270607999 0.003401698152866355 0
  endloop
endfacet
facet normal -0 0 1
  outer loop
    vertex 0.000186396433389735 0.003568030482604037 0
    vertex 0.0006092312667680694 0.003513732241012332 0
    vertex 0.0004821467210212943 0.003970835496392216 0
  endloop
endfacet
facet normal -0 0 1
  outer loop
    vertex -0.0009572626571502295 0.003883767269704208 0
    vertex -0.0006671344922915512 0.00364408580663111 0
    vertex -0.0004821467210212928 0.003970835496392216 0
  endloop
endfacet
facet normal 0 0 1
  outer loop
    vertex -0.0004821467210212928 0.003970835496392216 0
    vertex -0.0006671344922915512 0.00364408580663111 0
    vertex -0.0002807085641843631 0.003600618663219656 0
  endloop
endfacet
facet normal -0 0 1
  outer loop
    vertex -0.001418419548170142 0.003740064970741659 0
    vertex -0.001016614080021277 0.003481648137059422 0
    vertex -0.0009572626571502295 0.003883767269704208 0
  endloop
endfacet
facet normal 0 0 1
  outer loop
    vertex -0.001016614080021277 0.003481648137059422 0
    vertex -0.0006671344922915512 0.00364408580663111 0
    vertex -0.0009572626571502295 0.003883767269704208 0
  endloop
endfacet
facet normal -0 0 1
  outer loop
    vertex -0.001858892688175072 0.003541824102612841 0
    vertex -0.001424743136545855 0.003274237614624931 0
    vertex -0.001418419548170142 0.003740064970741659 0
  endloop
endfacet
facet normal 0 0 1
  outer loop
    vertex -0.001418419548170142 0.003740064970741659 0
    vertex -0.001424743136545855 0.003274237614624931 0
    vertex -0.001016614080021277 0.003481648137059422 0
  endloop
endfacet
facet normal -0 0 1
  outer loop
    vertex -0.002272258986924622 0.003291935463574626 0
    vertex -0.001849165928025635 0.003058894067308277 0
    vertex -0.001858892688175072 0.003541824102612841 0
  endloop
endfacet
facet normal 0 -0 1
  outer loop
    vertex -0.001849165928025635 0.003058894067308277 0
    vertex -0.001424743136545855 0.003274237614624931 0
    vertex -0.001858892688175072 0.003541824102612841 0
  endloop
endfacet
facet normal -0 0 1
  outer loop
    vertex -0.002652490632963181 0.002994042992684404 0
    vertex -0.002244972533779544 0.002786973361536236 0
    vertex -0.002272258986924622 0.003291935463574626 0
  endloop
endfacet
facet normal 0 0 1
  outer loop
    vertex -0.002272258986924622 0.003291935463574626 0
    vertex -0.002244972533779544 0.002786973361536236 0
    vertex -0.001849165928025635 0.003058894067308277 0
  endloop
endfacet
facet normal -0 0 1
  outer loop
    vertex -0.002994042992684403 0.002652490632963183 0
    vertex -0.002623138040911326 0.002527271427640922 0
    vertex -0.002652490632963181 0.002994042992684404 0
  endloop
endfacet
facet normal 0 -0 1
  outer loop
    vertex -0.002623138040911326 0.002527271427640922 0
    vertex -0.002244972533779544 0.002786973361536236 0
    vertex -0.002652490632963181 0.002994042992684404 0
  endloop
endfacet
facet normal 0 0 1
  outer loop
    vertex -0.003291935463574625 0.002272258986924624 0
    vertex -0.002920333023130354 0.002290441134112974 0
    vertex -0.002994042992684403 0.002652490632963183 0
  endloop
endfacet
facet normal 0 0 1
  outer loop
    vertex -0.002994042992684403 0.002652490632963183 0
    vertex -0.002920333023130354 0.002290441134112974 0
    vertex -0.002623138040911326 0.002527271427640922 0
  endloop
endfacet
facet normal 0 0 1
  outer loop
    vertex -0.00354182410261284 0.001858892688175074 0
    vertex -0.003055121884779449 0.001927907907091124 0
    vertex -0.003291935463574625 0.002272258986924624 0
  endloop
endfacet
facet normal 0 -0 1
  outer loop
    vertex -0.003055121884779449 0.001927907907091124 0
    vertex -0.002920333023130354 0.002290441134112974 0
    vertex -0.003291935463574625 0.002272258986924624 0
  endloop
endfacet
facet normal 0 0 1
  outer loop
    vertex -0.003740064970741659 0.001418419548170144 0
    vertex -0.003211481256751635 0.001429275757763694 0
    vertex -0.00354182410261284 0.001858892688175074 0
  endloop
endfacet
facet normal 0 -0 1
  outer loop
    vertex -0.003211481256751635 0.001429275757763694 0
    vertex -0.003055121884779449 0.001927907907091124 0
    vertex -0.00354182410261284 0.001858892688175074 0
  endloop
endfacet
facet normal 0 0 1
  outer loop
    vertex -0.003883767269704208 0.0009572626571502312 0
    vertex -0.00348950054898517 0.001087372347426538 0
    vertex -0.003740064970741659 0.001418419548170144 0
  endloop
endfacet
facet normal -0 0 1
  outer loop
    vertex -0.003740064970741659 0.001418419548170144 0
    vertex -0.00348950054898517 0.001087372347426538 0
    vertex -0.003211481256751635 0.001429275757763694 0
  endloop
endfacet
facet normal 0 0 1
  outer loop
    vertex -0.003970835496392216 0.0004821467210212945 0
    vertex -0.003517098171531787 0.0006731983195017521 0
    vertex -0.003883767269704208 0.0009572626571502312 0
  endloop
endfacet
facet normal 0 -0 1
  outer loop
    vertex -0.003517098171531787 0.0006731983195017521 0
    vertex -0.00348950054898517 0.001087372347426538 0
    vertex -0.003883767269704208 0.0009572626571502312 0
  endloop
endfacet
facet normal 0 -0 1
  outer loop
    vertex -0.003554632439011813 0.0002081103383669103 0
    vertex -0.003517098171531787 0.0006731983195017521 0
    vertex -0.003970835496392216 0.0004821467210212945 0
  endloop
endfacet
facet normal 0 -0 1
  outer loop
    vertex -0.003883767269704208 -0.000957262657150231 0
    vertex -0.003587649114560328 -0.0006860941117202598 0
    vertex -0.003970835496392216 -0.0004821467210212922 0
  endloop
endfacet
facet normal -0 0 1
  outer loop
    vertex -0.003970835496392216 -0.0004821467210212922 0
    vertex -0.003587649114560328 -0.0006860941117202598 0
    vertex -0.003564179328452835 -0.0002743994007506028 0
  endloop
endfacet
facet normal 0 -0 1
  outer loop
    vertex -0.003740064970741659 -0.001418419548170142 0
    vertex -0.003412939586079264 -0.001050048324744338 0
    vertex -0.003883767269704208 -0.000957262657150231 0
  endloop
endfacet
facet normal 0 0 1
  outer loop
    vertex -0.003412939586079264 -0.001050048324744338 0
    vertex -0.003587649114560328 -0.0006860941117202598 0
    vertex -0.003883767269704208 -0.000957262657150231 0
  endloop
endfacet
facet normal 0 -0 1
  outer loop
    vertex -0.00354182410261284 -0.001858892688175074 0
    vertex -0.003174570113589703 -0.001468705997497093 0
    vertex -0.003740064970741659 -0.001418419548170142 0
  endloop
endfacet
facet normal -0 0 1
  outer loop
    vertex -0.003740064970741659 -0.001418419548170142 0
    vertex -0.003174570113589703 -0.001468705997497093 0
    vertex -0.003412939586079264 -0.001050048324744338 0
  endloop
endfacet
facet normal 0 -0 1
  outer loop
    vertex -0.003291935463574626 -0.002272258986924623 0
    vertex -0.003105732964757159 -0.001901309323258123 0
    vertex -0.00354182410261284 -0.001858892688175074 0
  endloop
endfacet
facet normal -0 0 1
  outer loop
    vertex -0.00354182410261284 -0.001858892688175074 0
    vertex -0.003105732964757159 -0.001901309323258123 0
    vertex -0.003174570113589703 -0.001468705997497093 0
  endloop
endfacet
facet normal 0 -0 1
  outer loop
    vertex -0.002994042992684405 -0.002652490632963181 0
    vertex -0.002804047442951482 -0.002168840779578067 0
    vertex -0.003291935463574626 -0.002272258986924623 0
  endloop
endfacet
facet normal 0 0 1
  outer loop
    vertex -0.002804047442951482 -0.002168840779578067 0
    vertex -0.003105732964757159 -0.001901309323258123 0
    vertex -0.003291935463574626 -0.002272258986924623 0
  endloop
endfacet
facet normal 0 -0 1
  outer loop
    vertex -0.002652490632963181 -0.002994042992684404 0
    vertex -0.002443553925201617 -0.002442973697292102 0
    vertex -0.002994042992684405 -0.002652490632963181 0
  endloop
endfacet
facet normal 0 0 1
  outer loop
    vertex -0.002994042992684405 -0.002652490632963181 0
    vertex -0.002443553925201617 -0.002442973697292102 0
    vertex -0.002804047442951482 -0.002168840779578067 0
  endloop
endfacet
facet normal 0 -0 1
  outer loop
    vertex -0.002272258986924623 -0.003291935463574625 0
    vertex -0.002204392362556855 -0.002813698963337352 0
    vertex -0.002652490632963181 -0.002994042992684404 0
  endloop
endfacet
facet normal 0 0 1
  outer loop
    vertex -0.002204392362556855 -0.002813698963337352 0
    vertex -0.002443553925201617 -0.002442973697292102 0
    vertex -0.002652490632963181 -0.002994042992684404 0
  endloop
endfacet
facet normal 0 -0 1
  outer loop
    vertex -0.001858892688175074 -0.003541824102612839 0
    vertex -0.001835542701274505 -0.003092395028676738 0
    vertex -0.002272258986924623 -0.003291935463574625 0
  endloop
endfacet
facet normal 0 0 1
  outer loop
    vertex -0.002272258986924623 -0.003291935463574625 0
    vertex -0.001835542701274505 -0.003092395028676738 0
    vertex -0.002204392362556855 -0.002813698963337352 0
  endloop
endfacet
facet normal 0 0 1
  outer loop
    vertex -0.001418419548170143 -0.003740064970741659 0
    vertex -0.001450413954770911 -0.003329818302953902 0
    vertex -0.001858892688175074 -0.003541824102612839 0
  endloop
endfacet
facet normal 0 0 1
  outer loop
    vertex -0.001450413954770911 -0.003329818302953902 0
    vertex -0.001835542701274505 -0.003092395028676738 0
    vertex -0.001858892688175074 -0.003541824102612839 0
  endloop
endfacet
facet normal 0 0 1
  outer loop
    vertex -0.0009572626571502313 -0.003883767269704208 0
    vertex -0.001108251744073476 -0.003519849129499546 0
    vertex -0.001418419548170143 -0.003740064970741659 0
  endloop
endfacet
facet normal 0 -0 1
  outer loop
    vertex -0.001418419548170143 -0.003740064970741659 0
    vertex -0.001108251744073476 -0.003519849129499546 0
    vertex -0.001450413954770911 -0.003329818302953902 0
  endloop
endfacet
facet normal 0 0 1
  outer loop
    vertex -0.0004821467210212929 -0.003970835496392216 0
    vertex -0.0006744317315658988 -0.003461927340146304 0
    vertex -0.0009572626571502313 -0.003883767269704208 0
  endloop
endfacet
facet normal 0 0 1
  outer loop
    vertex -0.0006744317315658988 -0.003461927340146304 0
    vertex -0.001108251744073476 -0.003519849129499546 0
    vertex -0.0009572626571502313 -0.003883767269704208 0
  endloop
endfacet
facet normal 0 0 1
  outer loop
    vertex -0.0002297143715765962 -0.003590236328867415 0
    vertex -0.0006744317315658988 -0.003461927340146304 0
    vertex -0.0004821467210212929 -0.003970835496392216 0
  endloop
endfacet
facet normal 0 0 1
  outer loop
    vertex 0.0009572626571502309 -0.003883767269704208 0
    vertex 0.0006602365020318746 -0.003603509720181088 0
    vertex 0.0004821467210212915 -0.003970835496392216 0
  endloop
endfacet
facet normal 0 -0 1
  outer loop
    vertex 0.0004821467210212915 -0.003970835496392216 0
    vertex 0.0006602365020318746 -0.003603509720181088 0
    vertex 0.0002112788543658285 -0.003500919013098274 0
  endloop
endfacet
facet normal 0 0 1
  outer loop
    vertex 0.001418419548170142 -0.003740064970741659 0
    vertex 0.001027935724722697 -0.003456624930873409 0
    vertex 0.0009572626571502309 -0.003883767269704208 0
  endloop
endfacet
facet normal 0 0 1
  outer loop
    vertex 0.001027935724722697 -0.003456624930873409 0
    vertex 0.0006602365020318746 -0.003603509720181088 0
    vertex 0.0009572626571502309 -0.003883767269704208 0
  endloop
endfacet
facet normal 0 0 1
  outer loop
    vertex 0.001858892688175074 -0.00354182410261284 0
    vertex 0.001475088189792053 -0.003292473583253721 0
    vertex 0.001418419548170142 -0.003740064970741659 0
  endloop
endfacet
facet normal 0 -0 1
  outer loop
    vertex 0.001418419548170142 -0.003740064970741659 0
    vertex 0.001475088189792053 -0.003292473583253721 0
    vertex 0.001027935724722697 -0.003456624930873409 0
  endloop
endfacet
facet normal 0 0 1
  outer loop
    vertex 0.002272258986924623 -0.003291935463574626 0
    vertex 0.001836606033468493 -0.003019575547585774 0
    vertex 0.001858892688175074 -0.00354182410261284 0
  endloop
endfacet
facet normal 0 0 1
  outer loop
    vertex 0.001858892688175074 -0.00354182410261284 0
    vertex 0.001836606033468493 -0.003019575547585774 0
    vertex 0.001475088189792053 -0.003292473583253721 0
  endloop
endfacet
facet normal 0 0 1
  outer loop
    vertex 0.002652490632963181 -0.002994042992684405 0
    vertex 0.002226424859038262 -0.002793736629096783 0
    vertex 0.002272258986924623 -0.003291935463574626 0
  endloop
endfacet
facet normal 0 0 1
  outer loop
    vertex 0.002226424859038262 -0.002793736629096783 0
    vertex 0.001836606033468493 -0.003019575547585774 0
    vertex 0.002272258986924623 -0.003291935463574626 0
  endloop
endfacet
facet normal 0 0 1
  outer loop
    vertex 0.002994042992684404 -0.002652490632963182 0
    vertex 0.002607179081586566 -0.002589237065849418 0
    vertex 0.002652490632963181 -0.002994042992684405 0
  endloop
endfacet
facet normal 0 0 1
  outer loop
    vertex 0.002652490632963181 -0.002994042992684405 0
    vertex 0.002607179081586566 -0.002589237065849418 0
    vertex 0.002226424859038262 -0.002793736629096783 0
  endloop
endfacet
facet normal 0 0 1
  outer loop
    vertex 0.003291935463574625 -0.002272258986924623 0
    vertex 0.002825599583378854 -0.002247644389722751 0
    vertex 0.002994042992684404 -0.002652490632963182 0
  endloop
endfacet
facet normal 0 0 1
  outer loop
    vertex 0.002825599583378854 -0.002247644389722751 0
    vertex 0.002607179081586566 -0.002589237065849418 0
    vertex 0.002994042992684404 -0.002652490632963182 0
  endloop
endfacet
facet normal 0 0 1
  outer loop
    vertex 0.003541824102612839 -0.001858892688175075 0
    vertex 0.003087119615345862 -0.001809305386853021 0
    vertex 0.003291935463574625 -0.002272258986924623 0
  endloop
endfacet
facet normal 0 0 1
  outer loop
    vertex 0.003087119615345862 -0.001809305386853021 0
    vertex 0.002825599583378854 -0.002247644389722751 0
    vertex 0.003291935463574625 -0.002272258986924623 0
  endloop
endfacet
facet normal 0 0 1
  outer loop
    vertex 0.003740064970741659 -0.001418419548170143 0
    vertex 0.003399585090546171 -0.001522614857511806 0
    vertex 0.003541824102612839 -0.001858892688175075 0
  endloop
endfacet
facet normal 0 0 1
  outer loop
    vertex 0.003541824102612839 -0.001858892688175075 0
    vertex 0.003399585090546171 -0.001522614857511806 0
    vertex 0.003087119615345862 -0.001809305386853021 0
  endloop
endfacet
facet normal 0 0 1
  outer loop
    vertex 0.003883767269704208 -0.0009572626571502308 0
    vertex 0.003456722936695215 -0.001115399432428586 0
    vertex 0.003740064970741659 -0.001418419548170143 0
  endloop
endfacet
facet normal 0 0 1
  outer loop
    vertex 0.003456722936695215 -0.001115399432428586 0
    vertex 0.003399585090546171 -0.001522614857511806 0
    vertex 0.003740064970741659 -0.001418419548170143 0
  endloop
endfacet
facet normal 0 0 1
  outer loop
    vertex 0.003970835496392216 -0.000482146721021294 0
    vertex 0.003515838912617728 -0.0006443013929114855 0
    vertex 0.003883767269704208 -0.0009572626571502308 0
  endloop
endfacet
facet normal 0 0 1
  outer loop
    vertex 0.003515838912617728 -0.0006443013929114855 0
    vertex 0.003456722936695215 -0.001115399432428586 0
    vertex 0.003883767269704208 -0.0009572626571502308 0
  endloop
endfacet
facet normal 0 0 1
  outer loop
    vertex 0.003970835496392216 -0.000482146721021294 0
    vertex 0.003555017994283535 -0.0001916846415905057 0
    vertex 0.003515838912617728 -0.0006443013929114855 0
  endloop
endfacet
facet normal 0 0 1
  outer loop
    vertex -0.001016614080021277 0.003481648137059422 0
    vertex -0.001012030801210764 0.003041489852973586 0
    vertex -0.0005989404390805931 0.003283559466780049 0
  endloop
endfacet
facet normal 0 0 1
  outer loop
    vertex -0.0005989404390805931 0.003283559466780049 0
    vertex -0.0006671344922915512 0.00364408580663111 0
    vertex -0.001016614080021277 0.003481648137059422 0
  endloop
endfacet
facet normal -0 0 1
  outer loop
    vertex -0.001424743136545855 0.003274237614624931 0
    vertex -0.001012030801210764 0.003041489852973586 0
    vertex -0.001016614080021277 0.003481648137059422 0
  endloop
endfacet
facet normal 0 -0 1
  outer loop
    vertex 0.001027935724722697 -0.003456624930873409 0
    vertex 0.001042520567235881 -0.002993700621091896 0
    vertex 0.0006225585528993247 -0.00320540189083733 0
  endloop
endfacet
facet normal 0 0 1
  outer loop
    vertex 0.0006225585528993247 -0.00320540189083733 0
    vertex 0.0006602365020318746 -0.003603509720181088 0
    vertex 0.001027935724722697 -0.003456624930873409 0
  endloop
endfacet
facet normal 0 0 1
  outer loop
    vertex 0.001027935724722697 -0.003456624930873409 0
    vertex 0.001475088189792053 -0.003292473583253721 0
    vertex 0.001042520567235881 -0.002993700621091896 0
  endloop
endfacet
facet normal 0 0 1
  outer loop
    vertex 0.003162027069557819 0.0006228700864281154 0
    vertex 0.003607477968224465 0.0006682075541430089 0
    vertex 0.00345041753511648 0.001040023537380262 0
  endloop
endfacet
facet normal 0 0 1
  outer loop
    vertex 0.00345041753511648 0.001040023537380262 0
    vertex 0.003055901487376521 0.001088561795355193 0
    vertex 0.003162027069557819 0.0006228700864281154 0
  endloop
endfacet
facet normal 0 0 1
  outer loop
    vertex 0.003267376347881976 0.001444323215007373 0
    vertex 0.003055901487376521 0.001088561795355193 0
    vertex 0.00345041753511648 0.001040023537380262 0
  endloop
endfacet
facet normal 0 0 1
  outer loop
    vertex -0.00315283601887734 -0.0006054645711402826 0
    vertex -0.003587649114560328 -0.0006860941117202598 0
    vertex -0.003412939586079264 -0.001050048324744338 0
  endloop
endfacet
facet normal 0 0 1
  outer loop
    vertex -0.003412939586079264 -0.001050048324744338 0
    vertex -0.003021703204287029 -0.001029176250053616 0
    vertex -0.00315283601887734 -0.0006054645711402826 0
  endloop
endfacet
facet normal 0 -0 1
  outer loop
    vertex -0.003174570113589703 -0.001468705997497093 0
    vertex -0.003021703204287029 -0.001029176250053616 0
    vertex -0.003412939586079264 -0.001050048324744338 0
  endloop
endfacet
facet normal 0 0 1
  outer loop
    vertex 0.001473436029568926 0.00327204031329746 0
    vertex 0.001053577270607999 0.003401698152866355 0
    vertex 0.001146998146955167 0.002881054442658352 0
  endloop
endfacet
facet normal 0 0 1
  outer loop
    vertex 0.001146998146955167 0.002881054442658352 0
    vertex 0.001573202118524408 0.002914422909090822 0
    vertex 0.001473436029568926 0.00327204031329746 0
  endloop
endfacet
facet normal 0 0 1
  outer loop
    vertex 0.001473436029568926 0.00327204031329746 0
    vertex 0.001573202118524408 0.002914422909090822 0
    vertex 0.001852186297920141 0.003136439548306526 0
  endloop
endfacet
facet normal -0 0 1
  outer loop
    vertex -0.003211481256751635 0.001429275757763694 0
    vertex -0.002714499270266698 0.001149178563991874 0
    vertex -0.002699657683575096 0.001624814653994428 0
  endloop
endfacet
facet normal 0 0 1
  outer loop
    vertex -0.002699657683575096 0.001624814653994428 0
    vertex -0.003055121884779449 0.001927907907091124 0
    vertex -0.003211481256751635 0.001429275757763694 0
  endloop
endfacet
facet normal 0 -0 1
  outer loop
    vertex -0.003117178173846691 0.0009036583644487001 0
    vertex -0.002714499270266698 0.001149178563991874 0
    vertex -0.003211481256751635 0.001429275757763694 0
  endloop
endfacet
facet normal 0 0 1
  outer loop
    vertex -0.003211481256751635 0.001429275757763694 0
    vertex -0.00348950054898517 0.001087372347426538 0
    vertex -0.003117178173846691 0.0009036583644487001 0
  endloop
endfacet
facet normal 0 0 1
  outer loop
    vertex 0.003087119615345862 -0.001809305386853021 0
    vertex 0.003084425917284079 -0.001306904350048327 0
    vertex 0.00271263905998817 -0.001536280925018289 0
  endloop
endfacet
facet normal 0 0 1
  outer loop
    vertex 0.00271263905998817 -0.001536280925018289 0
    vertex 0.002661260574456442 -0.001911639132472049 0
    vertex 0.003087119615345862 -0.001809305386853021 0
  endloop
endfacet
facet normal 0 -0 1
  outer loop
    vertex 0.003087119615345862 -0.001809305386853021 0
    vertex 0.003399585090546171 -0.001522614857511806 0
    vertex 0.003084425917284079 -0.001306904350048327 0
  endloop
endfacet
facet normal 0 0 1
  outer loop
    vertex 0.003087119615345862 -0.001809305386853021 0
    vertex 0.002661260574456442 -0.001911639132472049 0
    vertex 0.002825599583378854 -0.002247644389722751 0
  endloop
endfacet
facet normal 0 0 1
  outer loop
    vertex -0.001049936378026234 -0.003139897892136731 0
    vertex -0.001435337343028828 -0.002909405519730334 0
    vertex -0.001450413954770911 -0.003329818302953902 0
  endloop
endfacet
facet normal -0 0 1
  outer loop
    vertex -0.001450413954770911 -0.003329818302953902 0
    vertex -0.001108251744073476 -0.003519849129499546 0
    vertex -0.001049936378026234 -0.003139897892136731 0
  endloop
endfacet
facet normal 0 -0 1
  outer loop
    vertex -0.001450413954770911 -0.003329818302953902 0
    vertex -0.001435337343028828 -0.002909405519730334 0
    vertex -0.001835542701274505 -0.003092395028676738 0
  endloop
endfacet
facet normal -0 0 1
  outer loop
    vertex -0.002623138040911326 0.002527271427640922 0
    vertex -0.002242104787782206 0.002312712828319233 0
    vertex -0.002244972533779544 0.002786973361536236 0
  endloop
endfacet
facet normal 0 0 1
  outer loop
    vertex -0.002637426733701966 0.002072276715945017 0
    vertex -0.002242104787782206 0.002312712828319233 0
    vertex -0.002623138040911326 0.002527271427640922 0
  endloop
endfacet
facet normal 0 0 1
  outer loop
    vertex -0.002623138040911326 0.002527271427640922 0
    vertex -0.002920333023130354 0.002290441134112974 0
    vertex -0.002637426733701966 0.002072276715945017 0
  endloop
endfacet
facet normal -0 0 1
  outer loop
    vertex 0.001992932519687563 0.002386412244229771 0
    vertex 0.002329305324591014 0.00207278168539825 0
    vertex 0.00250726905556177 0.002518683980638792 0
  endloop
endfacet
facet normal 0 0 1
  outer loop
    vertex 0.00250726905556177 0.002518683980638792 0
    vertex 0.002216006924059204 0.002850455267816549 0
    vertex 0.001992932519687563 0.002386412244229771 0
  endloop
endfacet
facet normal 0 0 1
  outer loop
    vertex 0.002329305324591014 0.00207278168539825 0
    vertex 0.002806408979060464 0.00219815334429218 0
    vertex 0.00250726905556177 0.002518683980638792 0
  endloop
endfacet
facet normal 0 0 1
  outer loop
    vertex 0.003134487892566828 -0.0003748778391288024 0
    vertex 0.003106590331977997 -0.0008309496509488047 0
    vertex 0.003515838912617728 -0.0006443013929114855 0
  endloop
endfacet
facet normal 0 -0 1
  outer loop
    vertex 0.003515838912617728 -0.0006443013929114855 0
    vertex 0.003555017994283535 -0.0001916846415905057 0
    vertex 0.003134487892566828 -0.0003748778391288024 0
  endloop
endfacet
facet normal -0 0 1
  outer loop
    vertex 0.003106590331977997 -0.0008309496509488047 0
    vertex 0.003456722936695215 -0.001115399432428586 0
    vertex 0.003515838912617728 -0.0006443013929114855 0
  endloop
endfacet
facet normal 0 0 1
  outer loop
    vertex 0.000186396433389735 0.003568030482604037 0
    vertex -0.0002807085641843631 0.003600618663219656 0
    vertex -0.000119287029281998 0.003123721714870938 0
  endloop
endfacet
facet normal 0 0 1
  outer loop
    vertex -0.000119287029281998 0.003123721714870938 0
    vertex 0.0003044930676906808 0.003192666563151028 0
    vertex 0.000186396433389735 0.003568030482604037 0
  endloop
endfacet
facet normal 0 0 1
  outer loop
    vertex 0.000186396433389735 0.003568030482604037 0
    vertex 0.0003044930676906808 0.003192666563151028 0
    vertex 0.0006092312667680694 0.003513732241012332 0
  endloop
endfacet
facet normal 0 -0 1
  outer loop
    vertex -0.003128771261605365 -6.806198819816183e-05 0
    vertex -0.003120590446758741 0.0004206424379453957 0
    vertex -0.003554632439011813 0.0002081103383669103 0
  endloop
endfacet
facet normal 0 0 1
  outer loop
    vertex -0.003554632439011813 0.0002081103383669103 0
    vertex -0.003564179328452835 -0.0002743994007506028 0
    vertex -0.003128771261605365 -6.806198819816183e-05 0
  endloop
endfacet
facet normal 0 0 1
  outer loop
    vertex -0.003120590446758741 0.0004206424379453957 0
    vertex -0.003517098171531787 0.0006731983195017521 0
    vertex -0.003554632439011813 0.0002081103383669103 0
  endloop
endfacet
facet normal 0 0 1
  outer loop
    vertex -0.00233411714138639 -0.001977163621747763 0
    vertex -0.002716287701057144 -0.001737848164115757 0
    vertex -0.002804047442951482 -0.002168840779578067 0
  endloop
endfacet
facet normal -0 0 1
  outer loop
    vertex -0.002804047442951482 -0.002168840779578067 0
    vertex -0.002443553925201617 -0.002442973697292102 0
    vertex -0.00233411714138639 -0.001977163621747763 0
  endloop
endfacet
facet normal 0 0 1
  outer loop
    vertex -0.002716287701057144 -0.001737848164115757 0
    vertex -0.003105732964757159 -0.001901309323258123 0
    vertex -0.002804047442951482 -0.002168840779578067 0
  endloop
endfacet
facet normal 0 0 1
  outer loop
    vertex 0.0002112788543658285 -0.003500919013098274 0
    vertex -0.0002572244457552366 -0.003153697116790697 0
    vertex -0.0002297143715765962 -0.003590236328867415 0
  endloop
endfacet
facet normal 0 0 1
  outer loop
    vertex -0.0002297143715765962 -0.003590236328867415 0
    vertex -0.0002572244457552366 -0.003153697116790697 0
    vertex -0.0006744317315658988 -0.003461927340146304 0
  endloop
endfacet
facet normal 0 0 1
  outer loop
    vertex 0.002337337339868128 -0.002258270684779967 0
    vertex 0.001867807510182054 -0.002493939600189577 0
    vertex 0.002226424859038262 -0.002793736629096783 0
  endloop
endfacet
facet normal 0 0 1
  outer loop
    vertex 0.002226424859038262 -0.002793736629096783 0
    vertex 0.002607179081586566 -0.002589237065849418 0
    vertex 0.002337337339868128 -0.002258270684779967 0
  endloop
endfacet
facet normal 0 0 1
  outer loop
    vertex 0.001867807510182054 -0.002493939600189577 0
    vertex 0.001836606033468493 -0.003019575547585774 0
    vertex 0.002226424859038262 -0.002793736629096783 0
  endloop
endfacet
facet normal -0 0 1
  outer loop
    vertex -0.002244972533779544 0.002786973361536236 0
    vertex -0.001839483986840858 0.002562807441305846 0
    vertex -0.001849165928025635 0.003058894067308277 0
  endloop
endfacet
facet normal 0 -0 1
  outer loop
    vertex -0.001839483986840858 0.002562807441305846 0
    vertex -0.001430613200138178 0.002823227531949078 0
    vertex -0.001849165928025635 0.003058894067308277 0
  endloop
endfacet
facet normal 0 -0 1
  outer loop
    vertex -0.001430613200138178 0.002823227531949078 0
    vertex -0.001424743136545855 0.003274237614624931 0
    vertex -0.001849165928025635 0.003058894067308277 0
  endloop
endfacet
facet normal 0 0 1
  outer loop
    vertex 0.002775352872780997 0.001403148228722181 0
    vertex 0.003267376347881976 0.001444323215007373 0
    vertex 0.003062259810575247 0.001843734386319089 0
  endloop
endfacet
facet normal 0 0 1
  outer loop
    vertex 0.003062259810575247 0.001843734386319089 0
    vertex 0.002653641227375724 0.001828970393509146 0
    vertex 0.002775352872780997 0.001403148228722181 0
  endloop
endfacet
facet normal 0 0 1
  outer loop
    vertex 0.002806408979060464 0.00219815334429218 0
    vertex 0.002653641227375724 0.001828970393509146 0
    vertex 0.003062259810575247 0.001843734386319089 0
  endloop
endfacet
facet normal 0 0 1
  outer loop
    vertex 0.003162027069557819 0.0006228700864281154 0
    vertex 0.003138603193772838 0.0001124833347834016 0
    vertex 0.003570342470351605 0.0002387347687351465 0
  endloop
endfacet
facet normal 0 -0 1
  outer loop
    vertex 0.003570342470351605 0.0002387347687351465 0
    vertex 0.003607477968224465 0.0006682075541430089 0
    vertex 0.003162027069557819 0.0006228700864281154 0
  endloop
endfacet
facet normal -0 0 1
  outer loop
    vertex 0.003138603193772838 0.0001124833347834016 0
    vertex 0.003555017994283535 -0.0001916846415905057 0
    vertex 0.003570342470351605 0.0002387347687351465 0
  endloop
endfacet
facet normal 0 0 1
  outer loop
    vertex -0.001940282586616059 -0.002309762147624449 0
    vertex -0.002443553925201617 -0.002442973697292102 0
    vertex -0.002204392362556855 -0.002813698963337352 0
  endloop
endfacet
facet normal 0 0 1
  outer loop
    vertex -0.002204392362556855 -0.002813698963337352 0
    vertex -0.001782526178516054 -0.002710648217813935 0
    vertex -0.001940282586616059 -0.002309762147624449 0
  endloop
endfacet
facet normal 0 -0 1
  outer loop
    vertex -0.001835542701274505 -0.003092395028676738 0
    vertex -0.001782526178516054 -0.002710648217813935 0
    vertex -0.002204392362556855 -0.002813698963337352 0
  endloop
endfacet
facet normal 0 0 1
  outer loop
    vertex -0.002244972533779544 0.002786973361536236 0
    vertex -0.002242104787782206 0.002312712828319233 0
    vertex -0.001839483986840858 0.002562807441305846 0
  endloop
endfacet
facet normal -0 0 1
  outer loop
    vertex -0.001839483986840858 0.002562807441305846 0
    vertex -0.001432096189888658 0.00233726902280142 0
    vertex -0.001430613200138178 0.002823227531949078 0
  endloop
endfacet
facet normal 0 0 1
  outer loop
    vertex -0.001839483986840858 0.002562807441305846 0
    vertex -0.001844353919539761 0.002084181804893592 0
    vertex -0.001432096189888658 0.00233726902280142 0
  endloop
endfacet
facet normal 0 0 1
  outer loop
    vertex -0.001839483986840858 0.002562807441305846 0
    vertex -0.002242104787782206 0.002312712828319233 0
    vertex -0.001844353919539761 0.002084181804893592 0
  endloop
endfacet
facet normal 0 0 1
  outer loop
    vertex -0.001432096189888658 0.00233726902280142 0
    vertex -0.001007569245934005 0.002568274987142005 0
    vertex -0.001430613200138178 0.002823227531949078 0
  endloop
endfacet
facet normal 0 0 1
  outer loop
    vertex -0.001007569245934005 0.002568274987142005 0
    vertex -0.001012030801210764 0.003041489852973586 0
    vertex -0.001430613200138178 0.002823227531949078 0
  endloop
endfacet
facet normal 0 0 1
  outer loop
    vertex -0.001430613200138178 0.002823227531949078 0
    vertex -0.001012030801210764 0.003041489852973586 0
    vertex -0.001424743136545855 0.003274237614624931 0
  endloop
endfacet
facet normal -0 0 1
  outer loop
    vertex -0.001432096189888658 0.00233726902280142 0
    vertex -0.001015830854091373 0.002093960040754623 0
    vertex -0.001007569245934005 0.002568274987142005 0
  endloop
endfacet
facet normal 0 0 1
  outer loop
    vertex -0.001432096189888658 0.00233726902280142 0
    vertex -0.001436903750874201 0.001857375416480575 0
    vertex -0.001015830854091373 0.002093960040754623 0
  endloop
endfacet
facet normal 0 0 1
  outer loop
    vertex -0.001432096189888658 0.00233726902280142 0
    vertex -0.001844353919539761 0.002084181804893592 0
    vertex -0.001436903750874201 0.001857375416480575 0
  endloop
endfacet
facet normal 0 0 1
  outer loop
    vertex -0.001015830854091373 0.002093960040754623 0
    vertex -0.0005955645848503531 0.002332148183635996 0
    vertex -0.001007569245934005 0.002568274987142005 0
  endloop
endfacet
facet normal -0 0 1
  outer loop
    vertex -0.001007569245934005 0.002568274987142005 0
    vertex -0.0005955645848503531 0.002332148183635996 0
    vertex -0.0005937047055446779 0.002817991380286027 0
  endloop
endfacet
facet normal 0 0 1
  outer loop
    vertex -0.0005937047055446779 0.002817991380286027 0
    vertex -0.001012030801210764 0.003041489852973586 0
    vertex -0.001007569245934005 0.002568274987142005 0
  endloop
endfacet
facet normal -0 0 1
  outer loop
    vertex -0.001436903750874201 0.001857375416480575 0
    vertex -0.001020284956095823 0.001612914842312561 0
    vertex -0.001015830854091373 0.002093960040754623 0
  endloop
endfacet
facet normal 0 0 1
  outer loop
    vertex -0.001020284956095823 0.001612914842312561 0
    vertex -0.0006002714140392901 0.00185146715517572 0
    vertex -0.001015830854091373 0.002093960040754623 0
  endloop
endfacet
facet normal 0 -0 1
  outer loop
    vertex -0.0006002714140392901 0.00185146715517572 0
    vertex -0.0005955645848503531 0.002332148183635996 0
    vertex -0.001015830854091373 0.002093960040754623 0
  endloop
endfacet
facet normal 0 0 1
  outer loop
    vertex -0.001436903750874201 0.001857375416480575 0
    vertex -0.001440284458458696 0.001374201873143704 0
    vertex -0.001020284956095823 0.001612914842312561 0
  endloop
endfacet
facet normal 0 0 1
  outer loop
    vertex -0.001844353919539761 0.002084181804893592 0
    vertex -0.001855952323102583 0.001616234226370982 0
    vertex -0.001436903750874201 0.001857375416480575 0
  endloop
endfacet
facet normal -0 0 1
  outer loop
    vertex -0.001855952323102583 0.001616234226370982 0
    vertex -0.001440284458458696 0.001374201873143704 0
    vertex -0.001436903750874201 0.001857375416480575 0
  endloop
endfacet
facet normal -0 0 1
  outer loop
    vertex -0.001020284956095823 0.001612914842312561 0
    vertex -0.0006039415288158833 0.001368943590515803 0
    vertex -0.0006002714140392901 0.00185146715517572 0
  endloop
endfacet
facet normal 0 0 1
  outer loop
    vertex -0.001020284956095823 0.001612914842312561 0
    vertex -0.001023909725822557 0.00113030979820048 0
    vertex -0.0006039415288158833 0.001368943590515803 0
  endloop
endfacet
facet normal 0 0 1
  outer loop
    vertex -0.001020284956095823 0.001612914842312561 0
    vertex -0.001440284458458696 0.001374201873143704 0
    vertex -0.001023909725822557 0.00113030979820048 0
  endloop
endfacet
facet normal 0 0 1
  outer loop
    vertex -0.0006039415288158833 0.001368943590515803 0
    vertex -0.0001838883422034379 0.001607414061565179 0
    vertex -0.0006002714140392901 0.00185146715517572 0
  endloop
endfacet
facet normal 0 0 1
  outer loop
    vertex -0.0006002714140392901 0.00185146715517572 0
    vertex -0.0001803692263320518 0.002090241467397001 0
    vertex -0.0005955645848503531 0.002332148183635996 0
  endloop
endfacet
facet normal 0 -0 1
  outer loop
    vertex -0.0001838883422034379 0.001607414061565179 0
    vertex -0.0001803692263320518 0.002090241467397001 0
    vertex -0.0006002714140392901 0.00185146715517572 0
  endloop
endfacet
facet normal -0 0 1
  outer loop
    vertex -0.001023909725822557 0.00113030979820048 0
    vertex -0.0006073468002401211 0.0008859141840133312 0
    vertex -0.0006039415288158833 0.001368943590515803 0
  endloop
endfacet
facet normal 0 0 1
  outer loop
    vertex -0.0006073468002401211 0.0008859141840133312 0
    vertex -0.0001873424739161302 0.00112447832748003 0
    vertex -0.0006039415288158833 0.001368943590515803 0
  endloop
endfacet
facet normal 0 -0 1
  outer loop
    vertex -0.0001873424739161302 0.00112447832748003 0
    vertex -0.0001838883422034379 0.001607414061565179 0
    vertex -0.0006039415288158833 0.001368943590515803 0
  endloop
endfacet
facet normal 0 0 1
  outer loop
    vertex -0.001023909725822557 0.00113030979820048 0
    vertex -0.001027355595486619 0.0006473586496610435 0
    vertex -0.0006073468002401211 0.0008859141840133312 0
  endloop
endfacet
facet normal 0 0 1
  outer loop
    vertex -0.001440284458458696 0.001374201873143704 0
    vertex -0.001443931697186515 0.0008917527294598004 0
    vertex -0.001023909725822557 0.00113030979820048 0
  endloop
endfacet
facet normal 0 0 1
  outer loop
    vertex -0.001023909725822557 0.00113030979820048 0
    vertex -0.001443931697186515 0.0008917527294598004 0
    vertex -0.001027355595486619 0.0006473586496610435 0
  endloop
endfacet
facet normal -0 0 1
  outer loop
    vertex -0.0006073468002401211 0.0008859141840133312 0
    vertex -0.0001907545174756742 0.00064146198201983 0
    vertex -0.0001873424739161302 0.00112447832748003 0
  endloop
endfacet
facet normal 0 0 1
  outer loop
    vertex -0.0006073468002401211 0.0008859141840133312 0
    vertex -0.0006107646799908431 0.0004029090677027859 0
    vertex -0.0001907545174756742 0.00064146198201983 0
  endloop
endfacet
facet normal 0 0 1
  outer loop
    vertex -0.0006073468002401211 0.0008859141840133312 0
    vertex -0.001027355595486619 0.0006473586496610435 0
    vertex -0.0006107646799908431 0.0004029090677027859 0
  endloop
endfacet
facet normal 0 0 1
  outer loop
    vertex -0.0001907545174756742 0.00064146198201983 0
    vertex 0.0002292547871579452 0.0008800165529770799 0
    vertex -0.0001873424739161302 0.00112447832748003 0
  endloop
endfacet
facet normal 0 0 1
  outer loop
    vertex -0.0001873424739161302 0.00112447832748003 0
    vertex 0.0002326739994248115 0.001363019135533879 0
    vertex -0.0001838883422034379 0.001607414061565179 0
  endloop
endfacet
facet normal 0 -0 1
  outer loop
    vertex 0.0002292547871579452 0.0008800165529770799 0
    vertex 0.0002326739994248115 0.001363019135533879 0
    vertex -0.0001873424739161302 0.00112447832748003 0
  endloop
endfacet
facet normal -0 0 1
  outer loop
    vertex -0.0006107646799908431 0.0004029090677027859 0
    vertex -0.0001941681437223244 0.0001584486695077119 0
    vertex -0.0001907545174756742 0.00064146198201983 0
  endloop
endfacet
facet normal 0 0 1
  outer loop
    vertex -0.0001941681437223244 0.0001584486695077119 0
    vertex 0.0002258422809103607 0.0003970010822837137 0
    vertex -0.0001907545174756742 0.00064146198201983 0
  endloop
endfacet
facet normal 0 -0 1
  outer loop
    vertex 0.0002258422809103607 0.0003970010822837137 0
    vertex 0.0002292547871579452 0.0008800165529770799 0
    vertex -0.0001907545174756742 0.00064146198201983 0
  endloop
endfacet
facet normal 0 0 1
  outer loop
    vertex -0.0006107646799908431 0.0004029090677027859 0
    vertex -0.0006141781102674094 -8.010462736934581e-05 0
    vertex -0.0001941681437223244 0.0001584486695077119 0
  endloop
endfacet
facet normal 0 0 1
  outer loop
    vertex -0.001027355595486619 0.0006473586496610435 0
    vertex -0.001030774590774108 0.0001643556697796995 0
    vertex -0.0006107646799908431 0.0004029090677027859 0
  endloop
endfacet
facet normal 0 0 1
  outer loop
    vertex -0.0006107646799908431 0.0004029090677027859 0
    vertex -0.001030774590774108 0.0001643556697796995 0
    vertex -0.0006141781102674094 -8.010462736934581e-05 0
  endloop
endfacet
facet normal -0 0 1
  outer loop
    vertex -0.0001941681437223244 0.0001584486695077119 0
    vertex 0.0002224298201697174 -8.601448134303084e-05 0
    vertex 0.0002258422809103607 0.0003970010822837137 0
  endloop
endfacet
facet normal 0 0 1
  outer loop
    vertex -0.0001941681437223244 0.0001584486695077119 0
    vertex -0.0001975804103922054 -0.0003245672690633676 0
    vertex 0.0002224298201697174 -8.601448134303084e-05 0
  endloop
endfacet
facet normal 0 0 1
  outer loop
    vertex -0.0001941681437223244 0.0001584486695077119 0
    vertex -0.0006141781102674094 -8.010462736934581e-05 0
    vertex -0.0001975804103922054 -0.0003245672690633676 0
  endloop
endfacet
facet normal 0 0 1
  outer loop
    vertex 0.0002224298201697174 -8.601448134303084e-05 0
    vertex 0.0006424400256678016 0.0001525383547909451 0
    vertex 0.0002258422809103607 0.0003970010822837137 0
  endloop
endfacet
facet normal 0 -0 1
  outer loop
    vertex 0.0006424400256678016 0.0001525383547909451 0
    vertex 0.0006458522994589696 0.0006355542794919933 0
    vertex 0.0002258422809103607 0.0003970010822837137 0
  endloop
endfacet
facet normal 0 0 1
  outer loop
    vertex 0.0006458522994589696 0.0006355542794919933 0
    vertex 0.0002292547871579452 0.0008800165529770799 0
    vertex 0.0002258422809103607 0.0003970010822837137 0
  endloop
endfacet
facet normal -0 0 1
  outer loop
    vertex -0.0001975804103922054 -0.0003245672690633676 0
    vertex 0.0002190175169939768 -0.0005690303493790855 0
    vertex 0.0002224298201697174 -8.601448134303084e-05 0
  endloop
endfacet
facet normal 0 0 1
  outer loop
    vertex 0.0002190175169939768 -0.0005690303493790855 0
    vertex 0.0006390277208333134 -0.0003304775100312528 0
    vertex 0.0002224298201697174 -8.601448134303084e-05 0
  endloop
endfacet
facet normal -0 0 1
  outer loop
    vertex 0.0002224298201697174 -8.601448134303084e-05 0
    vertex 0.0006390277208333134 -0.0003304775100312528 0
    vertex 0.0006424400256678016 0.0001525383547909451 0
  endloop
endfacet
facet normal 0 0 1
  outer loop
    vertex -0.0001975804103922054 -0.0003245672690633676 0
    vertex -0.0002009926873013672 -0.0008075831878486779 0
    vertex 0.0002190175169939768 -0.0005690303493790855 0
  endloop
endfacet
facet normal 0 0 1
  outer loop
    vertex -0.0001975804103922054 -0.0003245672690633676 0
    vertex -0.0006175905756110046 -0.0005631201828680556 0
    vertex -0.0002009926873013672 -0.0008075831878486779 0
  endloop
endfacet
facet normal 0 0 1
  outer loop
    vertex -0.0006141781102674094 -8.010462736934581e-05 0
    vertex -0.0006175905756110046 -0.0005631201828680556 0
    vertex -0.0001975804103922054 -0.0003245672690633676 0
  endloop
endfacet
facet normal -0 0 1
  outer loop
    vertex -0.0002009926873013672 -0.0008075831878486779 0
    vertex 0.0002156052383713623 -0.001052046264852423 0
    vertex 0.0002190175169939768 -0.0005690303493790855 0
  endloop
endfacet
facet normal 0 0 1
  outer loop
    vertex 0.0002156052383713623 -0.001052046264852423 0
    vertex 0.0006356154375211783 -0.0008134934164407175 0
    vertex 0.0002190175169939768 -0.0005690303493790855 0
  endloop
endfacet
facet normal 0 -0 1
  outer loop
    vertex 0.0006356154375211783 -0.0008134934164407175 0
    vertex 0.0006390277208333134 -0.0003304775100312528 0
    vertex 0.0002190175169939768 -0.0005690303493790855 0
  endloop
endfacet
facet normal 0 0 1
  outer loop
    vertex 0.0006424400256678016 0.0001525383547909451 0
    vertex 0.001062450195833247 0.0003910912591697257 0
    vertex 0.0006458522994589696 0.0006355542794919933 0
  endloop
endfacet
facet normal -0 0 1
  outer loop
    vertex 0.0006424400256678016 0.0001525383547909451 0
    vertex 0.00105903791793618 -9.192465767553324e-05 0
    vertex 0.001062450195833247 0.0003910912591697257 0
  endloop
endfacet
facet normal 0 0 1
  outer loop
    vertex 0.0006424400256678016 0.0001525383547909451 0
    vertex 0.0006390277208333134 -0.0003304775100312528 0
    vertex 0.00105903791793618 -9.192465767553324e-05 0
  endloop
endfacet
facet normal 0 0 1
  outer loop
    vertex -0.0002009926873013672 -0.0008075831878486779 0
    vertex -0.0002044049618207595 -0.001290599111239274 0
    vertex 0.0002156052383713623 -0.001052046264852423 0
  endloop
endfacet
facet normal 0 0 1
  outer loop
    vertex -0.0002009926873013672 -0.0008075831878486779 0
    vertex -0.0006210028883202171 -0.001046136032642789 0
    vertex -0.0002044049618207595 -0.001290599111239274 0
  endloop
endfacet
facet normal 0 0 1
  outer loop
    vertex -0.0002009926873013672 -0.0008075831878486779 0
    vertex -0.0006175905756110046 -0.0005631201828680556 0
    vertex -0.0006210028883202171 -0.001046136032642789 0
  endloop
endfacet
facet normal -0 0 1
  outer loop
    vertex -0.0002044049618207595 -0.001290599111239274 0
    vertex 0.000212192964239666 -0.001535062188998618 0
    vertex 0.0002156052383713623 -0.001052046264852423 0
  endloop
endfacet
facet normal 0 0 1
  outer loop
    vertex 0.000212192964239666 -0.001535062188998618 0
    vertex 0.0006322031633309973 -0.001296509340479558 0
    vertex 0.0002156052383713623 -0.001052046264852423 0
  endloop
endfacet
facet normal -0 0 1
  outer loop
    vertex 0.0002156052383713623 -0.001052046264852423 0
    vertex 0.0006322031633309973 -0.001296509340479558 0
    vertex 0.0006356154375211783 -0.0008134934164407175 0
  endloop
endfacet
facet normal 0 0 1
  outer loop
    vertex -0.0006210028883202171 -0.001046136032642789 0
    vertex -0.0006244151614808815 -0.001529151958654438 0
    vertex -0.0002044049618207595 -0.001290599111239274 0
  endloop
endfacet
facet normal 0 0 1
  outer loop
    vertex -0.0002044049618207595 -0.001290599111239274 0
    vertex -0.0002078172352039732 -0.001773615036830943 0
    vertex 0.000212192964239666 -0.001535062188998618 0
  endloop
endfacet
facet normal 0 0 1
  outer loop
    vertex -0.0002044049618207595 -0.001290599111239274 0
    vertex -0.0006244151614808815 -0.001529151958654438 0
    vertex -0.0002078172352039732 -0.001773615036830943 0
  endloop
endfacet
facet normal 0 0 1
  outer loop
    vertex -0.0006175905756110046 -0.0005631201828680556 0
    vertex -0.001037600800731385 -0.0008016729811892479 0
    vertex -0.0006210028883202171 -0.001046136032642789 0
  endloop
endfacet
facet normal 0 0 1
  outer loop
    vertex -0.0006210028883202171 -0.001046136032642789 0
    vertex -0.001041013087915267 -0.0012846888801758 0
    vertex -0.0006244151614808815 -0.001529151958654438 0
  endloop
endfacet
facet normal 0 0 1
  outer loop
    vertex -0.0006210028883202171 -0.001046136032642789 0
    vertex -0.001037600800731385 -0.0008016729811892479 0
    vertex -0.001041013087915267 -0.0012846888801758 0
  endloop
endfacet
facet normal 0 -0 1
  outer loop
    vertex 0.001062450195833247 0.0003910912591697257 0
    vertex 0.001065862463891553 0.0008741071950307796 0
    vertex 0.0006458522994589696 0.0006355542794919933 0
  endloop
endfacet
facet normal 0 0 1
  outer loop
    vertex 0.001065862463891553 0.0008741071950307796 0
    vertex 0.0006492645360324341 0.001118570275185764 0
    vertex 0.0006458522994589696 0.0006355542794919933 0
  endloop
endfacet
facet normal 0 0 1
  outer loop
    vertex 0.0006492645360324341 0.001118570275185764 0
    vertex 0.0002292547871579452 0.0008800165529770799 0
    vertex 0.0006458522994589696 0.0006355542794919933 0
  endloop
endfacet
facet normal 0 0 1
  outer loop
    vertex 0.001062450195833247 0.0003910912591697257 0
    vertex 0.001482389195438859 0.0006296446292600577 0
    vertex 0.001065862463891553 0.0008741071950307796 0
  endloop
endfacet
facet normal 0 0 1
  outer loop
    vertex 0.00105903791793618 -9.192465767553324e-05 0
    vertex 0.001479048111495467 0.0001466282015244304 0
    vertex 0.001062450195833247 0.0003910912591697257 0
  endloop
endfacet
facet normal 0 -0 1
  outer loop
    vertex 0.001479048111495467 0.0001466282015244304 0
    vertex 0.001482389195438859 0.0006296446292600577 0
    vertex 0.001062450195833247 0.0003910912591697257 0
  endloop
endfacet
facet normal 0 -0 1
  outer loop
    vertex 0.001065862463891553 0.0008741071950307796 0
    vertex 0.001069274726882787 0.001357123140700089 0
    vertex 0.0006492645360324341 0.001118570275185764 0
  endloop
endfacet
facet normal 0 0 1
  outer loop
    vertex 0.001065862463891553 0.0008741071950307796 0
    vertex 0.001485789600917095 0.001112660644318816 0
    vertex 0.001069274726882787 0.001357123140700089 0
  endloop
endfacet
facet normal 0 -0 1
  outer loop
    vertex 0.001482389195438859 0.0006296446292600577 0
    vertex 0.001485789600917095 0.001112660644318816 0
    vertex 0.001065862463891553 0.0008741071950307796 0
  endloop
endfacet
facet normal -0 0 1
  outer loop
    vertex 0.00105903791793618 -9.192465767553324e-05 0
    vertex 0.001475635836813296 -0.0003363877215413675 0
    vertex 0.001479048111495467 0.0001466282015244304 0
  endloop
endfacet
facet normal 0 0 1
  outer loop
    vertex 0.00105903791793618 -9.192465767553324e-05 0
    vertex 0.001055625637480885 -0.0005749405695922597 0
    vertex 0.001475635836813296 -0.0003363877215413675 0
  endloop
endfacet
facet normal -0 0 1
  outer loop
    vertex 0.0006390277208333134 -0.0003304775100312528 0
    vertex 0.001055625637480885 -0.0005749405695922597 0
    vertex 0.00105903791793618 -9.192465767553324e-05 0
  endloop
endfacet
facet normal 0 0 1
  outer loop
    vertex 0.001475635836813296 -0.0003363877215413675 0
    vertex 0.001895646034807146 -9.78348709079139e-05 0
    vertex 0.001479048111495467 0.0001466282015244304 0
  endloop
endfacet
facet normal 0 -0 1
  outer loop
    vertex 0.001895646034807146 -9.78348709079139e-05 0
    vertex 0.001899058307503564 0.0003851810559956741 0
    vertex 0.001479048111495467 0.0001466282015244304 0
  endloop
endfacet
facet normal 0 0 1
  outer loop
    vertex 0.001899058307503564 0.0003851810559956741 0
    vertex 0.001482389195438859 0.0006296446292600577 0
    vertex 0.001479048111495467 0.0001466282015244304 0
  endloop
endfacet
facet normal -0 0 1
  outer loop
    vertex 0.001475635836813296 -0.0003363877215413675 0
    vertex 0.001892233761400206 -0.0005808507964382403 0
    vertex 0.001895646034807146 -9.78348709079139e-05 0
  endloop
endfacet
facet normal 0 0 1
  outer loop
    vertex 0.001475635836813296 -0.0003363877215413675 0
    vertex 0.001472223562079807 -0.0008194036445086686 0
    vertex 0.001892233761400206 -0.0005808507964382403 0
  endloop
endfacet
facet normal 0 0 1
  outer loop
    vertex 0.001475635836813296 -0.0003363877215413675 0
    vertex 0.001055625637480885 -0.0005749405695922597 0
    vertex 0.001472223562079807 -0.0008194036445086686 0
  endloop
endfacet
facet normal -0 0 1
  outer loop
    vertex -0.0002078172352039732 -0.001773615036830943 0
    vertex 0.000208780691051512 -0.002018078114958356 0
    vertex 0.000212192964239666 -0.001535062188998618 0
  endloop
endfacet
facet normal 0 0 1
  outer loop
    vertex 0.000208780691051512 -0.002018078114958356 0
    vertex 0.0006287908902874009 -0.001779525266706063 0
    vertex 0.000212192964239666 -0.001535062188998618 0
  endloop
endfacet
facet normal 0 -0 1
  outer loop
    vertex 0.0006287908902874009 -0.001779525266706063 0
    vertex 0.0006322031633309973 -0.001296509340479558 0
    vertex 0.000212192964239666 -0.001535062188998618 0
  endloop
endfacet
facet normal 0 0 1
  outer loop
    vertex -0.0002078172352039732 -0.001773615036830943 0
    vertex -0.0002112295082368894 -0.002256630963099355 0
    vertex 0.000208780691051512 -0.002018078114958356 0
  endloop
endfacet
facet normal 0 0 1
  outer loop
    vertex -0.0002078172352039732 -0.001773615036830943 0
    vertex -0.0006278274345768876 -0.002012167884799554 0
    vertex -0.0002112295082368894 -0.002256630963099355 0
  endloop
endfacet
facet normal 0 0 1
  outer loop
    vertex -0.0002078172352039732 -0.001773615036830943 0
    vertex -0.0006244151614808815 -0.001529151958654438 0
    vertex -0.0006278274345768876 -0.002012167884799554 0
  endloop
endfacet
facet normal 0 0 1
  outer loop
    vertex 0.001895646034807146 -9.78348709079139e-05 0
    vertex 0.00231398215035264 0.0001411459262949535 0
    vertex 0.001899058307503564 0.0003851810559956741 0
  endloop
endfacet
facet normal 0 0 1
  outer loop
    vertex 0.001892233761400206 -0.0005808507964382403 0
    vertex 0.00231224396034551 -0.0003422979476431763 0
    vertex 0.001895646034807146 -9.78348709079139e-05 0
  endloop
endfacet
facet normal 0 -0 1
  outer loop
    vertex 0.00231224396034551 -0.0003422979476431763 0
    vertex 0.00231398215035264 0.0001411459262949535 0
    vertex 0.001895646034807146 -9.78348709079139e-05 0
  endloop
endfacet
facet normal 0 0 1
  outer loop
    vertex 0.001902043440693831 0.0008682000014102934 0
    vertex 0.001482389195438859 0.0006296446292600577 0
    vertex 0.001899058307503564 0.0003851810559956741 0
  endloop
endfacet
facet normal 0 0 1
  outer loop
    vertex 0.001899058307503564 0.0003851810559956741 0
    vertex 0.002316696148484747 0.0006249030004643081 0
    vertex 0.001902043440693831 0.0008682000014102934 0
  endloop
endfacet
facet normal -0 0 1
  outer loop
    vertex 0.001899058307503564 0.0003851810559956741 0
    vertex 0.00231398215035264 0.0001411459262949535 0
    vertex 0.002316696148484747 0.0006249030004643081 0
  endloop
endfacet
facet normal -0 0 1
  outer loop
    vertex 0.001472223562079807 -0.0008194036445086686 0
    vertex 0.001888821487997527 -0.001063866721977035 0
    vertex 0.001892233761400206 -0.0005808507964382403 0
  endloop
endfacet
facet normal 0 0 1
  outer loop
    vertex 0.001888821487997527 -0.001063866721977035 0
    vertex 0.002307073026889303 -0.000824836474323149 0
    vertex 0.001892233761400206 -0.0005808507964382403 0
  endloop
endfacet
facet normal -0 0 1
  outer loop
    vertex 0.001892233761400206 -0.0005808507964382403 0
    vertex 0.002307073026889303 -0.000824836474323149 0
    vertex 0.00231224396034551 -0.0003422979476431763 0
  endloop
endfacet
facet normal -0 0 1
  outer loop
    vertex 0.000208780691051512 -0.002018078114958356 0
    vertex 0.0006248630447122118 -0.002261633445567686 0
    vertex 0.0006287908902874009 -0.001779525266706063 0
  endloop
endfacet
facet normal -0 0 1
  outer loop
    vertex -0.0002112295082368894 -0.002256630963099355 0
    vertex 0.000205368418094136 -0.002501094041343602 0
    vertex 0.000208780691051512 -0.002018078114958356 0
  endloop
endfacet
facet normal 0 0 1
  outer loop
    vertex 0.000205368418094136 -0.002501094041343602 0
    vertex 0.0006248630447122118 -0.002261633445567686 0
    vertex 0.000208780691051512 -0.002018078114958356 0
  endloop
endfacet
facet normal 0 0 1
  outer loop
    vertex 0.0006287908902874009 -0.001779525266706063 0
    vertex 0.001048801089537504 -0.001540972418484394 0
    vertex 0.0006322031633309973 -0.001296509340479558 0
  endloop
endfacet
facet normal -0 0 1
  outer loop
    vertex 0.0006287908902874009 -0.001779525266706063 0
    vertex 0.001045388816566731 -0.002023988344845408 0
    vertex 0.001048801089537504 -0.001540972418484394 0
  endloop
endfacet
facet normal 0 0 1
  outer loop
    vertex 0.0006287908902874009 -0.001779525266706063 0
    vertex 0.0006248630447122118 -0.002261633445567686 0
    vertex 0.001045388816566731 -0.002023988344845408 0
  endloop
endfacet
facet normal 0 0 1
  outer loop
    vertex -0.0006278274345768876 -0.002012167884799554 0
    vertex -0.000631239707509209 -0.002495183811269197 0
    vertex -0.0002112295082368894 -0.002256630963099355 0
  endloop
endfacet
facet normal 0 0 1
  outer loop
    vertex -0.0002112295082368894 -0.002256630963099355 0
    vertex -0.0002218632437639849 -0.002725179677880925 0
    vertex 0.000205368418094136 -0.002501094041343602 0
  endloop
endfacet
facet normal -0 0 1
  outer loop
    vertex -0.000631239707509209 -0.002495183811269197 0
    vertex -0.0002218632437639849 -0.002725179677880925 0
    vertex -0.0002112295082368894 -0.002256630963099355 0
  endloop
endfacet
facet normal 0 0 1
  outer loop
    vertex -0.0006278274345768876 -0.002012167884799554 0
    vertex -0.001047837633847254 -0.002250720732967518 0
    vertex -0.000631239707509209 -0.002495183811269197 0
  endloop
endfacet
facet normal 0 0 1
  outer loop
    vertex -0.0006278274345768876 -0.002012167884799554 0
    vertex -0.001044425360934242 -0.001767704806465515 0
    vertex -0.001047837633847254 -0.002250720732967518 0
  endloop
endfacet
facet normal 0 -0 1
  outer loop
    vertex -0.0006278274345768876 -0.002012167884799554 0
    vertex -0.0006244151614808815 -0.001529151958654438 0
    vertex -0.001044425360934242 -0.001767704806465515 0
  endloop
endfacet
facet normal 0 0 1
  outer loop
    vertex 0.001472223562079807 -0.0008194036445086686 0
    vertex 0.001468811288785861 -0.001302419570262786 0
    vertex 0.001888821487997527 -0.001063866721977035 0
  endloop
endfacet
facet normal 0 0 1
  outer loop
    vertex 0.001472223562079807 -0.0008194036445086686 0
    vertex 0.001052213362451372 -0.001057956492002603 0
    vertex 0.001468811288785861 -0.001302419570262786 0
  endloop
endfacet
facet normal 0 0 1
  outer loop
    vertex 0.001472223562079807 -0.0008194036445086686 0
    vertex 0.001055625637480885 -0.0005749405695922597 0
    vertex 0.001052213362451372 -0.001057956492002603 0
  endloop
endfacet
facet normal -0 0 1
  outer loop
    vertex 0.001468811288785861 -0.001302419570262786 0
    vertex 0.001885409215037409 -0.001546882648371029 0
    vertex 0.001888821487997527 -0.001063866721977035 0
  endloop
endfacet
facet normal 0 0 1
  outer loop
    vertex 0.001885409215037409 -0.001546882648371029 0
    vertex 0.002303856367510192 -0.001305577807918394 0
    vertex 0.001888821487997527 -0.001063866721977035 0
  endloop
endfacet
facet normal 0 -0 1
  outer loop
    vertex 0.002303856367510192 -0.001305577807918394 0
    vertex 0.002307073026889303 -0.000824836474323149 0
    vertex 0.001888821487997527 -0.001063866721977035 0
  endloop
endfacet
facet normal -0 0 1
  outer loop
    vertex 0.000205368418094136 -0.002501094041343602 0
    vertex 0.0006184887096385039 -0.002739434190891813 0
    vertex 0.0006248630447122118 -0.002261633445567686 0
  endloop
endfacet
facet normal 0 0 1
  outer loop
    vertex 0.000205368418094136 -0.002501094041343602 0
    vertex 0.0001977977612704955 -0.002966272397035609 0
    vertex 0.0006184887096385039 -0.002739434190891813 0
  endloop
endfacet
facet normal 0 0 1
  outer loop
    vertex 0.000205368418094136 -0.002501094041343602 0
    vertex -0.0002218632437639849 -0.002725179677880925 0
    vertex 0.0001977977612704955 -0.002966272397035609 0
  endloop
endfacet
facet normal 0 0 1
  outer loop
    vertex 0.00231224396034551 -0.0003422979476431763 0
    vertex 0.002724133223469389 -0.000103394309920522 0
    vertex 0.00231398215035264 0.0001411459262949535 0
  endloop
endfacet
facet normal -0 0 1
  outer loop
    vertex 0.00231224396034551 -0.0003422979476431763 0
    vertex 0.002719852970578671 -0.0005866486200693065 0
    vertex 0.002724133223469389 -0.000103394309920522 0
  endloop
endfacet
facet normal 0 0 1
  outer loop
    vertex 0.00231224396034551 -0.0003422979476431763 0
    vertex 0.002307073026889303 -0.000824836474323149 0
    vertex 0.002719852970578671 -0.0005866486200693065 0
  endloop
endfacet
facet normal 0 0 1
  outer loop
    vertex -0.001047837633847254 -0.002250720732967518 0
    vertex -0.001036966189628092 -0.00270486120084968 0
    vertex -0.000631239707509209 -0.002495183811269197 0
  endloop
endfacet
facet normal 0 0 1
  outer loop
    vertex -0.000631239707509209 -0.002495183811269197 0
    vertex -0.0006410885780162444 -0.002953323211725855 0
    vertex -0.0002218632437639849 -0.002725179677880925 0
  endloop
endfacet
facet normal 0 0 1
  outer loop
    vertex -0.000631239707509209 -0.002495183811269197 0
    vertex -0.001036966189628092 -0.00270486120084968 0
    vertex -0.0006410885780162444 -0.002953323211725855 0
  endloop
endfacet
facet normal 0 0 1
  outer loop
    vertex -0.001044425360934242 -0.001767704806465515 0
    vertex -0.001464435560181623 -0.00200625765467704 0
    vertex -0.001047837633847254 -0.002250720732967518 0
  endloop
endfacet
facet normal 0 0 1
  outer loop
    vertex -0.001464435560181623 -0.00200625765467704 0
    vertex -0.00145663865595717 -0.00247881247595102 0
    vertex -0.001047837633847254 -0.002250720732967518 0
  endloop
endfacet
facet normal -0 0 1
  outer loop
    vertex -0.00145663865595717 -0.00247881247595102 0
    vertex -0.001036966189628092 -0.00270486120084968 0
    vertex -0.001047837633847254 -0.002250720732967518 0
  endloop
endfacet
facet normal 0 0 1
  outer loop
    vertex 0.001069274726882787 0.001357123140700089 0
    vertex 0.000652676801384984 0.001601586216200988 0
    vertex 0.0006492645360324341 0.001118570275185764 0
  endloop
endfacet
facet normal 0 0 1
  outer loop
    vertex 0.000652676801384984 0.001601586216200988 0
    vertex 0.0002326739994248115 0.001363019135533879 0
    vertex 0.0006492645360324341 0.001118570275185764 0
  endloop
endfacet
facet normal 0 0 1
  outer loop
    vertex 0.0006492645360324341 0.001118570275185764 0
    vertex 0.0002326739994248115 0.001363019135533879 0
    vertex 0.0002292547871579452 0.0008800165529770799 0
  endloop
endfacet
facet normal 0 -0 1
  outer loop
    vertex 0.001069274726882787 0.001357123140700089 0
    vertex 0.001072686999925305 0.001840139066741829 0
    vertex 0.000652676801384984 0.001601586216200988 0
  endloop
endfacet
facet normal 0 0 1
  outer loop
    vertex 0.001069274726882787 0.001357123140700089 0
    vertex 0.001489284926142054 0.001595675988855872 0
    vertex 0.001072686999925305 0.001840139066741829 0
  endloop
endfacet
facet normal -0 0 1
  outer loop
    vertex 0.001069274726882787 0.001357123140700089 0
    vertex 0.001485789600917095 0.001112660644318816 0
    vertex 0.001489284926142054 0.001595675988855872 0
  endloop
endfacet
facet normal 0 0 1
  outer loop
    vertex 0.001072686999925305 0.001840139066741829 0
    vertex 0.0006560890736157888 0.002084602144935536 0
    vertex 0.000652676801384984 0.001601586216200988 0
  endloop
endfacet
facet normal 0 0 1
  outer loop
    vertex 0.0006560890736157888 0.002084602144935536 0
    vertex 0.0002360786880930741 0.001846049379794234 0
    vertex 0.000652676801384984 0.001601586216200988 0
  endloop
endfacet
facet normal 0 0 1
  outer loop
    vertex 0.0002360786880930741 0.001846049379794234 0
    vertex 0.0002326739994248115 0.001363019135533879 0
    vertex 0.000652676801384984 0.001601586216200988 0
  endloop
endfacet
facet normal 0 -0 1
  outer loop
    vertex 0.001489284926142054 0.001595675988855872 0
    vertex 0.001492697199049286 0.002078691915346414 0
    vertex 0.001072686999925305 0.001840139066741829 0
  endloop
endfacet
facet normal 0 -0 1
  outer loop
    vertex 0.001072686999925305 0.001840139066741829 0
    vertex 0.001087347034752101 0.002335635581749369 0
    vertex 0.0006560890736157888 0.002084602144935536 0
  endloop
endfacet
facet normal 0 0 1
  outer loop
    vertex 0.001492697199049286 0.002078691915346414 0
    vertex 0.001087347034752101 0.002335635581749369 0
    vertex 0.001072686999925305 0.001840139066741829 0
  endloop
endfacet
facet normal 0 0 1
  outer loop
    vertex 0.001489284926142054 0.001595675988855872 0
    vertex 0.001909295125363312 0.001834228837137747 0
    vertex 0.001492697199049286 0.002078691915346414 0
  endloop
endfacet
facet normal -0 0 1
  outer loop
    vertex 0.001489284926142054 0.001595675988855872 0
    vertex 0.001905882852453487 0.001351212910655804 0
    vertex 0.001909295125363312 0.001834228837137747 0
  endloop
endfacet
facet normal 0 0 1
  outer loop
    vertex 0.001489284926142054 0.001595675988855872 0
    vertex 0.001485789600917095 0.001112660644318816 0
    vertex 0.001905882852453487 0.001351212910655804 0
  endloop
endfacet
facet normal 0 0 1
  outer loop
    vertex 0.0006560890736157888 0.002084602144935536 0
    vertex 0.0002394909710662837 0.00232906526566581 0
    vertex 0.0002360786880930741 0.001846049379794234 0
  endloop
endfacet
facet normal 0 -0 1
  outer loop
    vertex 0.0006560890736157888 0.002084602144935536 0
    vertex 0.0006595013170414612 0.002567618078874547 0
    vertex 0.0002394909710662837 0.00232906526566581 0
  endloop
endfacet
facet normal 0 0 1
  outer loop
    vertex 0.0006560890736157888 0.002084602144935536 0
    vertex 0.001087347034752101 0.002335635581749369 0
    vertex 0.0006595013170414612 0.002567618078874547 0
  endloop
endfacet
facet normal 0 -0 1
  outer loop
    vertex 0.001909295125363312 0.001834228837137747 0
    vertex 0.001992932519687563 0.002386412244229771 0
    vertex 0.001492697199049286 0.002078691915346414 0
  endloop
endfacet
facet normal 0 0 1
  outer loop
    vertex 0.001992932519687563 0.002386412244229771 0
    vertex 0.001496109471925598 0.002561707841939539 0
    vertex 0.001492697199049286 0.002078691915346414 0
  endloop
endfacet
facet normal 0 0 1
  outer loop
    vertex 0.001496109471925598 0.002561707841939539 0
    vertex 0.001087347034752101 0.002335635581749369 0
    vertex 0.001492697199049286 0.002078691915346414 0
  endloop
endfacet
facet normal 0 0 1
  outer loop
    vertex 0.001905882852453487 0.001351212910655804 0
    vertex 0.002310516047764694 0.001589874389952784 0
    vertex 0.001909295125363312 0.001834228837137747 0
  endloop
endfacet
facet normal 0 -0 1
  outer loop
    vertex 0.002310516047764694 0.001589874389952784 0
    vertex 0.002329305324591014 0.00207278168539825 0
    vertex 0.001909295125363312 0.001834228837137747 0
  endloop
endfacet
facet normal 0 0 1
  outer loop
    vertex 0.001909295125363312 0.001834228837137747 0
    vertex 0.002329305324591014 0.00207278168539825 0
    vertex 0.001992932519687563 0.002386412244229771 0
  endloop
endfacet
facet normal 0 0 1
  outer loop
    vertex 0.001468811288785861 -0.001302419570262786 0
    vertex 0.00146539901580942 -0.00178543549662404 0
    vertex 0.001885409215037409 -0.001546882648371029 0
  endloop
endfacet
facet normal 0 0 1
  outer loop
    vertex 0.001468811288785861 -0.001302419570262786 0
    vertex 0.001048801089537504 -0.001540972418484394 0
    vertex 0.00146539901580942 -0.00178543549662404 0
  endloop
endfacet
facet normal 0 0 1
  outer loop
    vertex 0.001052213362451372 -0.001057956492002603 0
    vertex 0.001048801089537504 -0.001540972418484394 0
    vertex 0.001468811288785861 -0.001302419570262786 0
  endloop
endfacet
facet normal -0 0 1
  outer loop
    vertex 0.00146539901580942 -0.00178543549662404 0
    vertex 0.001878004555079615 -0.002022224743586662 0
    vertex 0.001885409215037409 -0.001546882648371029 0
  endloop
endfacet
facet normal -0 0 1
  outer loop
    vertex 0.001885409215037409 -0.001546882648371029 0
    vertex 0.002290626171263433 -0.001767440123628409 0
    vertex 0.002303856367510192 -0.001305577807918394 0
  endloop
endfacet
facet normal 0 0 1
  outer loop
    vertex 0.001885409215037409 -0.001546882648371029 0
    vertex 0.001878004555079615 -0.002022224743586662 0
    vertex 0.002290626171263433 -0.001767440123628409 0
  endloop
endfacet
facet normal 0 0 1
  outer loop
    vertex 0.001048801089537504 -0.001540972418484394 0
    vertex 0.001045388816566731 -0.002023988344845408 0
    vertex 0.00146539901580942 -0.00178543549662404 0
  endloop
endfacet
facet normal -0 0 1
  outer loop
    vertex 0.001045388816566731 -0.002023988344845408 0
    vertex 0.001460190549725818 -0.002265288939575215 0
    vertex 0.00146539901580942 -0.00178543549662404 0
  endloop
endfacet
facet normal 0 0 1
  outer loop
    vertex 0.001460190549725818 -0.002265288939575215 0
    vertex 0.001878004555079615 -0.002022224743586662 0
    vertex 0.00146539901580942 -0.00178543549662404 0
  endloop
endfacet
facet normal -0 0 1
  outer loop
    vertex 0.001905882852453487 0.001351212910655804 0
    vertex 0.002319917944797435 0.001106767937566755 0
    vertex 0.002310516047764694 0.001589874389952784 0
  endloop
endfacet
facet normal 0 0 1
  outer loop
    vertex 0.001905882852453487 0.001351212910655804 0
    vertex 0.001902043440693831 0.0008682000014102934 0
    vertex 0.002319917944797435 0.001106767937566755 0
  endloop
endfacet
facet normal 0 0 1
  outer loop
    vertex 0.001905882852453487 0.001351212910655804 0
    vertex 0.001485789600917095 0.001112660644318816 0
    vertex 0.001902043440693831 0.0008682000014102934 0
  endloop
endfacet
facet normal 0 0 1
  outer loop
    vertex -0.001044425360934242 -0.001767704806465515 0
    vertex -0.001461023287268405 -0.001523241728176009 0
    vertex -0.001464435560181623 -0.00200625765467704 0
  endloop
endfacet
facet normal 0 -0 1
  outer loop
    vertex -0.001044425360934242 -0.001767704806465515 0
    vertex -0.001041013087915267 -0.0012846888801758 0
    vertex -0.001461023287268405 -0.001523241728176009 0
  endloop
endfacet
facet normal 0 0 1
  outer loop
    vertex -0.0006244151614808815 -0.001529151958654438 0
    vertex -0.001041013087915267 -0.0012846888801758 0
    vertex -0.001044425360934242 -0.001767704806465515 0
  endloop
endfacet
facet normal 0 0 1
  outer loop
    vertex -0.001461023287268405 -0.001523241728176009 0
    vertex -0.001881033486509743 -0.001761794576399288 0
    vertex -0.001464435560181623 -0.00200625765467704 0
  endloop
endfacet
facet normal 0 0 1
  outer loop
    vertex -0.001881033486509743 -0.001761794576399288 0
    vertex -0.001940282586616059 -0.002309762147624449 0
    vertex -0.001464435560181623 -0.00200625765467704 0
  endloop
endfacet
facet normal 0 0 1
  outer loop
    vertex -0.001464435560181623 -0.00200625765467704 0
    vertex -0.001940282586616059 -0.002309762147624449 0
    vertex -0.00145663865595717 -0.00247881247595102 0
  endloop
endfacet
facet normal 0 0 1
  outer loop
    vertex -0.001461023287268405 -0.001523241728176009 0
    vertex -0.001877621213597663 -0.001278778649896047 0
    vertex -0.001881033486509743 -0.001761794576399288 0
  endloop
endfacet
facet normal 0 -0 1
  outer loop
    vertex -0.001461023287268405 -0.001523241728176009 0
    vertex -0.001457611014359208 -0.001040225801670869 0
    vertex -0.001877621213597663 -0.001278778649896047 0
  endloop
endfacet
facet normal 0 0 1
  outer loop
    vertex -0.001461023287268405 -0.001523241728176009 0
    vertex -0.001041013087915267 -0.0012846888801758 0
    vertex -0.001457611014359208 -0.001040225801670869 0
  endloop
endfacet
facet normal 0 0 1
  outer loop
    vertex -0.001877621213597663 -0.001278778649896047 0
    vertex -0.002296498693236172 -0.001515401191750592 0
    vertex -0.001881033486509743 -0.001761794576399288 0
  endloop
endfacet
facet normal 0 0 1
  outer loop
    vertex -0.002296498693236172 -0.001515401191750592 0
    vertex -0.00233411714138639 -0.001977163621747763 0
    vertex -0.001881033486509743 -0.001761794576399288 0
  endloop
endfacet
facet normal -0 0 1
  outer loop
    vertex -0.00233411714138639 -0.001977163621747763 0
    vertex -0.001940282586616059 -0.002309762147624449 0
    vertex -0.001881033486509743 -0.001761794576399288 0
  endloop
endfacet
facet normal 0 0 1
  outer loop
    vertex -0.001457611014359208 -0.001040225801670869 0
    vertex -0.001874208940685843 -0.000795762723392301 0
    vertex -0.001877621213597663 -0.001278778649896047 0
  endloop
endfacet
facet normal 0 0 1
  outer loop
    vertex -0.001874208940685843 -0.000795762723392301 0
    vertex -0.002290999129403623 -0.001034015268013464 0
    vertex -0.001877621213597663 -0.001278778649896047 0
  endloop
endfacet
facet normal 0 0 1
  outer loop
    vertex -0.001877621213597663 -0.001278778649896047 0
    vertex -0.002290999129403623 -0.001034015268013464 0
    vertex -0.002296498693236172 -0.001515401191750592 0
  endloop
endfacet
facet normal 0 -0 1
  outer loop
    vertex -0.001457611014359208 -0.001040225801670869 0
    vertex -0.001454198741460754 -0.0005572098751419785 0
    vertex -0.001874208940685843 -0.000795762723392301 0
  endloop
endfacet
facet normal 0 0 1
  outer loop
    vertex -0.001457611014359208 -0.001040225801670869 0
    vertex -0.001037600800731385 -0.0008016729811892479 0
    vertex -0.001454198741460754 -0.0005572098751419785 0
  endloop
endfacet
facet normal 0 -0 1
  outer loop
    vertex -0.001041013087915267 -0.0012846888801758 0
    vertex -0.001037600800731385 -0.0008016729811892479 0
    vertex -0.001457611014359208 -0.001040225801670869 0
  endloop
endfacet
facet normal 0 0 1
  outer loop
    vertex -0.001454198741460754 -0.0005572098751419785 0
    vertex -0.00187079666778091 -0.0003127467968767599 0
    vertex -0.001874208940685843 -0.000795762723392301 0
  endloop
endfacet
facet normal 0 0 1
  outer loop
    vertex -0.00187079666778091 -0.0003127467968767599 0
    vertex -0.002290806867015343 -0.0005512996451121306 0
    vertex -0.001874208940685843 -0.000795762723392301 0
  endloop
endfacet
facet normal 0 0 1
  outer loop
    vertex -0.002290806867015343 -0.0005512996451121306 0
    vertex -0.002290999129403623 -0.001034015268013464 0
    vertex -0.001874208940685843 -0.000795762723392301 0
  endloop
endfacet
facet normal 0 -0 1
  outer loop
    vertex -0.001454198741460754 -0.0005572098751419785 0
    vertex -0.001450786180870405 -7.419449921916433e-05 0
    vertex -0.00187079666778091 -0.0003127467968767599 0
  endloop
endfacet
facet normal -0 0 1
  outer loop
    vertex -0.001454198741460754 -0.0005572098751419785 0
    vertex -0.001037600800731385 -0.0008016729811892479 0
    vertex -0.00103418849672186 -0.0003186571146359959 0
  endloop
endfacet
facet normal 0 0 1
  outer loop
    vertex -0.00103418849672186 -0.0003186571146359959 0
    vertex -0.001450786180870405 -7.419449921916433e-05 0
    vertex -0.001454198741460754 -0.0005572098751419785 0
  endloop
endfacet
facet normal 0 0 1
  outer loop
    vertex -0.00187079666778091 -0.0003127467968767599 0
    vertex -0.002287394594103492 -6.828371860848645e-05 0
    vertex -0.002290806867015343 -0.0005512996451121306 0
  endloop
endfacet
facet normal 0 -0 1
  outer loop
    vertex -0.00187079666778091 -0.0003127467968767599 0
    vertex -0.001867384394867733 0.0001702691296247883 0
    vertex -0.002287394594103492 -6.828371860848645e-05 0
  endloop
endfacet
facet normal 0 0 1
  outer loop
    vertex -0.00187079666778091 -0.0003127467968767599 0
    vertex -0.001450786180870405 -7.419449921916433e-05 0
    vertex -0.001867384394867733 0.0001702691296247883 0
  endloop
endfacet
facet normal 0 0 1
  outer loop
    vertex -0.002287394594103492 -6.828371860848645e-05 0
    vertex -0.0027074047933429 -0.0003068365668353027 0
    vertex -0.002290806867015343 -0.0005512996451121306 0
  endloop
endfacet
facet normal 0 0 1
  outer loop
    vertex -0.0027074047933429 -0.0003068365668353027 0
    vertex -0.002692629722720147 -0.0007899809780870638 0
    vertex -0.002290806867015343 -0.0005512996451121306 0
  endloop
endfacet
facet normal -0 0 1
  outer loop
    vertex -0.002692629722720147 -0.0007899809780870638 0
    vertex -0.002290999129403623 -0.001034015268013464 0
    vertex -0.002290806867015343 -0.0005512996451121306 0
  endloop
endfacet
facet normal 0 0 1
  outer loop
    vertex -0.001867384394867733 0.0001702691296247883 0
    vertex -0.002283982321191289 0.0004147322078945816 0
    vertex -0.002287394594103492 -6.828371860848645e-05 0
  endloop
endfacet
facet normal 0 0 1
  outer loop
    vertex -0.002283982321191289 0.0004147322078945816 0
    vertex -0.002704773058297048 0.0001752062414348381 0
    vertex -0.002287394594103492 -6.828371860848645e-05 0
  endloop
endfacet
facet normal 0 0 1
  outer loop
    vertex -0.002287394594103492 -6.828371860848645e-05 0
    vertex -0.002704773058297048 0.0001752062414348381 0
    vertex -0.0027074047933429 -0.0003068365668353027 0
  endloop
endfacet
facet normal 0 -0 1
  outer loop
    vertex -0.001867384394867733 0.0001702691296247883 0
    vertex -0.001863972118823785 0.0006532850648109622 0
    vertex -0.002283982321191289 0.0004147322078945816 0
  endloop
endfacet
facet normal 0 0 1
  outer loop
    vertex -0.001867384394867733 0.0001702691296247883 0
    vertex -0.001447374193617064 0.0004088219919352606 0
    vertex -0.001863972118823785 0.0006532850648109622 0
  endloop
endfacet
facet normal -0 0 1
  outer loop
    vertex -0.001867384394867733 0.0001702691296247883 0
    vertex -0.001450786180870405 -7.419449921916433e-05 0
    vertex -0.001447374193617064 0.0004088219919352606 0
  endloop
endfacet
facet normal 0 0 1
  outer loop
    vertex -0.001863972118823785 0.0006532850648109622 0
    vertex -0.002280496920913279 0.0008976193844151634 0
    vertex -0.002283982321191289 0.0004147322078945816 0
  endloop
endfacet
facet normal 0 0 1
  outer loop
    vertex -0.002280496920913279 0.0008976193844151634 0
    vertex -0.002700494932780505 0.0006590450764110026 0
    vertex -0.002283982321191289 0.0004147322078945816 0
  endloop
endfacet
facet normal 0 0 1
  outer loop
    vertex -0.002700494932780505 0.0006590450764110026 0
    vertex -0.002704773058297048 0.0001752062414348381 0
    vertex -0.002283982321191289 0.0004147322078945816 0
  endloop
endfacet
facet normal 0 0 1
  outer loop
    vertex -0.0027074047933429 -0.0003068365668353027 0
    vertex -0.00315283601887734 -0.0006054645711402826 0
    vertex -0.002692629722720147 -0.0007899809780870638 0
  endloop
endfacet
facet normal 0 0 1
  outer loop
    vertex -0.0027074047933429 -0.0003068365668353027 0
    vertex -0.003128771261605365 -6.806198819816183e-05 0
    vertex -0.00315283601887734 -0.0006054645711402826 0
  endloop
endfacet
facet normal 0 -0 1
  outer loop
    vertex -0.0027074047933429 -0.0003068365668353027 0
    vertex -0.002704773058297048 0.0001752062414348381 0
    vertex -0.003128771261605365 -6.806198819816183e-05 0
  endloop
endfacet
facet normal 0 -0 1
  outer loop
    vertex -0.001863972118823785 0.0006532850648109622 0
    vertex -0.001860694090910368 0.001136538999007353 0
    vertex -0.002280496920913279 0.0008976193844151634 0
  endloop
endfacet
facet normal 0 0 1
  outer loop
    vertex -0.001863972118823785 0.0006532850648109622 0
    vertex -0.001443931697186515 0.0008917527294598004 0
    vertex -0.001860694090910368 0.001136538999007353 0
  endloop
endfacet
facet normal 0 -0 1
  outer loop
    vertex -0.001447374193617064 0.0004088219919352606 0
    vertex -0.001443931697186515 0.0008917527294598004 0
    vertex -0.001863972118823785 0.0006532850648109622 0
  endloop
endfacet
facet normal 0 0 1
  outer loop
    vertex -0.002280496920913279 0.0008976193844151634 0
    vertex -0.002714499270266698 0.001149178563991874 0
    vertex -0.002700494932780505 0.0006590450764110026 0
  endloop
endfacet
facet normal 0 0 1
  outer loop
    vertex -0.001860694090910368 0.001136538999007353 0
    vertex -0.002277686653732986 0.001380658146918258 0
    vertex -0.002280496920913279 0.0008976193844151634 0
  endloop
endfacet
facet normal 0 0 1
  outer loop
    vertex -0.002277686653732986 0.001380658146918258 0
    vertex -0.002714499270266698 0.001149178563991874 0
    vertex -0.002280496920913279 0.0008976193844151634 0
  endloop
endfacet
facet normal 0 0 1
  outer loop
    vertex -0.002700494932780505 0.0006590450764110026 0
    vertex -0.003120590446758741 0.0004206424379453957 0
    vertex -0.002704773058297048 0.0001752062414348381 0
  endloop
endfacet
facet normal 0 0 1
  outer loop
    vertex -0.002700494932780505 0.0006590450764110026 0
    vertex -0.003117178173846691 0.0009036583644487001 0
    vertex -0.003120590446758741 0.0004206424379453957 0
  endloop
endfacet
facet normal 0 0 1
  outer loop
    vertex -0.002700494932780505 0.0006590450764110026 0
    vertex -0.002714499270266698 0.001149178563991874 0
    vertex -0.003117178173846691 0.0009036583644487001 0
  endloop
endfacet
facet normal 0 0 1
  outer loop
    vertex -0.002296498693236172 -0.001515401191750592 0
    vertex -0.002716287701057144 -0.001737848164115757 0
    vertex -0.00233411714138639 -0.001977163621747763 0
  endloop
endfacet
facet normal 0 0 1
  outer loop
    vertex -0.002290999129403623 -0.001034015268013464 0
    vertex -0.002690586180849384 -0.001270744054120625 0
    vertex -0.002296498693236172 -0.001515401191750592 0
  endloop
endfacet
facet normal 0 0 1
  outer loop
    vertex -0.002690586180849384 -0.001270744054120625 0
    vertex -0.002716287701057144 -0.001737848164115757 0
    vertex -0.002296498693236172 -0.001515401191750592 0
  endloop
endfacet
facet normal 0 0 1
  outer loop
    vertex 0.002290626171263433 -0.001767440123628409 0
    vertex 0.00271263905998817 -0.001536280925018289 0
    vertex 0.002303856367510192 -0.001305577807918394 0
  endloop
endfacet
facet normal 0 0 1
  outer loop
    vertex 0.002303856367510192 -0.001305577807918394 0
    vertex 0.00271453390852904 -0.001066464568028983 0
    vertex 0.002307073026889303 -0.000824836474323149 0
  endloop
endfacet
facet normal -0 0 1
  outer loop
    vertex 0.002303856367510192 -0.001305577807918394 0
    vertex 0.00271263905998817 -0.001536280925018289 0
    vertex 0.00271453390852904 -0.001066464568028983 0
  endloop
endfacet
facet normal -0 0 1
  outer loop
    vertex 0.001878004555079615 -0.002022224743586662 0
    vertex 0.002337337339868128 -0.002258270684779967 0
    vertex 0.002290626171263433 -0.001767440123628409 0
  endloop
endfacet
facet normal 0 -0 1
  outer loop
    vertex 0.002337337339868128 -0.002258270684779967 0
    vertex 0.002661260574456442 -0.001911639132472049 0
    vertex 0.002290626171263433 -0.001767440123628409 0
  endloop
endfacet
facet normal -0 0 1
  outer loop
    vertex 0.002290626171263433 -0.001767440123628409 0
    vertex 0.002661260574456442 -0.001911639132472049 0
    vertex 0.00271263905998817 -0.001536280925018289 0
  endloop
endfacet
facet normal 0 -0 1
  outer loop
    vertex -0.001860694090910368 0.001136538999007353 0
    vertex -0.001855952323102583 0.001616234226370982 0
    vertex -0.002277686653732986 0.001380658146918258 0
  endloop
endfacet
facet normal 0 0 1
  outer loop
    vertex -0.001860694090910368 0.001136538999007353 0
    vertex -0.001440284458458696 0.001374201873143704 0
    vertex -0.001855952323102583 0.001616234226370982 0
  endloop
endfacet
facet normal -0 0 1
  outer loop
    vertex -0.001860694090910368 0.001136538999007353 0
    vertex -0.001443931697186515 0.0008917527294598004 0
    vertex -0.001440284458458696 0.001374201873143704 0
  endloop
endfacet
facet normal 0 0 1
  outer loop
    vertex -0.001855952323102583 0.001616234226370982 0
    vertex -0.002263253511919785 0.001842766218593789 0
    vertex -0.002277686653732986 0.001380658146918258 0
  endloop
endfacet
facet normal 0 0 1
  outer loop
    vertex -0.002263253511919785 0.001842766218593789 0
    vertex -0.002699657683575096 0.001624814653994428 0
    vertex -0.002277686653732986 0.001380658146918258 0
  endloop
endfacet
facet normal 0 0 1
  outer loop
    vertex -0.002699657683575096 0.001624814653994428 0
    vertex -0.002714499270266698 0.001149178563991874 0
    vertex -0.002277686653732986 0.001380658146918258 0
  endloop
endfacet
facet normal 0 0 1
  outer loop
    vertex 0.0002394909710662837 0.00232906526566581 0
    vertex -0.0001803692263320518 0.002090241467397001 0
    vertex 0.0002360786880930741 0.001846049379794234 0
  endloop
endfacet
facet normal -0 0 1
  outer loop
    vertex -0.0001838883422034379 0.001607414061565179 0
    vertex 0.0002326739994248115 0.001363019135533879 0
    vertex 0.0002360786880930741 0.001846049379794234 0
  endloop
endfacet
facet normal 0 0 1
  outer loop
    vertex 0.0002360786880930741 0.001846049379794234 0
    vertex -0.0001803692263320518 0.002090241467397001 0
    vertex -0.0001838883422034379 0.001607414061565179 0
  endloop
endfacet
facet normal 0 0 1
  outer loop
    vertex 0.0006595013170414612 0.002567618078874547 0
    vertex 0.0002525996149230054 0.002795009406117724 0
    vertex 0.0002394909710662837 0.00232906526566581 0
  endloop
endfacet
facet normal 0 0 1
  outer loop
    vertex 0.0002525996149230054 0.002795009406117724 0
    vertex -0.0001754913670126644 0.002570682993433465 0
    vertex 0.0002394909710662837 0.00232906526566581 0
  endloop
endfacet
facet normal 0 0 1
  outer loop
    vertex -0.0001754913670126644 0.002570682993433465 0
    vertex -0.0001803692263320518 0.002090241467397001 0
    vertex 0.0002394909710662837 0.00232906526566581 0
  endloop
endfacet
facet normal 0 -0 1
  outer loop
    vertex 0.0006595013170414612 0.002567618078874547 0
    vertex 0.000671511450748477 0.003065395481356152 0
    vertex 0.0002525996149230054 0.002795009406117724 0
  endloop
endfacet
facet normal 0 0 1
  outer loop
    vertex 0.0006595013170414612 0.002567618078874547 0
    vertex 0.001146998146955167 0.002881054442658352 0
    vertex 0.000671511450748477 0.003065395481356152 0
  endloop
endfacet
facet normal -0 0 1
  outer loop
    vertex 0.0006595013170414612 0.002567618078874547 0
    vertex 0.001087347034752101 0.002335635581749369 0
    vertex 0.001146998146955167 0.002881054442658352 0
  endloop
endfacet
facet normal -0 0 1
  outer loop
    vertex -0.001447374193617064 0.0004088219919352606 0
    vertex -0.001030774590774108 0.0001643556697796995 0
    vertex -0.001027355595486619 0.0006473586496610435 0
  endloop
endfacet
facet normal 0 0 1
  outer loop
    vertex -0.001027355595486619 0.0006473586496610435 0
    vertex -0.001443931697186515 0.0008917527294598004 0
    vertex -0.001447374193617064 0.0004088219919352606 0
  endloop
endfacet
facet normal 0 0 1
  outer loop
    vertex -0.001447374193617064 0.0004088219919352606 0
    vertex -0.001450786180870405 -7.419449921916433e-05 0
    vertex -0.001030774590774108 0.0001643556697796995 0
  endloop
endfacet
facet normal 0 0 1
  outer loop
    vertex 0.0006356154375211783 -0.0008134934164407175 0
    vertex 0.0006322031633309973 -0.001296509340479558 0
    vertex 0.001052213362451372 -0.001057956492002603 0
  endloop
endfacet
facet normal 0 -0 1
  outer loop
    vertex 0.001052213362451372 -0.001057956492002603 0
    vertex 0.001055625637480885 -0.0005749405695922597 0
    vertex 0.0006356154375211783 -0.0008134934164407175 0
  endloop
endfacet
facet normal -0 0 1
  outer loop
    vertex 0.0006322031633309973 -0.001296509340479558 0
    vertex 0.001048801089537504 -0.001540972418484394 0
    vertex 0.001052213362451372 -0.001057956492002603 0
  endloop
endfacet
facet normal 0 0 1
  outer loop
    vertex -0.001940282586616059 -0.002309762147624449 0
    vertex -0.001782526178516054 -0.002710648217813935 0
    vertex -0.00145663865595717 -0.00247881247595102 0
  endloop
endfacet
facet normal 0 0 1
  outer loop
    vertex -0.00145663865595717 -0.00247881247595102 0
    vertex -0.001435337343028828 -0.002909405519730334 0
    vertex -0.001036966189628092 -0.00270486120084968 0
  endloop
endfacet
facet normal -0 0 1
  outer loop
    vertex -0.001782526178516054 -0.002710648217813935 0
    vertex -0.001435337343028828 -0.002909405519730334 0
    vertex -0.00145663865595717 -0.00247881247595102 0
  endloop
endfacet
facet normal 0 0 1
  outer loop
    vertex -0.00315283601887734 -0.0006054645711402826 0
    vertex -0.003021703204287029 -0.001029176250053616 0
    vertex -0.002692629722720147 -0.0007899809780870638 0
  endloop
endfacet
facet normal 0 0 1
  outer loop
    vertex -0.002692629722720147 -0.0007899809780870638 0
    vertex -0.002690586180849384 -0.001270744054120625 0
    vertex -0.002290999129403623 -0.001034015268013464 0
  endloop
endfacet
facet normal 0 0 1
  outer loop
    vertex -0.002692629722720147 -0.0007899809780870638 0
    vertex -0.003021703204287029 -0.001029176250053616 0
    vertex -0.002690586180849384 -0.001270744054120625 0
  endloop
endfacet
facet normal 0 -0 1
  outer loop
    vertex 0.002319917944797435 0.001106767937566755 0
    vertex 0.002775352872780997 0.001403148228722181 0
    vertex 0.002310516047764694 0.001589874389952784 0
  endloop
endfacet
facet normal 0 0 1
  outer loop
    vertex 0.002775352872780997 0.001403148228722181 0
    vertex 0.002653641227375724 0.001828970393509146 0
    vertex 0.002310516047764694 0.001589874389952784 0
  endloop
endfacet
facet normal 0 0 1
  outer loop
    vertex 0.002310516047764694 0.001589874389952784 0
    vertex 0.002653641227375724 0.001828970393509146 0
    vertex 0.002329305324591014 0.00207278168539825 0
  endloop
endfacet
facet normal -0 0 1
  outer loop
    vertex 0.002319917944797435 0.001106767937566755 0
    vertex 0.002727834532722398 0.0008692802008109915 0
    vertex 0.002775352872780997 0.001403148228722181 0
  endloop
endfacet
facet normal 0 0 1
  outer loop
    vertex 0.002319917944797435 0.001106767937566755 0
    vertex 0.002316696148484747 0.0006249030004643081 0
    vertex 0.002727834532722398 0.0008692802008109915 0
  endloop
endfacet
facet normal -0 0 1
  outer loop
    vertex 0.001902043440693831 0.0008682000014102934 0
    vertex 0.002316696148484747 0.0006249030004643081 0
    vertex 0.002319917944797435 0.001106767937566755 0
  endloop
endfacet
facet normal 0 0 1
  outer loop
    vertex 0.0002525996149230054 0.002795009406117724 0
    vertex -0.000119287029281998 0.003123721714870938 0
    vertex -0.0001754913670126644 0.002570682993433465 0
  endloop
endfacet
facet normal 0 0 1
  outer loop
    vertex 0.000671511450748477 0.003065395481356152 0
    vertex 0.0003044930676906808 0.003192666563151028 0
    vertex 0.0002525996149230054 0.002795009406117724 0
  endloop
endfacet
facet normal 0 -0 1
  outer loop
    vertex 0.0002525996149230054 0.002795009406117724 0
    vertex 0.0003044930676906808 0.003192666563151028 0
    vertex -0.000119287029281998 0.003123721714870938 0
  endloop
endfacet
facet normal 0 0 1
  outer loop
    vertex -0.000119287029281998 0.003123721714870938 0
    vertex -0.0005937047055446779 0.002817991380286027 0
    vertex -0.0001754913670126644 0.002570682993433465 0
  endloop
endfacet
facet normal 0 0 1
  outer loop
    vertex -0.0005937047055446779 0.002817991380286027 0
    vertex -0.0005955645848503531 0.002332148183635996 0
    vertex -0.0001754913670126644 0.002570682993433465 0
  endloop
endfacet
facet normal -0 0 1
  outer loop
    vertex -0.0005955645848503531 0.002332148183635996 0
    vertex -0.0001803692263320518 0.002090241467397001 0
    vertex -0.0001754913670126644 0.002570682993433465 0
  endloop
endfacet
facet normal 0 0 1
  outer loop
    vertex 0.001146998146955167 0.002881054442658352 0
    vertex 0.001053577270607999 0.003401698152866355 0
    vertex 0.000671511450748477 0.003065395481356152 0
  endloop
endfacet
facet normal 0 0 1
  outer loop
    vertex 0.001053577270607999 0.003401698152866355 0
    vertex 0.0006092312667680694 0.003513732241012332 0
    vertex 0.000671511450748477 0.003065395481356152 0
  endloop
endfacet
facet normal 0 0 1
  outer loop
    vertex 0.0006092312667680694 0.003513732241012332 0
    vertex 0.0003044930676906808 0.003192666563151028 0
    vertex 0.000671511450748477 0.003065395481356152 0
  endloop
endfacet
facet normal 0 0 1
  outer loop
    vertex -0.000119287029281998 0.003123721714870938 0
    vertex -0.0005989404390805931 0.003283559466780049 0
    vertex -0.0005937047055446779 0.002817991380286027 0
  endloop
endfacet
facet normal 0 0 1
  outer loop
    vertex -0.000119287029281998 0.003123721714870938 0
    vertex -0.0002807085641843631 0.003600618663219656 0
    vertex -0.0005989404390805931 0.003283559466780049 0
  endloop
endfacet
facet normal 0 0 1
  outer loop
    vertex 0.001992932519687563 0.002386412244229771 0
    vertex 0.001838687761812224 0.002773558250204333 0
    vertex 0.001496109471925598 0.002561707841939539 0
  endloop
endfacet
facet normal 0 -0 1
  outer loop
    vertex 0.001992932519687563 0.002386412244229771 0
    vertex 0.002216006924059204 0.002850455267816549 0
    vertex 0.001838687761812224 0.002773558250204333 0
  endloop
endfacet
facet normal 0 0 1
  outer loop
    vertex 0.001838687761812224 0.002773558250204333 0
    vertex 0.001573202118524408 0.002914422909090822 0
    vertex 0.001496109471925598 0.002561707841939539 0
  endloop
endfacet
facet normal 0 0 1
  outer loop
    vertex 0.001146998146955167 0.002881054442658352 0
    vertex 0.001087347034752101 0.002335635581749369 0
    vertex 0.001496109471925598 0.002561707841939539 0
  endloop
endfacet
facet normal 0 -0 1
  outer loop
    vertex 0.001496109471925598 0.002561707841939539 0
    vertex 0.001573202118524408 0.002914422909090822 0
    vertex 0.001146998146955167 0.002881054442658352 0
  endloop
endfacet
facet normal 0 0 1
  outer loop
    vertex -0.003128771261605365 -6.806198819816183e-05 0
    vertex -0.003564179328452835 -0.0002743994007506028 0
    vertex -0.00315283601887734 -0.0006054645711402826 0
  endloop
endfacet
facet normal 0 0 1
  outer loop
    vertex -0.003564179328452835 -0.0002743994007506028 0
    vertex -0.003587649114560328 -0.0006860941117202598 0
    vertex -0.00315283601887734 -0.0006054645711402826 0
  endloop
endfacet
facet normal 0 0 1
  outer loop
    vertex 0.002727834532722398 0.0008692802008109915 0
    vertex 0.003055901487376521 0.001088561795355193 0
    vertex 0.002775352872780997 0.001403148228722181 0
  endloop
endfacet
facet normal -0 0 1
  outer loop
    vertex 0.002775352872780997 0.001403148228722181 0
    vertex 0.003055901487376521 0.001088561795355193 0
    vertex 0.003267376347881976 0.001444323215007373 0
  endloop
endfacet
facet normal -0 0 1
  outer loop
    vertex 0.002316696148484747 0.0006249030004643081 0
    vertex 0.002727994291664513 0.0003806694187467306 0
    vertex 0.002727834532722398 0.0008692802008109915 0
  endloop
endfacet
facet normal 0 -0 1
  outer loop
    vertex 0.002727994291664513 0.0003806694187467306 0
    vertex 0.003162027069557819 0.0006228700864281154 0
    vertex 0.002727834532722398 0.0008692802008109915 0
  endloop
endfacet
facet normal 0 0 1
  outer loop
    vertex 0.003162027069557819 0.0006228700864281154 0
    vertex 0.003055901487376521 0.001088561795355193 0
    vertex 0.002727834532722398 0.0008692802008109915 0
  endloop
endfacet
facet normal 0 0 1
  outer loop
    vertex 0.002216006924059204 0.002850455267816549 0
    vertex 0.001852186297920141 0.003136439548306526 0
    vertex 0.001838687761812224 0.002773558250204333 0
  endloop
endfacet
facet normal 0 0 1
  outer loop
    vertex 0.001852186297920141 0.003136439548306526 0
    vertex 0.001573202118524408 0.002914422909090822 0
    vertex 0.001838687761812224 0.002773558250204333 0
  endloop
endfacet
facet normal 0 0 1
  outer loop
    vertex -0.00233411714138639 -0.001977163621747763 0
    vertex -0.002443553925201617 -0.002442973697292102 0
    vertex -0.001940282586616059 -0.002309762147624449 0
  endloop
endfacet
facet normal 0 0 1
  outer loop
    vertex -0.002704773058297048 0.0001752062414348381 0
    vertex -0.003120590446758741 0.0004206424379453957 0
    vertex -0.003128771261605365 -6.806198819816183e-05 0
  endloop
endfacet
facet normal 0 0 1
  outer loop
    vertex -0.001844353919539761 0.002084181804893592 0
    vertex -0.002263253511919785 0.001842766218593789 0
    vertex -0.001855952323102583 0.001616234226370982 0
  endloop
endfacet
facet normal 0 0 1
  outer loop
    vertex -0.001844353919539761 0.002084181804893592 0
    vertex -0.002242104787782206 0.002312712828319233 0
    vertex -0.002263253511919785 0.001842766218593789 0
  endloop
endfacet
facet normal 0 0 1
  outer loop
    vertex -0.0005989404390805931 0.003283559466780049 0
    vertex -0.001012030801210764 0.003041489852973586 0
    vertex -0.0005937047055446779 0.002817991380286027 0
  endloop
endfacet
facet normal 0 0 1
  outer loop
    vertex -0.0002807085641843631 0.003600618663219656 0
    vertex -0.0006671344922915512 0.00364408580663111 0
    vertex -0.0005989404390805931 0.003283559466780049 0
  endloop
endfacet
facet normal 0 0 1
  outer loop
    vertex -0.002263253511919785 0.001842766218593789 0
    vertex -0.002637426733701966 0.002072276715945017 0
    vertex -0.002699657683575096 0.001624814653994428 0
  endloop
endfacet
facet normal 0 -0 1
  outer loop
    vertex -0.002263253511919785 0.001842766218593789 0
    vertex -0.002242104787782206 0.002312712828319233 0
    vertex -0.002637426733701966 0.002072276715945017 0
  endloop
endfacet
facet normal 0 0 1
  outer loop
    vertex -0.002637426733701966 0.002072276715945017 0
    vertex -0.003055121884779449 0.001927907907091124 0
    vertex -0.002699657683575096 0.001624814653994428 0
  endloop
endfacet
facet normal 0 0 1
  outer loop
    vertex -0.0006141781102674094 -8.010462736934581e-05 0
    vertex -0.00103418849672186 -0.0003186571146359959 0
    vertex -0.0006175905756110046 -0.0005631201828680556 0
  endloop
endfacet
facet normal 0 0 1
  outer loop
    vertex -0.0006141781102674094 -8.010462736934581e-05 0
    vertex -0.001030774590774108 0.0001643556697796995 0
    vertex -0.00103418849672186 -0.0003186571146359959 0
  endloop
endfacet
facet normal 0 0 1
  outer loop
    vertex -0.00103418849672186 -0.0003186571146359959 0
    vertex -0.001037600800731385 -0.0008016729811892479 0
    vertex -0.0006175905756110046 -0.0005631201828680556 0
  endloop
endfacet
facet normal 0 0 1
  outer loop
    vertex -0.001030774590774108 0.0001643556697796995 0
    vertex -0.001450786180870405 -7.419449921916433e-05 0
    vertex -0.00103418849672186 -0.0003186571146359959 0
  endloop
endfacet
facet normal 0 0 1
  outer loop
    vertex 0.0006356154375211783 -0.0008134934164407175 0
    vertex 0.001055625637480885 -0.0005749405695922597 0
    vertex 0.0006390277208333134 -0.0003304775100312528 0
  endloop
endfacet
facet normal 0 0 1
  outer loop
    vertex 0.001902043440693831 0.0008682000014102934 0
    vertex 0.001485789600917095 0.001112660644318816 0
    vertex 0.001482389195438859 0.0006296446292600577 0
  endloop
endfacet
facet normal 0 0 1
  outer loop
    vertex 0.001045388816566731 -0.002023988344845408 0
    vertex 0.00103888310784321 -0.002501557785978196 0
    vertex 0.001460190549725818 -0.002265288939575215 0
  endloop
endfacet
facet normal 0 0 1
  outer loop
    vertex 0.001045388816566731 -0.002023988344845408 0
    vertex 0.0006248630447122118 -0.002261633445567686 0
    vertex 0.00103888310784321 -0.002501557785978196 0
  endloop
endfacet
facet normal -0 0 1
  outer loop
    vertex 0.00103888310784321 -0.002501557785978196 0
    vertex 0.001458574470002425 -0.002751467349598368 0
    vertex 0.001460190549725818 -0.002265288939575215 0
  endloop
endfacet
facet normal 0 0 1
  outer loop
    vertex 0.001458574470002425 -0.002751467349598368 0
    vertex 0.001867807510182054 -0.002493939600189577 0
    vertex 0.001460190549725818 -0.002265288939575215 0
  endloop
endfacet
facet normal -0 0 1
  outer loop
    vertex 0.001460190549725818 -0.002265288939575215 0
    vertex 0.001867807510182054 -0.002493939600189577 0
    vertex 0.001878004555079615 -0.002022224743586662 0
  endloop
endfacet
facet normal 0 0 1
  outer loop
    vertex 0.00103888310784321 -0.002501557785978196 0
    vertex 0.001042520567235881 -0.002993700621091896 0
    vertex 0.001458574470002425 -0.002751467349598368 0
  endloop
endfacet
facet normal 0 0 1
  outer loop
    vertex 0.0006248630447122118 -0.002261633445567686 0
    vertex 0.0006184887096385039 -0.002739434190891813 0
    vertex 0.00103888310784321 -0.002501557785978196 0
  endloop
endfacet
facet normal -0 0 1
  outer loop
    vertex 0.0006184887096385039 -0.002739434190891813 0
    vertex 0.001042520567235881 -0.002993700621091896 0
    vertex 0.00103888310784321 -0.002501557785978196 0
  endloop
endfacet
facet normal -0 0 1
  outer loop
    vertex 0.001458574470002425 -0.002751467349598368 0
    vertex 0.001836606033468493 -0.003019575547585774 0
    vertex 0.001867807510182054 -0.002493939600189577 0
  endloop
endfacet
facet normal -0 0 1
  outer loop
    vertex 0.001042520567235881 -0.002993700621091896 0
    vertex 0.001475088189792053 -0.003292473583253721 0
    vertex 0.001458574470002425 -0.002751467349598368 0
  endloop
endfacet
facet normal 0 -0 1
  outer loop
    vertex 0.001475088189792053 -0.003292473583253721 0
    vertex 0.001836606033468493 -0.003019575547585774 0
    vertex 0.001458574470002425 -0.002751467349598368 0
  endloop
endfacet
facet normal -0 0 1
  outer loop
    vertex 0.0001977977612704955 -0.002966272397035609 0
    vertex 0.0006225585528993247 -0.00320540189083733 0
    vertex 0.0006184887096385039 -0.002739434190891813 0
  endloop
endfacet
facet normal 0 -0 1
  outer loop
    vertex 0.0006225585528993247 -0.00320540189083733 0
    vertex 0.001042520567235881 -0.002993700621091896 0
    vertex 0.0006184887096385039 -0.002739434190891813 0
  endloop
endfacet
facet normal 0 0 1
  outer loop
    vertex -0.0002218632437639849 -0.002725179677880925 0
    vertex -0.0002572244457552366 -0.003153697116790697 0
    vertex 0.0001977977612704955 -0.002966272397035609 0
  endloop
endfacet
facet normal 0 0 1
  outer loop
    vertex 0.0001977977612704955 -0.002966272397035609 0
    vertex 0.0002112788543658285 -0.003500919013098274 0
    vertex 0.0006225585528993247 -0.00320540189083733 0
  endloop
endfacet
facet normal 0 0 1
  outer loop
    vertex 0.0001977977612704955 -0.002966272397035609 0
    vertex -0.0002572244457552366 -0.003153697116790697 0
    vertex 0.0002112788543658285 -0.003500919013098274 0
  endloop
endfacet
facet normal -0 0 1
  outer loop
    vertex -0.0006410885780162444 -0.002953323211725855 0
    vertex -0.0002572244457552366 -0.003153697116790697 0
    vertex -0.0002218632437639849 -0.002725179677880925 0
  endloop
endfacet
facet normal 0 0 1
  outer loop
    vertex -0.001036966189628092 -0.00270486120084968 0
    vertex -0.001049936378026234 -0.003139897892136731 0
    vertex -0.0006410885780162444 -0.002953323211725855 0
  endloop
endfacet
facet normal -0 0 1
  outer loop
    vertex -0.001049936378026234 -0.003139897892136731 0
    vertex -0.0006744317315658988 -0.003461927340146304 0
    vertex -0.0006410885780162444 -0.002953323211725855 0
  endloop
endfacet
facet normal 0 0 1
  outer loop
    vertex -0.0006744317315658988 -0.003461927340146304 0
    vertex -0.0002572244457552366 -0.003153697116790697 0
    vertex -0.0006410885780162444 -0.002953323211725855 0
  endloop
endfacet
facet normal 0 0 1
  outer loop
    vertex 0.002316696148484747 0.0006249030004643081 0
    vertex 0.00231398215035264 0.0001411459262949535 0
    vertex 0.002727994291664513 0.0003806694187467306 0
  endloop
endfacet
facet normal -0 0 1
  outer loop
    vertex 0.002727994291664513 0.0003806694187467306 0
    vertex 0.003138603193772838 0.0001124833347834016 0
    vertex 0.003162027069557819 0.0006228700864281154 0
  endloop
endfacet
facet normal -0 0 1
  outer loop
    vertex 0.00231398215035264 0.0001411459262949535 0
    vertex 0.002724133223469389 -0.000103394309920522 0
    vertex 0.002727994291664513 0.0003806694187467306 0
  endloop
endfacet
facet normal 0 0 1
  outer loop
    vertex 0.002724133223469389 -0.000103394309920522 0
    vertex 0.003138603193772838 0.0001124833347834016 0
    vertex 0.002727994291664513 0.0003806694187467306 0
  endloop
endfacet
facet normal 0 0 1
  outer loop
    vertex 0.002719852970578671 -0.0005866486200693065 0
    vertex 0.003134487892566828 -0.0003748778391288024 0
    vertex 0.002724133223469389 -0.000103394309920522 0
  endloop
endfacet
facet normal 0 -0 1
  outer loop
    vertex 0.003134487892566828 -0.0003748778391288024 0
    vertex 0.003138603193772838 0.0001124833347834016 0
    vertex 0.002724133223469389 -0.000103394309920522 0
  endloop
endfacet
facet normal -0 0 1
  outer loop
    vertex 0.002307073026889303 -0.000824836474323149 0
    vertex 0.00271453390852904 -0.001066464568028983 0
    vertex 0.002719852970578671 -0.0005866486200693065 0
  endloop
endfacet
facet normal 0 0 1
  outer loop
    vertex 0.00271453390852904 -0.001066464568028983 0
    vertex 0.003106590331977997 -0.0008309496509488047 0
    vertex 0.002719852970578671 -0.0005866486200693065 0
  endloop
endfacet
facet normal -0 0 1
  outer loop
    vertex 0.002719852970578671 -0.0005866486200693065 0
    vertex 0.003106590331977997 -0.0008309496509488047 0
    vertex 0.003134487892566828 -0.0003748778391288024 0
  endloop
endfacet
facet normal 0 0 1
  outer loop
    vertex -0.003117178173846691 0.0009036583644487001 0
    vertex -0.003517098171531787 0.0006731983195017521 0
    vertex -0.003120590446758741 0.0004206424379453957 0
  endloop
endfacet
facet normal 0 0 1
  outer loop
    vertex -0.003117178173846691 0.0009036583644487001 0
    vertex -0.00348950054898517 0.001087372347426538 0
    vertex -0.003517098171531787 0.0006731983195017521 0
  endloop
endfacet
facet normal -0 0 1
  outer loop
    vertex 0.002329305324591014 0.00207278168539825 0
    vertex 0.002653641227375724 0.001828970393509146 0
    vertex 0.002806408979060464 0.00219815334429218 0
  endloop
endfacet
facet normal 0 0 1
  outer loop
    vertex 0.00271263905998817 -0.001536280925018289 0
    vertex 0.003084425917284079 -0.001306904350048327 0
    vertex 0.00271453390852904 -0.001066464568028983 0
  endloop
endfacet
facet normal 0 -0 1
  outer loop
    vertex 0.003084425917284079 -0.001306904350048327 0
    vertex 0.003106590331977997 -0.0008309496509488047 0
    vertex 0.00271453390852904 -0.001066464568028983 0
  endloop
endfacet
facet normal 0 0 1
  outer loop
    vertex -0.002690586180849384 -0.001270744054120625 0
    vertex -0.003174570113589703 -0.001468705997497093 0
    vertex -0.002716287701057144 -0.001737848164115757 0
  endloop
endfacet
facet normal 0 0 1
  outer loop
    vertex -0.002690586180849384 -0.001270744054120625 0
    vertex -0.003021703204287029 -0.001029176250053616 0
    vertex -0.003174570113589703 -0.001468705997497093 0
  endloop
endfacet
facet normal 0 0 1
  outer loop
    vertex -0.001036966189628092 -0.00270486120084968 0
    vertex -0.001435337343028828 -0.002909405519730334 0
    vertex -0.001049936378026234 -0.003139897892136731 0
  endloop
endfacet
facet normal 0 0 1
  outer loop
    vertex 0.001878004555079615 -0.002022224743586662 0
    vertex 0.001867807510182054 -0.002493939600189577 0
    vertex 0.002337337339868128 -0.002258270684779967 0
  endloop
endfacet
facet normal -0 0 1
  outer loop
    vertex 0.002337337339868128 -0.002258270684779967 0
    vertex 0.002607179081586566 -0.002589237065849418 0
    vertex 0.002825599583378854 -0.002247644389722751 0
  endloop
endfacet
facet normal 0 0 1
  outer loop
    vertex 0.002825599583378854 -0.002247644389722751 0
    vertex 0.002661260574456442 -0.001911639132472049 0
    vertex 0.002337337339868128 -0.002258270684779967 0
  endloop
endfacet
facet normal -0 0 1
  outer loop
    vertex 0.0002112788543658285 -0.003500919013098274 0
    vertex 0.0006602365020318746 -0.003603509720181088 0
    vertex 0.0006225585528993247 -0.00320540189083733 0
  endloop
endfacet
facet normal 0 0 1
  outer loop
    vertex 0.003134487892566828 -0.0003748778391288024 0
    vertex 0.003555017994283535 -0.0001916846415905057 0
    vertex 0.003138603193772838 0.0001124833347834016 0
  endloop
endfacet
facet normal 0 0 1
  outer loop
    vertex -0.003174570113589703 -0.001468705997497093 0
    vertex -0.003105732964757159 -0.001901309323258123 0
    vertex -0.002716287701057144 -0.001737848164115757 0
  endloop
endfacet
facet normal 0 0 1
  outer loop
    vertex 0.003084425917284079 -0.001306904350048327 0
    vertex 0.003456722936695215 -0.001115399432428586 0
    vertex 0.003106590331977997 -0.0008309496509488047 0
  endloop
endfacet
facet normal -0 0 1
  outer loop
    vertex 0.003084425917284079 -0.001306904350048327 0
    vertex 0.003399585090546171 -0.001522614857511806 0
    vertex 0.003456722936695215 -0.001115399432428586 0
  endloop
endfacet
facet normal 0 0 1
  outer loop
    vertex -0.002637426733701966 0.002072276715945017 0
    vertex -0.002920333023130354 0.002290441134112974 0
    vertex -0.003055121884779449 0.001927907907091124 0
  endloop
endfacet
facet normal 0 0 1
  outer loop
    vertex -0.001049936378026234 -0.003139897892136731 0
    vertex -0.001108251744073476 -0.003519849129499546 0
    vertex -0.0006744317315658988 -0.003461927340146304 0
  endloop
endfacet
facet normal 0 0 1
  outer loop
    vertex -0.001835542701274505 -0.003092395028676738 0
    vertex -0.001435337343028828 -0.002909405519730334 0
    vertex -0.001782526178516054 -0.002710648217813935 0
  endloop
endfacet
endsolid Created by Gmsh
