solid Created by Gmsh
facet normal -8.35575e-15 -5.0543e-16 1
  outer loop
    vertex 0.003970835496392216 0.0004821467210212913 0.01
    vertex 0.003570342470351605 0.0002387347687351465 0.009999999999999997
    vertex 0.004 0 0.01
  endloop
endfacet
facet normal -8.00542e-15 4.84239e-16 1
  outer loop
    vertex 0.004 0 0.01
    vertex 0.003555017994283535 -0.0001916846415905057 0.009999999999999997
    vertex 0.003970835496392216 -0.000482146721021294 0.01
  endloop
endfacet
facet normal -7.91827e-15 2.81919e-16 1
  outer loop
    vertex 0.003570342470351605 0.0002387347687351465 0.009999999999999997
    vertex 0.003555017994283535 -0.0001916846415905057 0.009999999999999997
    vertex 0.004 0 0.01
  endloop
endfacet
facet normal -4.98849e-16 -8.24695e-15 1
  outer loop
    vertex 0 0.004 0.01
    vertex 0.000186396433389735 0.003568030482604037 0.009999999999999997
    vertex 0.0004821467210212943 0.003970835496392216 0.01
  endloop
endfacet
facet normal 5.48802e-16 -9.07278e-15 1
  outer loop
    vertex -0.0004821467210212928 0.003970835496392216 0.01
    vertex -0.0002807085641843631 0.003600618663219656 0.009999999999999997
    vertex 0 0.004 0.01
  endloop
endfacet
facet normal -5.77734e-16 -8.28099e-15 1
  outer loop
    vertex 0 0.004 0.01
    vertex -0.0002807085641843631 0.003600618663219656 0.009999999999999997
    vertex 0.000186396433389735 0.003568030482604037 0.009999999999999997
  endloop
endfacet
facet normal 8.01667e-15 -4.84919e-16 1
  outer loop
    vertex -0.004 0 0.01
    vertex -0.003554632439011813 0.0002081103383669103 0.009999999999999997
    vertex -0.003970835496392216 0.0004821467210212945 0.01
  endloop
endfacet
facet normal 8.27591e-15 5.006e-16 1
  outer loop
    vertex -0.003970835496392216 -0.0004821467210212922 0.01
    vertex -0.003564179328452835 -0.0002743994007506028 0.009999999999999997
    vertex -0.004 0 0.01
  endloop
endfacet
facet normal 7.86277e-15 -1.55572e-16 1
  outer loop
    vertex -0.004 0 0.01
    vertex -0.003564179328452835 -0.0002743994007506028 0.009999999999999997
    vertex -0.003554632439011813 0.0002081103383669103 0.009999999999999997
  endloop
endfacet
facet normal 5.30133e-16 8.76414e-15 1
  outer loop
    vertex 0 -0.004 0.01
    vertex -0.0002297143715765962 -0.003590236328867415 0.009999999999999997
    vertex -0.0004821467210212929 -0.003970835496392216 0.01
  endloop
endfacet
facet normal -4.31549e-16 7.13436e-15 1
  outer loop
    vertex 0.0004821467210212915 -0.003970835496392216 0.01
    vertex 0.0002112788543658285 -0.003500919013098274 0.009999999999999997
    vertex 0 -0.004 0.01
  endloop
endfacet
facet normal -1.54001e-15 7.60361e-15 1
  outer loop
    vertex 0 -0.004 0.01
    vertex 0.0002112788543658285 -0.003500919013098274 0.009999999999999997
    vertex -0.0002297143715765962 -0.003590236328867415 0.009999999999999997
  endloop
endfacet
facet normal -1.05371e-14 -1.93099e-15 1
  outer loop
    vertex 0.003883767269704208 0.0009572626571502298 0.01
    vertex 0.003607477968224465 0.0006682075541430089 0.009999999999999997
    vertex 0.003970835496392216 0.0004821467210212913 0.01
  endloop
endfacet
facet normal -9.14346e-15 7.90613e-16 1
  outer loop
    vertex 0.003970835496392216 0.0004821467210212913 0.01
    vertex 0.003607477968224465 0.0006682075541430089 0.009999999999999997
    vertex 0.003570342470351605 0.0002387347687351465 0.009999999999999997
  endloop
endfacet
facet normal -8.51272e-15 -2.65267e-15 1
  outer loop
    vertex 0.003740064970741659 0.001418419548170142 0.01
    vertex 0.00345041753511648 0.001040023537380262 0.009999999999999997
    vertex 0.003883767269704208 0.0009572626571502298 0.01
  endloop
endfacet
facet normal -8.70866e-15 -3.67866e-15 1
  outer loop
    vertex 0.00345041753511648 0.001040023537380262 0.009999999999999997
    vertex 0.003607477968224465 0.0006682075541430089 0.009999999999999997
    vertex 0.003883767269704208 0.0009572626571502298 0.01
  endloop
endfacet
facet normal -7.52542e-15 -3.38692e-15 1
  outer loop
    vertex 0.00354182410261284 0.001858892688175074 0.01
    vertex 0.003267376347881976 0.001444323215007373 0.009999999999999997
    vertex 0.003740064970741659 0.001418419548170142 0.01
  endloop
endfacet
facet normal -7.52655e-15 -3.40754e-15 1
  outer loop
    vertex 0.003740064970741659 0.001418419548170142 0.01
    vertex 0.003267376347881976 0.001444323215007373 0.009999999999999997
    vertex 0.00345041753511648 0.001040023537380262 0.009999999999999997
  endloop
endfacet
facet normal -7.09894e-15 -4.29146e-15 1
  outer loop
    vertex 0.003291935463574626 0.002272258986924622 0.01
    vertex 0.003062259810575247 0.001843734386319089 0.009999999999999997
    vertex 0.00354182410261284 0.001858892688175074 0.01
  endloop
endfacet
facet normal -7.11902e-15 -3.65595e-15 1
  outer loop
    vertex 0.003062259810575247 0.001843734386319089 0.009999999999999997
    vertex 0.003267376347881976 0.001444323215007373 0.009999999999999997
    vertex 0.00354182410261284 0.001858892688175074 0.01
  endloop
endfacet
facet normal -6.38253e-15 -5.0004e-15 1
  outer loop
    vertex 0.002994042992684405 0.00265249063296318 0.01
    vertex 0.002806408979060464 0.00219815334429218 0.009999999999999997
    vertex 0.003291935463574626 0.002272258986924622 0.01
  endloop
endfacet
facet normal -6.43655e-15 -4.64647e-15 1
  outer loop
    vertex 0.003291935463574626 0.002272258986924622 0.01
    vertex 0.002806408979060464 0.00219815334429218 0.009999999999999997
    vertex 0.003062259810575247 0.001843734386319089 0.009999999999999997
  endloop
endfacet
facet normal -5.59065e-15 -5.59065e-15 1
  outer loop
    vertex 0.002652490632963182 0.002994042992684403 0.01
    vertex 0.00250726905556177 0.002518683980638792 0.009999999999999997
    vertex 0.002994042992684405 0.00265249063296318 0.01
  endloop
endfacet
facet normal -5.67227e-15 -5.29373e-15 1
  outer loop
    vertex 0.00250726905556177 0.002518683980638792 0.009999999999999997
    vertex 0.002806408979060464 0.00219815334429218 0.009999999999999997
    vertex 0.002994042992684405 0.00265249063296318 0.01
  endloop
endfacet
facet normal -5.59805e-15 -7.14538e-15 1
  outer loop
    vertex 0.002272258986924624 0.003291935463574625 0.01
    vertex 0.002216006924059204 0.002850455267816549 0.009999999999999997
    vertex 0.002652490632963182 0.002994042992684403 0.01
  endloop
endfacet
facet normal -6.16747e-15 -5.41443e-15 1
  outer loop
    vertex 0.002652490632963182 0.002994042992684403 0.01
    vertex 0.002216006924059204 0.002850455267816549 0.009999999999999997
    vertex 0.00250726905556177 0.002518683980638792 0.009999999999999997
  endloop
endfacet
facet normal -5.12251e-15 -8.47367e-15 1
  outer loop
    vertex 0.001858892688175073 0.00354182410261284 0.01
    vertex 0.001852186297920141 0.003136439548306526 0.009999999999999997
    vertex 0.002272258986924624 0.003291935463574625 0.01
  endloop
endfacet
facet normal -5.61499e-15 -7.14322e-15 1
  outer loop
    vertex 0.002272258986924624 0.003291935463574625 0.01
    vertex 0.001852186297920141 0.003136439548306526 0.009999999999999997
    vertex 0.002216006924059204 0.002850455267816549 0.009999999999999997
  endloop
endfacet
facet normal -3.52267e-15 -7.82705e-15 1
  outer loop
    vertex 0.001418419548170144 0.003740064970741659 0.01
    vertex 0.001473436029568926 0.00327204031329746 0.009999999999999997
    vertex 0.001858892688175073 0.00354182410261284 0.01
  endloop
endfacet
facet normal -3.04605e-15 -8.50802e-15 1
  outer loop
    vertex 0.001473436029568926 0.00327204031329746 0.009999999999999997
    vertex 0.001852186297920141 0.003136439548306526 0.009999999999999997
    vertex 0.001858892688175073 0.00354182410261284 0.01
  endloop
endfacet
facet normal -2.39157e-15 -7.67481e-15 1
  outer loop
    vertex 0.000957262657150231 0.003883767269704208 0.01
    vertex 0.001053577270607999 0.003401698152866355 0.009999999999999997
    vertex 0.001418419548170144 0.003740064970741659 0.01
  endloop
endfacet
facet normal -2.37545e-15 -7.69219e-15 1
  outer loop
    vertex 0.001418419548170144 0.003740064970741659 0.01
    vertex 0.001053577270607999 0.003401698152866355 0.009999999999999997
    vertex 0.001473436029568926 0.00327204031329746 0.009999999999999997
  endloop
endfacet
facet normal -1.4656e-15 -7.99754e-15 1
  outer loop
    vertex 0.0004821467210212943 0.003970835496392216 0.01
    vertex 0.0006092312667680694 0.003513732241012332 0.009999999999999997
    vertex 0.000957262657150231 0.003883767269704208 0.01
  endloop
endfacet
facet normal -1.91085e-15 -7.57877e-15 1
  outer loop
    vertex 0.000957262657150231 0.003883767269704208 0.01
    vertex 0.0006092312667680694 0.003513732241012332 0.009999999999999997
    vertex 0.001053577270607999 0.003401698152866355 0.009999999999999997
  endloop
endfacet
facet normal -1.01076e-15 -7.87109e-15 1
  outer loop
    vertex 0.000186396433389735 0.003568030482604037 0.009999999999999997
    vertex 0.0006092312667680694 0.003513732241012332 0.009999999999999997
    vertex 0.0004821467210212943 0.003970835496392216 0.01
  endloop
endfacet
facet normal 2.17108e-15 -1.18472e-14 1
  outer loop
    vertex -0.0009572626571502295 0.003883767269704208 0.01
    vertex -0.0006671344922915512 0.00364408580663111 0.009999999999999997
    vertex -0.0004821467210212928 0.003970835496392216 0.01
  endloop
endfacet
facet normal -1.12287e-15 -9.98235e-15 1
  outer loop
    vertex -0.0004821467210212928 0.003970835496392216 0.01
    vertex -0.0006671344922915512 0.00364408580663111 0.009999999999999997
    vertex -0.0002807085641843631 0.003600618663219656 0.009999999999999997
  endloop
endfacet
facet normal 2.81818e-15 -9.04386e-15 1
  outer loop
    vertex -0.001418419548170142 0.003740064970741659 0.01
    vertex -0.001016614080021277 0.003481648137059422 0.009999999999999997
    vertex -0.0009572626571502295 0.003883767269704208 0.01
  endloop
endfacet
facet normal 4.30562e-15 -9.2634e-15 1
  outer loop
    vertex -0.001016614080021277 0.003481648137059422 0.009999999999999997
    vertex -0.0006671344922915512 0.00364408580663111 0.009999999999999997
    vertex -0.0009572626571502295 0.003883767269704208 0.01
  endloop
endfacet
facet normal 3.37264e-15 -7.49371e-15 1
  outer loop
    vertex -0.001858892688175072 0.003541824102612841 0.01
    vertex -0.001424743136545855 0.003274237614624931 0.009999999999999997
    vertex -0.001418419548170142 0.003740064970741659 0.01
  endloop
endfacet
facet normal 3.81132e-15 -7.49966e-15 1
  outer loop
    vertex -0.001418419548170142 0.003740064970741659 0.01
    vertex -0.001424743136545855 0.003274237614624931 0.009999999999999997
    vertex -0.001016614080021277 0.003481648137059422 0.009999999999999997
  endloop
endfacet
facet normal 4.29073e-15 -7.09774e-15 1
  outer loop
    vertex -0.002272258986924622 0.003291935463574626 0.01
    vertex -0.001849165928025635 0.003058894067308277 0.009999999999999997
    vertex -0.001858892688175072 0.003541824102612841 0.01
  endloop
endfacet
facet normal 3.60822e-15 -7.11149e-15 1
  outer loop
    vertex -0.001849165928025635 0.003058894067308277 0.009999999999999997
    vertex -0.001424743136545855 0.003274237614624931 0.009999999999999997
    vertex -0.001858892688175072 0.003541824102612841 0.01
  endloop
endfacet
facet normal 5.16423e-15 -6.59165e-15 1
  outer loop
    vertex -0.002652490632963181 0.002994042992684404 0.01
    vertex -0.002244972533779544 0.002786973361536236 0.009999999999999997
    vertex -0.002272258986924622 0.003291935463574626 0.01
  endloop
endfacet
facet normal 4.55125e-15 -6.62477e-15 1
  outer loop
    vertex -0.002272258986924622 0.003291935463574626 0.01
    vertex -0.002244972533779544 0.002786973361536236 0.009999999999999997
    vertex -0.001849165928025635 0.003058894067308277 0.009999999999999997
  endloop
endfacet
facet normal 6.9931e-15 -6.9931e-15 1
  outer loop
    vertex -0.002994042992684403 0.002652490632963183 0.01
    vertex -0.002623138040911326 0.002527271427640922 0.009999999999999997
    vertex -0.002652490632963181 0.002994042992684404 0.01
  endloop
endfacet
facet normal 4.89314e-15 -7.12516e-15 1
  outer loop
    vertex -0.002623138040911326 0.002527271427640922 0.009999999999999997
    vertex -0.002244972533779544 0.002786973361536236 0.009999999999999997
    vertex -0.002652490632963181 0.002994042992684404 0.01
  endloop
endfacet
facet normal 9.70861e-15 -7.60621e-15 1
  outer loop
    vertex -0.003291935463574625 0.002272258986924624 0.01
    vertex -0.002920333023130354 0.002290441134112974 0.009999999999999997
    vertex -0.002994042992684403 0.002652490632963183 0.01
  endloop
endfacet
facet normal 6.57042e-15 -8.24512e-15 1
  outer loop
    vertex -0.002994042992684403 0.002652490632963183 0.01
    vertex -0.002920333023130354 0.002290441134112974 0.009999999999999997
    vertex -0.002623138040911326 0.002527271427640922 0.009999999999999997
  endloop
endfacet
facet normal 7.79684e-15 -4.71336e-15 1
  outer loop
    vertex -0.00354182410261284 0.001858892688175074 0.01
    vertex -0.003055121884779449 0.001927907907091124 0.009999999999999997
    vertex -0.003291935463574625 0.002272258986924624 0.01
  endloop
endfacet
facet normal 9.50944e-15 -3.53558e-15 1
  outer loop
    vertex -0.003055121884779449 0.001927907907091124 0.009999999999999997
    vertex -0.002920333023130354 0.002290441134112974 0.009999999999999997
    vertex -0.003291935463574625 0.002272258986924624 0.01
  endloop
endfacet
facet normal 6.6249e-15 -2.98163e-15 1
  outer loop
    vertex -0.003740064970741659 0.001418419548170144 0.01
    vertex -0.003211481256751635 0.001429275757763694 0.009999999999999997
    vertex -0.00354182410261284 0.001858892688175074 0.01
  endloop
endfacet
facet normal 7.4602e-15 -2.33935e-15 1
  outer loop
    vertex -0.003211481256751635 0.001429275757763694 0.009999999999999997
    vertex -0.003055121884779449 0.001927907907091124 0.009999999999999997
    vertex -0.00354182410261284 0.001858892688175074 0.01
  endloop
endfacet
facet normal 9.80838e-15 -3.05641e-15 1
  outer loop
    vertex -0.003883767269704208 0.0009572626571502312 0.01
    vertex -0.00348950054898517 0.001087372347426538 0.009999999999999997
    vertex -0.003740064970741659 0.001418419548170144 0.01
  endloop
endfacet
facet normal 6.67515e-15 -5.42791e-15 1
  outer loop
    vertex -0.003740064970741659 0.001418419548170144 0.01
    vertex -0.00348950054898517 0.001087372347426538 0.009999999999999997
    vertex -0.003211481256751635 0.001429275757763694 0.009999999999999997
  endloop
endfacet
facet normal 8.28572e-15 -1.51842e-15 1
  outer loop
    vertex -0.003970835496392216 0.0004821467210212945 0.01
    vertex -0.003517098171531787 0.0006731983195017521 0.009999999999999997
    vertex -0.003883767269704208 0.0009572626571502312 0.01
  endloop
endfacet
facet normal 8.9976e-15 -5.99536e-16 1
  outer loop
    vertex -0.003517098171531787 0.0006731983195017521 0.009999999999999997
    vertex -0.00348950054898517 0.001087372347426538 0.009999999999999997
    vertex -0.003883767269704208 0.0009572626571502312 0.01
  endloop
endfacet
facet normal 7.91535e-15 -6.38797e-16 1
  outer loop
    vertex -0.003554632439011813 0.0002081103383669103 0.009999999999999997
    vertex -0.003517098171531787 0.0006731983195017521 0.009999999999999997
    vertex -0.003970835496392216 0.0004821467210212945 0.01
  endloop
endfacet
facet normal 1.00328e-14 1.83857e-15 1
  outer loop
    vertex -0.003883767269704208 -0.000957262657150231 0.01
    vertex -0.003587649114560328 -0.0006860941117202598 0.009999999999999997
    vertex -0.003970835496392216 -0.0004821467210212922 0.01
  endloop
endfacet
facet normal 8.78757e-15 -5.0096e-16 1
  outer loop
    vertex -0.003970835496392216 -0.0004821467210212922 0.01
    vertex -0.003587649114560328 -0.0006860941117202598 0.009999999999999997
    vertex -0.003564179328452835 -0.0002743994007506028 0.009999999999999997
  endloop
endfacet
facet normal 7.85095e-15 2.44645e-15 1
  outer loop
    vertex -0.003740064970741659 -0.001418419548170142 0.01
    vertex -0.003412939586079264 -0.001050048324744338 0.009999999999999997
    vertex -0.003883767269704208 -0.000957262657150231 0.01
  endloop
endfacet
facet normal 8.13875e-15 3.90686e-15 1
  outer loop
    vertex -0.003412939586079264 -0.001050048324744338 0.009999999999999997
    vertex -0.003587649114560328 -0.0006860941117202598 0.009999999999999997
    vertex -0.003883767269704208 -0.000957262657150231 0.01
  endloop
endfacet
facet normal 6.39102e-15 2.87636e-15 1
  outer loop
    vertex -0.00354182410261284 -0.001858892688175074 0.01
    vertex -0.003174570113589703 -0.001468705997497093 0.009999999999999997
    vertex -0.003740064970741659 -0.001418419548170142 0.01
  endloop
endfacet
facet normal 6.46244e-15 3.67949e-15 1
  outer loop
    vertex -0.003740064970741659 -0.001418419548170142 0.01
    vertex -0.003174570113589703 -0.001468705997497093 0.009999999999999997
    vertex -0.003412939586079264 -0.001050048324744338 0.009999999999999997
  endloop
endfacet
facet normal 8.4528e-15 5.1099e-15 1
  outer loop
    vertex -0.003291935463574626 -0.002272258986924623 0.01
    vertex -0.003105732964757159 -0.001901309323258123 0.009999999999999997
    vertex -0.00354182410261284 -0.001858892688175074 0.01
  endloop
endfacet
facet normal 8.08085e-15 1.28585e-15 1
  outer loop
    vertex -0.00354182410261284 -0.001858892688175074 0.01
    vertex -0.003105732964757159 -0.001901309323258123 0.009999999999999997
    vertex -0.003174570113589703 -0.001468705997497093 0.009999999999999997
  endloop
endfacet
facet normal 6.0984e-15 4.77779e-15 1
  outer loop
    vertex -0.002994042992684405 -0.002652490632963181 0.01
    vertex -0.002804047442951482 -0.002168840779578067 0.009999999999999997
    vertex -0.003291935463574626 -0.002272258986924623 0.01
  endloop
endfacet
facet normal 5.73928e-15 6.47198e-15 1
  outer loop
    vertex -0.002804047442951482 -0.002168840779578067 0.009999999999999997
    vertex -0.003105732964757159 -0.001901309323258123 0.009999999999999997
    vertex -0.003291935463574626 -0.002272258986924623 0.01
  endloop
endfacet
facet normal 4.56503e-15 4.56503e-15 1
  outer loop
    vertex -0.002652490632963181 -0.002994042992684404 0.01
    vertex -0.002443553925201617 -0.002442973697292102 0.009999999999999997
    vertex -0.002994042992684405 -0.002652490632963181 0.01
  endloop
endfacet
facet normal 4.20025e-15 5.52346e-15 1
  outer loop
    vertex -0.002994042992684405 -0.002652490632963181 0.01
    vertex -0.002443553925201617 -0.002442973697292102 0.009999999999999997
    vertex -0.002804047442951482 -0.002168840779578067 0.009999999999999997
  endloop
endfacet
facet normal 5.11499e-15 6.5288e-15 1
  outer loop
    vertex -0.002272258986924623 -0.003291935463574625 0.01
    vertex -0.002204392362556855 -0.002813698963337352 0.009999999999999997
    vertex -0.002652490632963181 -0.002994042992684404 0.01
  endloop
endfacet
facet normal 6.14669e-15 3.96534e-15 1
  outer loop
    vertex -0.002204392362556855 -0.002813698963337352 0.009999999999999997
    vertex -0.002443553925201617 -0.002442973697292102 0.009999999999999997
    vertex -0.002652490632963181 -0.002994042992684404 0.01
  endloop
endfacet
facet normal 4.5246e-15 7.4846e-15 1
  outer loop
    vertex -0.001858892688175074 -0.003541824102612839 0.01
    vertex -0.001835542701274505 -0.003092395028676738 0.009999999999999997
    vertex -0.002272258986924623 -0.003291935463574625 0.01
  endloop
endfacet
facet normal 4.95066e-15 6.55212e-15 1
  outer loop
    vertex -0.002272258986924623 -0.003291935463574625 0.01
    vertex -0.001835542701274505 -0.003092395028676738 0.009999999999999997
    vertex -0.002204392362556855 -0.002813698963337352 0.009999999999999997
  endloop
endfacet
facet normal 3.94463e-15 8.76461e-15 1
  outer loop
    vertex -0.001418419548170143 -0.003740064970741659 0.01
    vertex -0.001450413954770911 -0.003329818302953902 0.009999999999999997
    vertex -0.001858892688175074 -0.003541824102612839 0.01
  endloop
endfacet
facet normal 4.61131e-15 7.4801e-15 1
  outer loop
    vertex -0.001450413954770911 -0.003329818302953902 0.009999999999999997
    vertex -0.001835542701274505 -0.003092395028676738 0.009999999999999997
    vertex -0.001858892688175074 -0.003541824102612839 0.01
  endloop
endfacet
facet normal 3.4119e-15 1.09492e-14 1
  outer loop
    vertex -0.0009572626571502313 -0.003883767269704208 0.01
    vertex -0.001108251744073476 -0.003519849129499546 0.009999999999999997
    vertex -0.001418419548170143 -0.003740064970741659 0.01
  endloop
endfacet
facet normal 4.9095e-15 8.83986e-15 1
  outer loop
    vertex -0.001418419548170143 -0.003740064970741659 0.01
    vertex -0.001108251744073476 -0.003519849129499546 0.009999999999999997
    vertex -0.001450413954770911 -0.003329818302953902 0.009999999999999997
  endloop
endfacet
facet normal 1.34228e-15 7.3246e-15 1
  outer loop
    vertex -0.0004821467210212929 -0.003970835496392216 0.01
    vertex -0.0006744317315658988 -0.003461927340146304 0.009999999999999997
    vertex -0.0009572626571502313 -0.003883767269704208 0.01
  endloop
endfacet
facet normal -1.20607e-15 9.03319e-15 1
  outer loop
    vertex -0.0006744317315658988 -0.003461927340146304 0.009999999999999997
    vertex -0.001108251744073476 -0.003519849129499546 0.009999999999999997
    vertex -0.0009572626571502313 -0.003883767269704208 0.01
  endloop
endfacet
facet normal 2.20761e-15 7.65155e-15 1
  outer loop
    vertex -0.0002297143715765962 -0.003590236328867415 0.009999999999999997
    vertex -0.0006744317315658988 -0.003461927340146304 0.009999999999999997
    vertex -0.0004821467210212929 -0.003970835496392216 0.01
  endloop
endfacet
facet normal -1.89967e-15 1.03662e-14 1
  outer loop
    vertex 0.0009572626571502309 -0.003883767269704208 0.01
    vertex 0.0006602365020318746 -0.003603509720181088 0.009999999999999997
    vertex 0.0004821467210212915 -0.003970835496392216 0.01
  endloop
endfacet
facet normal 1.94303e-15 8.50311e-15 1
  outer loop
    vertex 0.0004821467210212915 -0.003970835496392216 0.01
    vertex 0.0006602365020318746 -0.003603509720181088 0.009999999999999997
    vertex 0.0002112788543658285 -0.003500919013098274 0.009999999999999997
  endloop
endfacet
facet normal -2.66865e-15 8.564e-15 1
  outer loop
    vertex 0.001418419548170142 -0.003740064970741659 0.01
    vertex 0.001027935724722697 -0.003456624930873409 0.009999999999999997
    vertex 0.0009572626571502309 -0.003883767269704208 0.01
  endloop
endfacet
facet normal -3.47431e-15 8.69731e-15 1
  outer loop
    vertex 0.001027935724722697 -0.003456624930873409 0.009999999999999997
    vertex 0.0006602365020318746 -0.003603509720181088 0.009999999999999997
    vertex 0.0009572626571502309 -0.003883767269704208 0.01
  endloop
endfacet
facet normal -3.69941e-15 8.21975e-15 1
  outer loop
    vertex 0.001858892688175074 -0.00354182410261284 0.01
    vertex 0.001475088189792053 -0.003292473583253721 0.009999999999999997
    vertex 0.001418419548170142 -0.003740064970741659 0.01
  endloop
endfacet
facet normal -2.98426e-15 8.1292e-15 1
  outer loop
    vertex 0.001418419548170142 -0.003740064970741659 0.01
    vertex 0.001475088189792053 -0.003292473583253721 0.009999999999999997
    vertex 0.001027935724722697 -0.003456624930873409 0.009999999999999997
  endloop
endfacet
facet normal -3.91501e-15 6.47622e-15 1
  outer loop
    vertex 0.002272258986924623 -0.003291935463574626 0.01
    vertex 0.001836606033468493 -0.003019575547585774 0.009999999999999997
    vertex 0.001858892688175074 -0.00354182410261284 0.01
  endloop
endfacet
facet normal -4.8583e-15 6.43596e-15 1
  outer loop
    vertex 0.001858892688175074 -0.00354182410261284 0.01
    vertex 0.001836606033468493 -0.003019575547585774 0.009999999999999997
    vertex 0.001475088189792053 -0.003292473583253721 0.009999999999999997
  endloop
endfacet
facet normal -5.08912e-15 6.49578e-15 1
  outer loop
    vertex 0.002652490632963181 -0.002994042992684405 0.01
    vertex 0.002226424859038262 -0.002793736629096783 0.009999999999999997
    vertex 0.002272258986924623 -0.003291935463574626 0.01
  endloop
endfacet
facet normal -3.83038e-15 6.61159e-15 1
  outer loop
    vertex 0.002226424859038262 -0.002793736629096783 0.009999999999999997
    vertex 0.001836606033468493 -0.003019575547585774 0.009999999999999997
    vertex 0.002272258986924623 -0.003291935463574626 0.01
  endloop
endfacet
facet normal -7.70787e-15 7.70787e-15 1
  outer loop
    vertex 0.002994042992684404 -0.002652490632963182 0.01
    vertex 0.002607179081586566 -0.002589237065849418 0.009999999999999997
    vertex 0.002652490632963181 -0.002994042992684405 0.01
  endloop
endfacet
facet normal -4.34217e-15 8.08461e-15 1
  outer loop
    vertex 0.002652490632963181 -0.002994042992684405 0.01
    vertex 0.002607179081586566 -0.002589237065849418 0.009999999999999997
    vertex 0.002226424859038262 -0.002793736629096783 0.009999999999999997
  endloop
endfacet
facet normal -7.14436e-15 5.59725e-15 1
  outer loop
    vertex 0.003291935463574625 -0.002272258986924623 0.01
    vertex 0.002825599583378854 -0.002247644389722751 0.009999999999999997
    vertex 0.002994042992684404 -0.002652490632963182 0.01
  endloop
endfacet
facet normal -8.11929e-15 5.19162e-15 1
  outer loop
    vertex 0.002825599583378854 -0.002247644389722751 0.009999999999999997
    vertex 0.002607179081586566 -0.002589237065849418 0.009999999999999997
    vertex 0.002994042992684404 -0.002652490632963182 0.01
  endloop
endfacet
facet normal -7.15821e-15 4.32729e-15 1
  outer loop
    vertex 0.003541824102612839 -0.001858892688175075 0.01
    vertex 0.003087119615345862 -0.001809305386853021 0.009999999999999997
    vertex 0.003291935463574625 -0.002272258986924623 0.01
  endloop
endfacet
facet normal -7.21267e-15 4.30319e-15 1
  outer loop
    vertex 0.003087119615345862 -0.001809305386853021 0.009999999999999997
    vertex 0.002825599583378854 -0.002247644389722751 0.009999999999999997
    vertex 0.003291935463574625 -0.002272258986924623 0.01
  endloop
endfacet
facet normal -1.18175e-14 5.31863e-15 1
  outer loop
    vertex 0.003740064970741659 -0.001418419548170143 0.01
    vertex 0.003399585090546171 -0.001522614857511806 0.009999999999999997
    vertex 0.003541824102612839 -0.001858892688175075 0.01
  endloop
endfacet
facet normal -6.81955e-15 7.43267e-15 1
  outer loop
    vertex 0.003541824102612839 -0.001858892688175075 0.01
    vertex 0.003399585090546171 -0.001522614857511806 0.009999999999999997
    vertex 0.003087119615345862 -0.001809305386853021 0.009999999999999997
  endloop
endfacet
facet normal -9.18409e-15 2.86188e-15 1
  outer loop
    vertex 0.003883767269704208 -0.0009572626571502308 0.01
    vertex 0.003456722936695215 -0.001115399432428586 0.009999999999999997
    vertex 0.003740064970741659 -0.001418419548170143 0.01
  endloop
endfacet
facet normal -1.06471e-14 1.49393e-15 1
  outer loop
    vertex 0.003456722936695215 -0.001115399432428586 0.009999999999999997
    vertex 0.003399585090546171 -0.001522614857511806 0.009999999999999997
    vertex 0.003740064970741659 -0.001418419548170143 0.01
  endloop
endfacet
facet normal -8.15802e-15 1.49501e-15 1
  outer loop
    vertex 0.003970835496392216 -0.000482146721021294 0.01
    vertex 0.003515838912617728 -0.0006443013929114855 0.009999999999999997
    vertex 0.003883767269704208 -0.0009572626571502308 0.01
  endloop
endfacet
facet normal -8.52024e-15 1.06917e-15 1
  outer loop
    vertex 0.003515838912617728 -0.0006443013929114855 0.009999999999999997
    vertex 0.003456722936695215 -0.001115399432428586 0.009999999999999997
    vertex 0.003883767269704208 -0.0009572626571502308 0.01
  endloop
endfacet
facet normal -7.86794e-15 6.81059e-16 1
  outer loop
    vertex 0.003970835496392216 -0.000482146721021294 0.01
    vertex 0.003555017994283535 -0.0001916846415905057 0.009999999999999997
    vertex 0.003515838912617728 -0.0006443013929114855 0.009999999999999997
  endloop
endfacet
facet normal 0 0 1
  outer loop
    vertex -0.001016614080021277 0.003481648137059422 0.009999999999999997
    vertex -0.001012030801210764 0.003041489852973586 0.009999999999999997
    vertex -0.0005989404390805931 0.003283559466780049 0.009999999999999997
  endloop
endfacet
facet normal 0 0 1
  outer loop
    vertex -0.0005989404390805931 0.003283559466780049 0.009999999999999997
    vertex -0.0006671344922915512 0.00364408580663111 0.009999999999999997
    vertex -0.001016614080021277 0.003481648137059422 0.009999999999999997
  endloop
endfacet
facet normal -0 0 1
  outer loop
    vertex -0.001424743136545855 0.003274237614624931 0.009999999999999997
    vertex -0.001012030801210764 0.003041489852973586 0.009999999999999997
    vertex -0.001016614080021277 0.003481648137059422 0.009999999999999997
  endloop
endfacet
facet normal 0 -0 1
  outer loop
    vertex 0.001027935724722697 -0.003456624930873409 0.009999999999999997
    vertex 0.001042520567235881 -0.002993700621091896 0.009999999999999997
    vertex 0.0006225585528993247 -0.00320540189083733 0.009999999999999997
  endloop
endfacet
facet normal 0 0 1
  outer loop
    vertex 0.0006225585528993247 -0.00320540189083733 0.009999999999999997
    vertex 0.0006602365020318746 -0.003603509720181088 0.009999999999999997
    vertex 0.001027935724722697 -0.003456624930873409 0.009999999999999997
  endloop
endfacet
facet normal 0 0 1
  outer loop
    vertex 0.001027935724722697 -0.003456624930873409 0.009999999999999997
    vertex 0.001475088189792053 -0.003292473583253721 0.009999999999999997
    vertex 0.001042520567235881 -0.002993700621091896 0.009999999999999997
  endloop
endfacet
facet normal 0 0 1
  outer loop
    vertex 0.003162027069557819 0.0006228700864281154 0.009999999999999997
    vertex 0.003607477968224465 0.0006682075541430089 0.009999999999999997
    vertex 0.00345041753511648 0.001040023537380262 0.009999999999999997
  endloop
endfacet
facet normal 0 0 1
  outer loop
    vertex 0.00345041753511648 0.001040023537380262 0.009999999999999997
    vertex 0.003055901487376521 0.001088561795355193 0.009999999999999997
    vertex 0.003162027069557819 0.0006228700864281154 0.009999999999999997
  endloop
endfacet
facet normal 0 0 1
  outer loop
    vertex 0.003267376347881976 0.001444323215007373 0.009999999999999997
    vertex 0.003055901487376521 0.001088561795355193 0.009999999999999997
    vertex 0.00345041753511648 0.001040023537380262 0.009999999999999997
  endloop
endfacet
facet normal 0 0 1
  outer loop
    vertex -0.00315283601887734 -0.0006054645711402826 0.009999999999999997
    vertex -0.003587649114560328 -0.0006860941117202598 0.009999999999999997
    vertex -0.003412939586079264 -0.001050048324744338 0.009999999999999997
  endloop
endfacet
facet normal 0 0 1
  outer loop
    vertex -0.003412939586079264 -0.001050048324744338 0.009999999999999997
    vertex -0.003021703204287029 -0.001029176250053616 0.009999999999999997
    vertex -0.00315283601887734 -0.0006054645711402826 0.009999999999999997
  endloop
endfacet
facet normal 0 -0 1
  outer loop
    vertex -0.003174570113589703 -0.001468705997497093 0.009999999999999997
    vertex -0.003021703204287029 -0.001029176250053616 0.009999999999999997
    vertex -0.003412939586079264 -0.001050048324744338 0.009999999999999997
  endloop
endfacet
facet normal 0 0 1
  outer loop
    vertex 0.001473436029568926 0.00327204031329746 0.009999999999999997
    vertex 0.001053577270607999 0.003401698152866355 0.009999999999999997
    vertex 0.001146998146955167 0.002881054442658352 0.009999999999999997
  endloop
endfacet
facet normal 0 0 1
  outer loop
    vertex 0.001146998146955167 0.002881054442658352 0.009999999999999997
    vertex 0.001573202118524408 0.002914422909090822 0.009999999999999997
    vertex 0.001473436029568926 0.00327204031329746 0.009999999999999997
  endloop
endfacet
facet normal 0 0 1
  outer loop
    vertex 0.001473436029568926 0.00327204031329746 0.009999999999999997
    vertex 0.001573202118524408 0.002914422909090822 0.009999999999999997
    vertex 0.001852186297920141 0.003136439548306526 0.009999999999999997
  endloop
endfacet
facet normal -0 0 1
  outer loop
    vertex -0.003211481256751635 0.001429275757763694 0.009999999999999997
    vertex -0.002714499270266698 0.001149178563991874 0.009999999999999997
    vertex -0.002699657683575096 0.001624814653994428 0.009999999999999997
  endloop
endfacet
facet normal 0 0 1
  outer loop
    vertex -0.002699657683575096 0.001624814653994428 0.009999999999999997
    vertex -0.003055121884779449 0.001927907907091124 0.009999999999999997
    vertex -0.003211481256751635 0.001429275757763694 0.009999999999999997
  endloop
endfacet
facet normal 0 -0 1
  outer loop
    vertex -0.003117178173846691 0.0009036583644487001 0.009999999999999997
    vertex -0.002714499270266698 0.001149178563991874 0.009999999999999997
    vertex -0.003211481256751635 0.001429275757763694 0.009999999999999997
  endloop
endfacet
facet normal 0 0 1
  outer loop
    vertex -0.003211481256751635 0.001429275757763694 0.009999999999999997
    vertex -0.00348950054898517 0.001087372347426538 0.009999999999999997
    vertex -0.003117178173846691 0.0009036583644487001 0.009999999999999997
  endloop
endfacet
facet normal 0 0 1
  outer loop
    vertex 0.003087119615345862 -0.001809305386853021 0.009999999999999997
    vertex 0.003084425917284079 -0.001306904350048327 0.009999999999999997
    vertex 0.00271263905998817 -0.001536280925018289 0.009999999999999997
  endloop
endfacet
facet normal 0 0 1
  outer loop
    vertex 0.00271263905998817 -0.001536280925018289 0.009999999999999997
    vertex 0.002661260574456442 -0.001911639132472049 0.009999999999999997
    vertex 0.003087119615345862 -0.001809305386853021 0.009999999999999997
  endloop
endfacet
facet normal 0 -0 1
  outer loop
    vertex 0.003087119615345862 -0.001809305386853021 0.009999999999999997
    vertex 0.003399585090546171 -0.001522614857511806 0.009999999999999997
    vertex 0.003084425917284079 -0.001306904350048327 0.009999999999999997
  endloop
endfacet
facet normal 0 0 1
  outer loop
    vertex 0.003087119615345862 -0.001809305386853021 0.009999999999999997
    vertex 0.002661260574456442 -0.001911639132472049 0.009999999999999997
    vertex 0.002825599583378854 -0.002247644389722751 0.009999999999999997
  endloop
endfacet
facet normal 0 0 1
  outer loop
    vertex -0.001049936378026234 -0.003139897892136731 0.009999999999999997
    vertex -0.001435337343028828 -0.002909405519730334 0.009999999999999997
    vertex -0.001450413954770911 -0.003329818302953902 0.009999999999999997
  endloop
endfacet
facet normal -0 0 1
  outer loop
    vertex -0.001450413954770911 -0.003329818302953902 0.009999999999999997
    vertex -0.001108251744073476 -0.003519849129499546 0.009999999999999997
    vertex -0.001049936378026234 -0.003139897892136731 0.009999999999999997
  endloop
endfacet
facet normal 0 -0 1
  outer loop
    vertex -0.001450413954770911 -0.003329818302953902 0.009999999999999997
    vertex -0.001435337343028828 -0.002909405519730334 0.009999999999999997
    vertex -0.001835542701274505 -0.003092395028676738 0.009999999999999997
  endloop
endfacet
facet normal -0 0 1
  outer loop
    vertex -0.002623138040911326 0.002527271427640922 0.009999999999999997
    vertex -0.002242104787782206 0.002312712828319233 0.009999999999999997
    vertex -0.002244972533779544 0.002786973361536236 0.009999999999999997
  endloop
endfacet
facet normal 0 0 1
  outer loop
    vertex -0.002637426733701966 0.002072276715945017 0.009999999999999997
    vertex -0.002242104787782206 0.002312712828319233 0.009999999999999997
    vertex -0.002623138040911326 0.002527271427640922 0.009999999999999997
  endloop
endfacet
facet normal 0 0 1
  outer loop
    vertex -0.002623138040911326 0.002527271427640922 0.009999999999999997
    vertex -0.002920333023130354 0.002290441134112974 0.009999999999999997
    vertex -0.002637426733701966 0.002072276715945017 0.009999999999999997
  endloop
endfacet
facet normal -0 0 1
  outer loop
    vertex 0.001992932519687563 0.002386412244229771 0.009999999999999997
    vertex 0.002329305324591014 0.00207278168539825 0.009999999999999997
    vertex 0.00250726905556177 0.002518683980638792 0.009999999999999997
  endloop
endfacet
facet normal 0 0 1
  outer loop
    vertex 0.00250726905556177 0.002518683980638792 0.009999999999999997
    vertex 0.002216006924059204 0.002850455267816549 0.009999999999999997
    vertex 0.001992932519687563 0.002386412244229771 0.009999999999999997
  endloop
endfacet
facet normal 0 0 1
  outer loop
    vertex 0.002329305324591014 0.00207278168539825 0.009999999999999997
    vertex 0.002806408979060464 0.00219815334429218 0.009999999999999997
    vertex 0.00250726905556177 0.002518683980638792 0.009999999999999997
  endloop
endfacet
facet normal 0 0 1
  outer loop
    vertex 0.003134487892566828 -0.0003748778391288024 0.009999999999999997
    vertex 0.003106590331977997 -0.0008309496509488047 0.009999999999999997
    vertex 0.003515838912617728 -0.0006443013929114855 0.009999999999999997
  endloop
endfacet
facet normal 0 -0 1
  outer loop
    vertex 0.003515838912617728 -0.0006443013929114855 0.009999999999999997
    vertex 0.003555017994283535 -0.0001916846415905057 0.009999999999999997
    vertex 0.003134487892566828 -0.0003748778391288024 0.009999999999999997
  endloop
endfacet
facet normal -0 0 1
  outer loop
    vertex 0.003106590331977997 -0.0008309496509488047 0.009999999999999997
    vertex 0.003456722936695215 -0.001115399432428586 0.009999999999999997
    vertex 0.003515838912617728 -0.0006443013929114855 0.009999999999999997
  endloop
endfacet
facet normal 0 0 1
  outer loop
    vertex 0.000186396433389735 0.003568030482604037 0.009999999999999997
    vertex -0.0002807085641843631 0.003600618663219656 0.009999999999999997
    vertex -0.000119287029281998 0.003123721714870938 0.009999999999999997
  endloop
endfacet
facet normal 0 0 1
  outer loop
    vertex -0.000119287029281998 0.003123721714870938 0.009999999999999997
    vertex 0.0003044930676906808 0.003192666563151028 0.009999999999999997
    vertex 0.000186396433389735 0.003568030482604037 0.009999999999999997
  endloop
endfacet
facet normal 0 0 1
  outer loop
    vertex 0.000186396433389735 0.003568030482604037 0.009999999999999997
    vertex 0.0003044930676906808 0.003192666563151028 0.009999999999999997
    vertex 0.0006092312667680694 0.003513732241012332 0.009999999999999997
  endloop
endfacet
facet normal 0 -0 1
  outer loop
    vertex -0.003128771261605365 -6.806198819816183e-05 0.009999999999999997
    vertex -0.003120590446758741 0.0004206424379453957 0.009999999999999997
    vertex -0.003554632439011813 0.0002081103383669103 0.009999999999999997
  endloop
endfacet
facet normal 0 0 1
  outer loop
    vertex -0.003554632439011813 0.0002081103383669103 0.009999999999999997
    vertex -0.003564179328452835 -0.0002743994007506028 0.009999999999999997
    vertex -0.003128771261605365 -6.806198819816183e-05 0.009999999999999997
  endloop
endfacet
facet normal 0 0 1
  outer loop
    vertex -0.003120590446758741 0.0004206424379453957 0.009999999999999997
    vertex -0.003517098171531787 0.0006731983195017521 0.009999999999999997
    vertex -0.003554632439011813 0.0002081103383669103 0.009999999999999997
  endloop
endfacet
facet normal 0 0 1
  outer loop
    vertex -0.00233411714138639 -0.001977163621747763 0.009999999999999997
    vertex -0.002716287701057144 -0.001737848164115757 0.009999999999999997
    vertex -0.002804047442951482 -0.002168840779578067 0.009999999999999997
  endloop
endfacet
facet normal -0 0 1
  outer loop
    vertex -0.002804047442951482 -0.002168840779578067 0.009999999999999997
    vertex -0.002443553925201617 -0.002442973697292102 0.009999999999999997
    vertex -0.00233411714138639 -0.001977163621747763 0.009999999999999997
  endloop
endfacet
facet normal 0 0 1
  outer loop
    vertex -0.002716287701057144 -0.001737848164115757 0.009999999999999997
    vertex -0.003105732964757159 -0.001901309323258123 0.009999999999999997
    vertex -0.002804047442951482 -0.002168840779578067 0.009999999999999997
  endloop
endfacet
facet normal 0 0 1
  outer loop
    vertex 0.0002112788543658285 -0.003500919013098274 0.009999999999999997
    vertex -0.0002572244457552366 -0.003153697116790697 0.009999999999999997
    vertex -0.0002297143715765962 -0.003590236328867415 0.009999999999999997
  endloop
endfacet
facet normal 0 0 1
  outer loop
    vertex -0.0002297143715765962 -0.003590236328867415 0.009999999999999997
    vertex -0.0002572244457552366 -0.003153697116790697 0.009999999999999997
    vertex -0.0006744317315658988 -0.003461927340146304 0.009999999999999997
  endloop
endfacet
facet normal 0 0 1
  outer loop
    vertex 0.002337337339868128 -0.002258270684779967 0.009999999999999997
    vertex 0.001867807510182054 -0.002493939600189577 0.009999999999999997
    vertex 0.002226424859038262 -0.002793736629096783 0.009999999999999997
  endloop
endfacet
facet normal 0 0 1
  outer loop
    vertex 0.002226424859038262 -0.002793736629096783 0.009999999999999997
    vertex 0.002607179081586566 -0.002589237065849418 0.009999999999999997
    vertex 0.002337337339868128 -0.002258270684779967 0.009999999999999997
  endloop
endfacet
facet normal 0 0 1
  outer loop
    vertex 0.001867807510182054 -0.002493939600189577 0.009999999999999997
    vertex 0.001836606033468493 -0.003019575547585774 0.009999999999999997
    vertex 0.002226424859038262 -0.002793736629096783 0.009999999999999997
  endloop
endfacet
facet normal -0 0 1
  outer loop
    vertex -0.002244972533779544 0.002786973361536236 0.009999999999999997
    vertex -0.001839483986840858 0.002562807441305846 0.009999999999999997
    vertex -0.001849165928025635 0.003058894067308277 0.009999999999999997
  endloop
endfacet
facet normal 0 -0 1
  outer loop
    vertex -0.001839483986840858 0.002562807441305846 0.009999999999999997
    vertex -0.001430613200138178 0.002823227531949078 0.009999999999999997
    vertex -0.001849165928025635 0.003058894067308277 0.009999999999999997
  endloop
endfacet
facet normal 0 -0 1
  outer loop
    vertex -0.001430613200138178 0.002823227531949078 0.009999999999999997
    vertex -0.001424743136545855 0.003274237614624931 0.009999999999999997
    vertex -0.001849165928025635 0.003058894067308277 0.009999999999999997
  endloop
endfacet
facet normal 0 0 1
  outer loop
    vertex 0.002775352872780997 0.001403148228722181 0.009999999999999997
    vertex 0.003267376347881976 0.001444323215007373 0.009999999999999997
    vertex 0.003062259810575247 0.001843734386319089 0.009999999999999997
  endloop
endfacet
facet normal 0 0 1
  outer loop
    vertex 0.003062259810575247 0.001843734386319089 0.009999999999999997
    vertex 0.002653641227375724 0.001828970393509146 0.009999999999999997
    vertex 0.002775352872780997 0.001403148228722181 0.009999999999999997
  endloop
endfacet
facet normal 0 0 1
  outer loop
    vertex 0.002806408979060464 0.00219815334429218 0.009999999999999997
    vertex 0.002653641227375724 0.001828970393509146 0.009999999999999997
    vertex 0.003062259810575247 0.001843734386319089 0.009999999999999997
  endloop
endfacet
facet normal 0 0 1
  outer loop
    vertex 0.003162027069557819 0.0006228700864281154 0.009999999999999997
    vertex 0.003138603193772838 0.0001124833347834016 0.009999999999999997
    vertex 0.003570342470351605 0.0002387347687351465 0.009999999999999997
  endloop
endfacet
facet normal 0 -0 1
  outer loop
    vertex 0.003570342470351605 0.0002387347687351465 0.009999999999999997
    vertex 0.003607477968224465 0.0006682075541430089 0.009999999999999997
    vertex 0.003162027069557819 0.0006228700864281154 0.009999999999999997
  endloop
endfacet
facet normal -0 0 1
  outer loop
    vertex 0.003138603193772838 0.0001124833347834016 0.009999999999999997
    vertex 0.003555017994283535 -0.0001916846415905057 0.009999999999999997
    vertex 0.003570342470351605 0.0002387347687351465 0.009999999999999997
  endloop
endfacet
facet normal 0 0 1
  outer loop
    vertex -0.001940282586616059 -0.002309762147624449 0.009999999999999997
    vertex -0.002443553925201617 -0.002442973697292102 0.009999999999999997
    vertex -0.002204392362556855 -0.002813698963337352 0.009999999999999997
  endloop
endfacet
facet normal 0 0 1
  outer loop
    vertex -0.002204392362556855 -0.002813698963337352 0.009999999999999997
    vertex -0.001782526178516054 -0.002710648217813935 0.009999999999999997
    vertex -0.001940282586616059 -0.002309762147624449 0.009999999999999997
  endloop
endfacet
facet normal 0 -0 1
  outer loop
    vertex -0.001835542701274505 -0.003092395028676738 0.009999999999999997
    vertex -0.001782526178516054 -0.002710648217813935 0.009999999999999997
    vertex -0.002204392362556855 -0.002813698963337352 0.009999999999999997
  endloop
endfacet
facet normal 0 0 1
  outer loop
    vertex -0.002244972533779544 0.002786973361536236 0.009999999999999997
    vertex -0.002242104787782206 0.002312712828319233 0.009999999999999997
    vertex -0.001839483986840858 0.002562807441305846 0.009999999999999997
  endloop
endfacet
facet normal -0 0 1
  outer loop
    vertex -0.001839483986840858 0.002562807441305846 0.009999999999999997
    vertex -0.001432096189888658 0.00233726902280142 0.009999999999999997
    vertex -0.001430613200138178 0.002823227531949078 0.009999999999999997
  endloop
endfacet
facet normal 0 0 1
  outer loop
    vertex -0.001839483986840858 0.002562807441305846 0.009999999999999997
    vertex -0.001844353919539761 0.002084181804893592 0.009999999999999997
    vertex -0.001432096189888658 0.00233726902280142 0.009999999999999997
  endloop
endfacet
facet normal 0 0 1
  outer loop
    vertex -0.001839483986840858 0.002562807441305846 0.009999999999999997
    vertex -0.002242104787782206 0.002312712828319233 0.009999999999999997
    vertex -0.001844353919539761 0.002084181804893592 0.009999999999999997
  endloop
endfacet
facet normal 0 0 1
  outer loop
    vertex -0.001432096189888658 0.00233726902280142 0.009999999999999997
    vertex -0.001007569245934005 0.002568274987142005 0.009999999999999997
    vertex -0.001430613200138178 0.002823227531949078 0.009999999999999997
  endloop
endfacet
facet normal 0 0 1
  outer loop
    vertex -0.001007569245934005 0.002568274987142005 0.009999999999999997
    vertex -0.001012030801210764 0.003041489852973586 0.009999999999999997
    vertex -0.001430613200138178 0.002823227531949078 0.009999999999999997
  endloop
endfacet
facet normal 0 0 1
  outer loop
    vertex -0.001430613200138178 0.002823227531949078 0.009999999999999997
    vertex -0.001012030801210764 0.003041489852973586 0.009999999999999997
    vertex -0.001424743136545855 0.003274237614624931 0.009999999999999997
  endloop
endfacet
facet normal -0 0 1
  outer loop
    vertex -0.001432096189888658 0.00233726902280142 0.009999999999999997
    vertex -0.001015830854091373 0.002093960040754623 0.009999999999999997
    vertex -0.001007569245934005 0.002568274987142005 0.009999999999999997
  endloop
endfacet
facet normal 0 0 1
  outer loop
    vertex -0.001432096189888658 0.00233726902280142 0.009999999999999997
    vertex -0.001436903750874201 0.001857375416480575 0.009999999999999997
    vertex -0.001015830854091373 0.002093960040754623 0.009999999999999997
  endloop
endfacet
facet normal 0 0 1
  outer loop
    vertex -0.001432096189888658 0.00233726902280142 0.009999999999999997
    vertex -0.001844353919539761 0.002084181804893592 0.009999999999999997
    vertex -0.001436903750874201 0.001857375416480575 0.009999999999999997
  endloop
endfacet
facet normal 0 0 1
  outer loop
    vertex -0.001015830854091373 0.002093960040754623 0.009999999999999997
    vertex -0.0005955645848503531 0.002332148183635996 0.009999999999999997
    vertex -0.001007569245934005 0.002568274987142005 0.009999999999999997
  endloop
endfacet
facet normal -0 0 1
  outer loop
    vertex -0.001007569245934005 0.002568274987142005 0.009999999999999997
    vertex -0.0005955645848503531 0.002332148183635996 0.009999999999999997
    vertex -0.0005937047055446779 0.002817991380286027 0.009999999999999997
  endloop
endfacet
facet normal 0 0 1
  outer loop
    vertex -0.0005937047055446779 0.002817991380286027 0.009999999999999997
    vertex -0.001012030801210764 0.003041489852973586 0.009999999999999997
    vertex -0.001007569245934005 0.002568274987142005 0.009999999999999997
  endloop
endfacet
facet normal -0 0 1
  outer loop
    vertex -0.001436903750874201 0.001857375416480575 0.009999999999999997
    vertex -0.001020284956095823 0.001612914842312561 0.009999999999999997
    vertex -0.001015830854091373 0.002093960040754623 0.009999999999999997
  endloop
endfacet
facet normal 0 0 1
  outer loop
    vertex -0.001020284956095823 0.001612914842312561 0.009999999999999997
    vertex -0.0006002714140392901 0.00185146715517572 0.009999999999999997
    vertex -0.001015830854091373 0.002093960040754623 0.009999999999999997
  endloop
endfacet
facet normal 0 -0 1
  outer loop
    vertex -0.0006002714140392901 0.00185146715517572 0.009999999999999997
    vertex -0.0005955645848503531 0.002332148183635996 0.009999999999999997
    vertex -0.001015830854091373 0.002093960040754623 0.009999999999999997
  endloop
endfacet
facet normal 0 0 1
  outer loop
    vertex -0.001436903750874201 0.001857375416480575 0.009999999999999997
    vertex -0.001440284458458696 0.001374201873143704 0.009999999999999997
    vertex -0.001020284956095823 0.001612914842312561 0.009999999999999997
  endloop
endfacet
facet normal 0 0 1
  outer loop
    vertex -0.001844353919539761 0.002084181804893592 0.009999999999999997
    vertex -0.001855952323102583 0.001616234226370982 0.009999999999999997
    vertex -0.001436903750874201 0.001857375416480575 0.009999999999999997
  endloop
endfacet
facet normal -0 0 1
  outer loop
    vertex -0.001855952323102583 0.001616234226370982 0.009999999999999997
    vertex -0.001440284458458696 0.001374201873143704 0.009999999999999997
    vertex -0.001436903750874201 0.001857375416480575 0.009999999999999997
  endloop
endfacet
facet normal -0 0 1
  outer loop
    vertex -0.001020284956095823 0.001612914842312561 0.009999999999999997
    vertex -0.0006039415288158833 0.001368943590515803 0.009999999999999997
    vertex -0.0006002714140392901 0.00185146715517572 0.009999999999999997
  endloop
endfacet
facet normal 0 0 1
  outer loop
    vertex -0.001020284956095823 0.001612914842312561 0.009999999999999997
    vertex -0.001023909725822557 0.00113030979820048 0.009999999999999997
    vertex -0.0006039415288158833 0.001368943590515803 0.009999999999999997
  endloop
endfacet
facet normal 0 0 1
  outer loop
    vertex -0.001020284956095823 0.001612914842312561 0.009999999999999997
    vertex -0.001440284458458696 0.001374201873143704 0.009999999999999997
    vertex -0.001023909725822557 0.00113030979820048 0.009999999999999997
  endloop
endfacet
facet normal 0 0 1
  outer loop
    vertex -0.0006039415288158833 0.001368943590515803 0.009999999999999997
    vertex -0.0001838883422034379 0.001607414061565179 0.009999999999999997
    vertex -0.0006002714140392901 0.00185146715517572 0.009999999999999997
  endloop
endfacet
facet normal 0 0 1
  outer loop
    vertex -0.0006002714140392901 0.00185146715517572 0.009999999999999997
    vertex -0.0001803692263320518 0.002090241467397001 0.009999999999999997
    vertex -0.0005955645848503531 0.002332148183635996 0.009999999999999997
  endloop
endfacet
facet normal 0 -0 1
  outer loop
    vertex -0.0001838883422034379 0.001607414061565179 0.009999999999999997
    vertex -0.0001803692263320518 0.002090241467397001 0.009999999999999997
    vertex -0.0006002714140392901 0.00185146715517572 0.009999999999999997
  endloop
endfacet
facet normal -0 0 1
  outer loop
    vertex -0.001023909725822557 0.00113030979820048 0.009999999999999997
    vertex -0.0006073468002401211 0.0008859141840133312 0.009999999999999997
    vertex -0.0006039415288158833 0.001368943590515803 0.009999999999999997
  endloop
endfacet
facet normal 0 0 1
  outer loop
    vertex -0.0006073468002401211 0.0008859141840133312 0.009999999999999997
    vertex -0.0001873424739161302 0.00112447832748003 0.009999999999999997
    vertex -0.0006039415288158833 0.001368943590515803 0.009999999999999997
  endloop
endfacet
facet normal 0 -0 1
  outer loop
    vertex -0.0001873424739161302 0.00112447832748003 0.009999999999999997
    vertex -0.0001838883422034379 0.001607414061565179 0.009999999999999997
    vertex -0.0006039415288158833 0.001368943590515803 0.009999999999999997
  endloop
endfacet
facet normal 0 0 1
  outer loop
    vertex -0.001023909725822557 0.00113030979820048 0.009999999999999997
    vertex -0.001027355595486619 0.0006473586496610435 0.009999999999999997
    vertex -0.0006073468002401211 0.0008859141840133312 0.009999999999999997
  endloop
endfacet
facet normal 0 0 1
  outer loop
    vertex -0.001440284458458696 0.001374201873143704 0.009999999999999997
    vertex -0.001443931697186515 0.0008917527294598004 0.009999999999999997
    vertex -0.001023909725822557 0.00113030979820048 0.009999999999999997
  endloop
endfacet
facet normal 0 0 1
  outer loop
    vertex -0.001023909725822557 0.00113030979820048 0.009999999999999997
    vertex -0.001443931697186515 0.0008917527294598004 0.009999999999999997
    vertex -0.001027355595486619 0.0006473586496610435 0.009999999999999997
  endloop
endfacet
facet normal -0 0 1
  outer loop
    vertex -0.0006073468002401211 0.0008859141840133312 0.009999999999999997
    vertex -0.0001907545174756742 0.00064146198201983 0.009999999999999997
    vertex -0.0001873424739161302 0.00112447832748003 0.009999999999999997
  endloop
endfacet
facet normal 0 0 1
  outer loop
    vertex -0.0006073468002401211 0.0008859141840133312 0.009999999999999997
    vertex -0.0006107646799908431 0.0004029090677027859 0.009999999999999997
    vertex -0.0001907545174756742 0.00064146198201983 0.009999999999999997
  endloop
endfacet
facet normal 0 0 1
  outer loop
    vertex -0.0006073468002401211 0.0008859141840133312 0.009999999999999997
    vertex -0.001027355595486619 0.0006473586496610435 0.009999999999999997
    vertex -0.0006107646799908431 0.0004029090677027859 0.009999999999999997
  endloop
endfacet
facet normal 0 0 1
  outer loop
    vertex -0.0001907545174756742 0.00064146198201983 0.009999999999999997
    vertex 0.0002292547871579452 0.0008800165529770799 0.009999999999999997
    vertex -0.0001873424739161302 0.00112447832748003 0.009999999999999997
  endloop
endfacet
facet normal 0 0 1
  outer loop
    vertex -0.0001873424739161302 0.00112447832748003 0.009999999999999997
    vertex 0.0002326739994248115 0.001363019135533879 0.009999999999999997
    vertex -0.0001838883422034379 0.001607414061565179 0.009999999999999997
  endloop
endfacet
facet normal 0 -0 1
  outer loop
    vertex 0.0002292547871579452 0.0008800165529770799 0.009999999999999997
    vertex 0.0002326739994248115 0.001363019135533879 0.009999999999999997
    vertex -0.0001873424739161302 0.00112447832748003 0.009999999999999997
  endloop
endfacet
facet normal -0 0 1
  outer loop
    vertex -0.0006107646799908431 0.0004029090677027859 0.009999999999999997
    vertex -0.0001941681437223244 0.0001584486695077119 0.009999999999999997
    vertex -0.0001907545174756742 0.00064146198201983 0.009999999999999997
  endloop
endfacet
facet normal 0 0 1
  outer loop
    vertex -0.0001941681437223244 0.0001584486695077119 0.009999999999999997
    vertex 0.0002258422809103607 0.0003970010822837137 0.009999999999999997
    vertex -0.0001907545174756742 0.00064146198201983 0.009999999999999997
  endloop
endfacet
facet normal 0 -0 1
  outer loop
    vertex 0.0002258422809103607 0.0003970010822837137 0.009999999999999997
    vertex 0.0002292547871579452 0.0008800165529770799 0.009999999999999997
    vertex -0.0001907545174756742 0.00064146198201983 0.009999999999999997
  endloop
endfacet
facet normal 0 0 1
  outer loop
    vertex -0.0006107646799908431 0.0004029090677027859 0.009999999999999997
    vertex -0.0006141781102674094 -8.010462736934581e-05 0.009999999999999997
    vertex -0.0001941681437223244 0.0001584486695077119 0.009999999999999997
  endloop
endfacet
facet normal 0 0 1
  outer loop
    vertex -0.001027355595486619 0.0006473586496610435 0.009999999999999997
    vertex -0.001030774590774108 0.0001643556697796995 0.009999999999999997
    vertex -0.0006107646799908431 0.0004029090677027859 0.009999999999999997
  endloop
endfacet
facet normal 0 0 1
  outer loop
    vertex -0.0006107646799908431 0.0004029090677027859 0.009999999999999997
    vertex -0.001030774590774108 0.0001643556697796995 0.009999999999999997
    vertex -0.0006141781102674094 -8.010462736934581e-05 0.009999999999999997
  endloop
endfacet
facet normal -0 0 1
  outer loop
    vertex -0.0001941681437223244 0.0001584486695077119 0.009999999999999997
    vertex 0.0002224298201697174 -8.601448134303084e-05 0.009999999999999997
    vertex 0.0002258422809103607 0.0003970010822837137 0.009999999999999997
  endloop
endfacet
facet normal 0 0 1
  outer loop
    vertex -0.0001941681437223244 0.0001584486695077119 0.009999999999999997
    vertex -0.0001975804103922054 -0.0003245672690633676 0.009999999999999997
    vertex 0.0002224298201697174 -8.601448134303084e-05 0.009999999999999997
  endloop
endfacet
facet normal 0 0 1
  outer loop
    vertex -0.0001941681437223244 0.0001584486695077119 0.009999999999999997
    vertex -0.0006141781102674094 -8.010462736934581e-05 0.009999999999999997
    vertex -0.0001975804103922054 -0.0003245672690633676 0.009999999999999997
  endloop
endfacet
facet normal 0 0 1
  outer loop
    vertex 0.0002224298201697174 -8.601448134303084e-05 0.009999999999999997
    vertex 0.0006424400256678016 0.0001525383547909451 0.009999999999999997
    vertex 0.0002258422809103607 0.0003970010822837137 0.009999999999999997
  endloop
endfacet
facet normal 0 -0 1
  outer loop
    vertex 0.0006424400256678016 0.0001525383547909451 0.009999999999999997
    vertex 0.0006458522994589696 0.0006355542794919933 0.009999999999999997
    vertex 0.0002258422809103607 0.0003970010822837137 0.009999999999999997
  endloop
endfacet
facet normal 0 0 1
  outer loop
    vertex 0.0006458522994589696 0.0006355542794919933 0.009999999999999997
    vertex 0.0002292547871579452 0.0008800165529770799 0.009999999999999997
    vertex 0.0002258422809103607 0.0003970010822837137 0.009999999999999997
  endloop
endfacet
facet normal -0 0 1
  outer loop
    vertex -0.0001975804103922054 -0.0003245672690633676 0.009999999999999997
    vertex 0.0002190175169939768 -0.0005690303493790855 0.009999999999999997
    vertex 0.0002224298201697174 -8.601448134303084e-05 0.009999999999999997
  endloop
endfacet
facet normal 0 0 1
  outer loop
    vertex 0.0002190175169939768 -0.0005690303493790855 0.009999999999999997
    vertex 0.0006390277208333134 -0.0003304775100312528 0.009999999999999997
    vertex 0.0002224298201697174 -8.601448134303084e-05 0.009999999999999997
  endloop
endfacet
facet normal -0 0 1
  outer loop
    vertex 0.0002224298201697174 -8.601448134303084e-05 0.009999999999999997
    vertex 0.0006390277208333134 -0.0003304775100312528 0.009999999999999997
    vertex 0.0006424400256678016 0.0001525383547909451 0.009999999999999997
  endloop
endfacet
facet normal 0 0 1
  outer loop
    vertex -0.0001975804103922054 -0.0003245672690633676 0.009999999999999997
    vertex -0.0002009926873013672 -0.0008075831878486779 0.009999999999999997
    vertex 0.0002190175169939768 -0.0005690303493790855 0.009999999999999997
  endloop
endfacet
facet normal 0 0 1
  outer loop
    vertex -0.0001975804103922054 -0.0003245672690633676 0.009999999999999997
    vertex -0.0006175905756110046 -0.0005631201828680556 0.009999999999999997
    vertex -0.0002009926873013672 -0.0008075831878486779 0.009999999999999997
  endloop
endfacet
facet normal 0 0 1
  outer loop
    vertex -0.0006141781102674094 -8.010462736934581e-05 0.009999999999999997
    vertex -0.0006175905756110046 -0.0005631201828680556 0.009999999999999997
    vertex -0.0001975804103922054 -0.0003245672690633676 0.009999999999999997
  endloop
endfacet
facet normal -0 0 1
  outer loop
    vertex -0.0002009926873013672 -0.0008075831878486779 0.009999999999999997
    vertex 0.0002156052383713623 -0.001052046264852423 0.009999999999999997
    vertex 0.0002190175169939768 -0.0005690303493790855 0.009999999999999997
  endloop
endfacet
facet normal 0 0 1
  outer loop
    vertex 0.0002156052383713623 -0.001052046264852423 0.009999999999999997
    vertex 0.0006356154375211783 -0.0008134934164407175 0.009999999999999997
    vertex 0.0002190175169939768 -0.0005690303493790855 0.009999999999999997
  endloop
endfacet
facet normal 0 -0 1
  outer loop
    vertex 0.0006356154375211783 -0.0008134934164407175 0.009999999999999997
    vertex 0.0006390277208333134 -0.0003304775100312528 0.009999999999999997
    vertex 0.0002190175169939768 -0.0005690303493790855 0.009999999999999997
  endloop
endfacet
facet normal 0 0 1
  outer loop
    vertex 0.0006424400256678016 0.0001525383547909451 0.009999999999999997
    vertex 0.001062450195833247 0.0003910912591697257 0.009999999999999997
    vertex 0.0006458522994589696 0.0006355542794919933 0.009999999999999997
  endloop
endfacet
facet normal -0 0 1
  outer loop
    vertex 0.0006424400256678016 0.0001525383547909451 0.009999999999999997
    vertex 0.00105903791793618 -9.192465767553324e-05 0.009999999999999997
    vertex 0.001062450195833247 0.0003910912591697257 0.009999999999999997
  endloop
endfacet
facet normal 0 0 1
  outer loop
    vertex 0.0006424400256678016 0.0001525383547909451 0.009999999999999997
    vertex 0.0006390277208333134 -0.0003304775100312528 0.009999999999999997
    vertex 0.00105903791793618 -9.192465767553324e-05 0.009999999999999997
  endloop
endfacet
facet normal 0 0 1
  outer loop
    vertex -0.0002009926873013672 -0.0008075831878486779 0.009999999999999997
    vertex -0.0002044049618207595 -0.001290599111239274 0.009999999999999997
    vertex 0.0002156052383713623 -0.001052046264852423 0.009999999999999997
  endloop
endfacet
facet normal 0 0 1
  outer loop
    vertex -0.0002009926873013672 -0.0008075831878486779 0.009999999999999997
    vertex -0.0006210028883202171 -0.001046136032642789 0.009999999999999997
    vertex -0.0002044049618207595 -0.001290599111239274 0.009999999999999997
  endloop
endfacet
facet normal 0 0 1
  outer loop
    vertex -0.0002009926873013672 -0.0008075831878486779 0.009999999999999997
    vertex -0.0006175905756110046 -0.0005631201828680556 0.009999999999999997
    vertex -0.0006210028883202171 -0.001046136032642789 0.009999999999999997
  endloop
endfacet
facet normal -0 0 1
  outer loop
    vertex -0.0002044049618207595 -0.001290599111239274 0.009999999999999997
    vertex 0.000212192964239666 -0.001535062188998618 0.009999999999999997
    vertex 0.0002156052383713623 -0.001052046264852423 0.009999999999999997
  endloop
endfacet
facet normal 0 0 1
  outer loop
    vertex 0.000212192964239666 -0.001535062188998618 0.009999999999999997
    vertex 0.0006322031633309973 -0.001296509340479558 0.009999999999999997
    vertex 0.0002156052383713623 -0.001052046264852423 0.009999999999999997
  endloop
endfacet
facet normal -0 0 1
  outer loop
    vertex 0.0002156052383713623 -0.001052046264852423 0.009999999999999997
    vertex 0.0006322031633309973 -0.001296509340479558 0.009999999999999997
    vertex 0.0006356154375211783 -0.0008134934164407175 0.009999999999999997
  endloop
endfacet
facet normal 0 0 1
  outer loop
    vertex -0.0006210028883202171 -0.001046136032642789 0.009999999999999997
    vertex -0.0006244151614808815 -0.001529151958654438 0.009999999999999997
    vertex -0.0002044049618207595 -0.001290599111239274 0.009999999999999997
  endloop
endfacet
facet normal 0 0 1
  outer loop
    vertex -0.0002044049618207595 -0.001290599111239274 0.009999999999999997
    vertex -0.0002078172352039732 -0.001773615036830943 0.009999999999999997
    vertex 0.000212192964239666 -0.001535062188998618 0.009999999999999997
  endloop
endfacet
facet normal 0 0 1
  outer loop
    vertex -0.0002044049618207595 -0.001290599111239274 0.009999999999999997
    vertex -0.0006244151614808815 -0.001529151958654438 0.009999999999999997
    vertex -0.0002078172352039732 -0.001773615036830943 0.009999999999999997
  endloop
endfacet
facet normal 0 0 1
  outer loop
    vertex -0.0006175905756110046 -0.0005631201828680556 0.009999999999999997
    vertex -0.001037600800731385 -0.0008016729811892479 0.009999999999999997
    vertex -0.0006210028883202171 -0.001046136032642789 0.009999999999999997
  endloop
endfacet
facet normal 0 0 1
  outer loop
    vertex -0.0006210028883202171 -0.001046136032642789 0.009999999999999997
    vertex -0.001041013087915267 -0.0012846888801758 0.009999999999999997
    vertex -0.0006244151614808815 -0.001529151958654438 0.009999999999999997
  endloop
endfacet
facet normal 0 0 1
  outer loop
    vertex -0.0006210028883202171 -0.001046136032642789 0.009999999999999997
    vertex -0.001037600800731385 -0.0008016729811892479 0.009999999999999997
    vertex -0.001041013087915267 -0.0012846888801758 0.009999999999999997
  endloop
endfacet
facet normal 0 -0 1
  outer loop
    vertex 0.001062450195833247 0.0003910912591697257 0.009999999999999997
    vertex 0.001065862463891553 0.0008741071950307796 0.009999999999999997
    vertex 0.0006458522994589696 0.0006355542794919933 0.009999999999999997
  endloop
endfacet
facet normal 0 0 1
  outer loop
    vertex 0.001065862463891553 0.0008741071950307796 0.009999999999999997
    vertex 0.0006492645360324341 0.001118570275185764 0.009999999999999997
    vertex 0.0006458522994589696 0.0006355542794919933 0.009999999999999997
  endloop
endfacet
facet normal 0 0 1
  outer loop
    vertex 0.0006492645360324341 0.001118570275185764 0.009999999999999997
    vertex 0.0002292547871579452 0.0008800165529770799 0.009999999999999997
    vertex 0.0006458522994589696 0.0006355542794919933 0.009999999999999997
  endloop
endfacet
facet normal 0 0 1
  outer loop
    vertex 0.001062450195833247 0.0003910912591697257 0.009999999999999997
    vertex 0.001482389195438859 0.0006296446292600577 0.009999999999999997
    vertex 0.001065862463891553 0.0008741071950307796 0.009999999999999997
  endloop
endfacet
facet normal 0 0 1
  outer loop
    vertex 0.00105903791793618 -9.192465767553324e-05 0.009999999999999997
    vertex 0.001479048111495467 0.0001466282015244304 0.009999999999999997
    vertex 0.001062450195833247 0.0003910912591697257 0.009999999999999997
  endloop
endfacet
facet normal 0 -0 1
  outer loop
    vertex 0.001479048111495467 0.0001466282015244304 0.009999999999999997
    vertex 0.001482389195438859 0.0006296446292600577 0.009999999999999997
    vertex 0.001062450195833247 0.0003910912591697257 0.009999999999999997
  endloop
endfacet
facet normal 0 -0 1
  outer loop
    vertex 0.001065862463891553 0.0008741071950307796 0.009999999999999997
    vertex 0.001069274726882787 0.001357123140700089 0.009999999999999997
    vertex 0.0006492645360324341 0.001118570275185764 0.009999999999999997
  endloop
endfacet
facet normal 0 0 1
  outer loop
    vertex 0.001065862463891553 0.0008741071950307796 0.009999999999999997
    vertex 0.001485789600917095 0.001112660644318816 0.009999999999999997
    vertex 0.001069274726882787 0.001357123140700089 0.009999999999999997
  endloop
endfacet
facet normal 0 -0 1
  outer loop
    vertex 0.001482389195438859 0.0006296446292600577 0.009999999999999997
    vertex 0.001485789600917095 0.001112660644318816 0.009999999999999997
    vertex 0.001065862463891553 0.0008741071950307796 0.009999999999999997
  endloop
endfacet
facet normal -0 0 1
  outer loop
    vertex 0.00105903791793618 -9.192465767553324e-05 0.009999999999999997
    vertex 0.001475635836813296 -0.0003363877215413675 0.009999999999999997
    vertex 0.001479048111495467 0.0001466282015244304 0.009999999999999997
  endloop
endfacet
facet normal 0 0 1
  outer loop
    vertex 0.00105903791793618 -9.192465767553324e-05 0.009999999999999997
    vertex 0.001055625637480885 -0.0005749405695922597 0.009999999999999997
    vertex 0.001475635836813296 -0.0003363877215413675 0.009999999999999997
  endloop
endfacet
facet normal -0 0 1
  outer loop
    vertex 0.0006390277208333134 -0.0003304775100312528 0.009999999999999997
    vertex 0.001055625637480885 -0.0005749405695922597 0.009999999999999997
    vertex 0.00105903791793618 -9.192465767553324e-05 0.009999999999999997
  endloop
endfacet
facet normal 0 0 1
  outer loop
    vertex 0.001475635836813296 -0.0003363877215413675 0.009999999999999997
    vertex 0.001895646034807146 -9.78348709079139e-05 0.009999999999999997
    vertex 0.001479048111495467 0.0001466282015244304 0.009999999999999997
  endloop
endfacet
facet normal 0 -0 1
  outer loop
    vertex 0.001895646034807146 -9.78348709079139e-05 0.009999999999999997
    vertex 0.001899058307503564 0.0003851810559956741 0.009999999999999997
    vertex 0.001479048111495467 0.0001466282015244304 0.009999999999999997
  endloop
endfacet
facet normal 0 0 1
  outer loop
    vertex 0.001899058307503564 0.0003851810559956741 0.009999999999999997
    vertex 0.001482389195438859 0.0006296446292600577 0.009999999999999997
    vertex 0.001479048111495467 0.0001466282015244304 0.009999999999999997
  endloop
endfacet
facet normal -0 0 1
  outer loop
    vertex 0.001475635836813296 -0.0003363877215413675 0.009999999999999997
    vertex 0.001892233761400206 -0.0005808507964382403 0.009999999999999997
    vertex 0.001895646034807146 -9.78348709079139e-05 0.009999999999999997
  endloop
endfacet
facet normal 0 0 1
  outer loop
    vertex 0.001475635836813296 -0.0003363877215413675 0.009999999999999997
    vertex 0.001472223562079807 -0.0008194036445086686 0.009999999999999997
    vertex 0.001892233761400206 -0.0005808507964382403 0.009999999999999997
  endloop
endfacet
facet normal 0 0 1
  outer loop
    vertex 0.001475635836813296 -0.0003363877215413675 0.009999999999999997
    vertex 0.001055625637480885 -0.0005749405695922597 0.009999999999999997
    vertex 0.001472223562079807 -0.0008194036445086686 0.009999999999999997
  endloop
endfacet
facet normal -0 0 1
  outer loop
    vertex -0.0002078172352039732 -0.001773615036830943 0.009999999999999997
    vertex 0.000208780691051512 -0.002018078114958356 0.009999999999999997
    vertex 0.000212192964239666 -0.001535062188998618 0.009999999999999997
  endloop
endfacet
facet normal 0 0 1
  outer loop
    vertex 0.000208780691051512 -0.002018078114958356 0.009999999999999997
    vertex 0.0006287908902874009 -0.001779525266706063 0.009999999999999997
    vertex 0.000212192964239666 -0.001535062188998618 0.009999999999999997
  endloop
endfacet
facet normal 0 -0 1
  outer loop
    vertex 0.0006287908902874009 -0.001779525266706063 0.009999999999999997
    vertex 0.0006322031633309973 -0.001296509340479558 0.009999999999999997
    vertex 0.000212192964239666 -0.001535062188998618 0.009999999999999997
  endloop
endfacet
facet normal 0 0 1
  outer loop
    vertex -0.0002078172352039732 -0.001773615036830943 0.009999999999999997
    vertex -0.0002112295082368894 -0.002256630963099355 0.009999999999999997
    vertex 0.000208780691051512 -0.002018078114958356 0.009999999999999997
  endloop
endfacet
facet normal 0 0 1
  outer loop
    vertex -0.0002078172352039732 -0.001773615036830943 0.009999999999999997
    vertex -0.0006278274345768876 -0.002012167884799554 0.009999999999999997
    vertex -0.0002112295082368894 -0.002256630963099355 0.009999999999999997
  endloop
endfacet
facet normal 0 0 1
  outer loop
    vertex -0.0002078172352039732 -0.001773615036830943 0.009999999999999997
    vertex -0.0006244151614808815 -0.001529151958654438 0.009999999999999997
    vertex -0.0006278274345768876 -0.002012167884799554 0.009999999999999997
  endloop
endfacet
facet normal 0 0 1
  outer loop
    vertex 0.001895646034807146 -9.78348709079139e-05 0.009999999999999997
    vertex 0.00231398215035264 0.0001411459262949535 0.009999999999999997
    vertex 0.001899058307503564 0.0003851810559956741 0.009999999999999997
  endloop
endfacet
facet normal 0 0 1
  outer loop
    vertex 0.001892233761400206 -0.0005808507964382403 0.009999999999999997
    vertex 0.00231224396034551 -0.0003422979476431763 0.009999999999999997
    vertex 0.001895646034807146 -9.78348709079139e-05 0.009999999999999997
  endloop
endfacet
facet normal 0 -0 1
  outer loop
    vertex 0.00231224396034551 -0.0003422979476431763 0.009999999999999997
    vertex 0.00231398215035264 0.0001411459262949535 0.009999999999999997
    vertex 0.001895646034807146 -9.78348709079139e-05 0.009999999999999997
  endloop
endfacet
facet normal 0 0 1
  outer loop
    vertex 0.001902043440693831 0.0008682000014102934 0.009999999999999997
    vertex 0.001482389195438859 0.0006296446292600577 0.009999999999999997
    vertex 0.001899058307503564 0.0003851810559956741 0.009999999999999997
  endloop
endfacet
facet normal 0 0 1
  outer loop
    vertex 0.001899058307503564 0.0003851810559956741 0.009999999999999997
    vertex 0.002316696148484747 0.0006249030004643081 0.009999999999999997
    vertex 0.001902043440693831 0.0008682000014102934 0.009999999999999997
  endloop
endfacet
facet normal -0 0 1
  outer loop
    vertex 0.001899058307503564 0.0003851810559956741 0.009999999999999997
    vertex 0.00231398215035264 0.0001411459262949535 0.009999999999999997
    vertex 0.002316696148484747 0.0006249030004643081 0.009999999999999997
  endloop
endfacet
facet normal -0 0 1
  outer loop
    vertex 0.001472223562079807 -0.0008194036445086686 0.009999999999999997
    vertex 0.001888821487997527 -0.001063866721977035 0.009999999999999997
    vertex 0.001892233761400206 -0.0005808507964382403 0.009999999999999997
  endloop
endfacet
facet normal 0 0 1
  outer loop
    vertex 0.001888821487997527 -0.001063866721977035 0.009999999999999997
    vertex 0.002307073026889303 -0.000824836474323149 0.009999999999999997
    vertex 0.001892233761400206 -0.0005808507964382403 0.009999999999999997
  endloop
endfacet
facet normal -0 0 1
  outer loop
    vertex 0.001892233761400206 -0.0005808507964382403 0.009999999999999997
    vertex 0.002307073026889303 -0.000824836474323149 0.009999999999999997
    vertex 0.00231224396034551 -0.0003422979476431763 0.009999999999999997
  endloop
endfacet
facet normal -0 0 1
  outer loop
    vertex 0.000208780691051512 -0.002018078114958356 0.009999999999999997
    vertex 0.0006248630447122118 -0.002261633445567686 0.009999999999999997
    vertex 0.0006287908902874009 -0.001779525266706063 0.009999999999999997
  endloop
endfacet
facet normal -0 0 1
  outer loop
    vertex -0.0002112295082368894 -0.002256630963099355 0.009999999999999997
    vertex 0.000205368418094136 -0.002501094041343602 0.009999999999999997
    vertex 0.000208780691051512 -0.002018078114958356 0.009999999999999997
  endloop
endfacet
facet normal 0 0 1
  outer loop
    vertex 0.000205368418094136 -0.002501094041343602 0.009999999999999997
    vertex 0.0006248630447122118 -0.002261633445567686 0.009999999999999997
    vertex 0.000208780691051512 -0.002018078114958356 0.009999999999999997
  endloop
endfacet
facet normal 0 0 1
  outer loop
    vertex 0.0006287908902874009 -0.001779525266706063 0.009999999999999997
    vertex 0.001048801089537504 -0.001540972418484394 0.009999999999999997
    vertex 0.0006322031633309973 -0.001296509340479558 0.009999999999999997
  endloop
endfacet
facet normal -0 0 1
  outer loop
    vertex 0.0006287908902874009 -0.001779525266706063 0.009999999999999997
    vertex 0.001045388816566731 -0.002023988344845408 0.009999999999999997
    vertex 0.001048801089537504 -0.001540972418484394 0.009999999999999997
  endloop
endfacet
facet normal 0 0 1
  outer loop
    vertex 0.0006287908902874009 -0.001779525266706063 0.009999999999999997
    vertex 0.0006248630447122118 -0.002261633445567686 0.009999999999999997
    vertex 0.001045388816566731 -0.002023988344845408 0.009999999999999997
  endloop
endfacet
facet normal 0 0 1
  outer loop
    vertex -0.0006278274345768876 -0.002012167884799554 0.009999999999999997
    vertex -0.000631239707509209 -0.002495183811269197 0.009999999999999997
    vertex -0.0002112295082368894 -0.002256630963099355 0.009999999999999997
  endloop
endfacet
facet normal 0 0 1
  outer loop
    vertex -0.0002112295082368894 -0.002256630963099355 0.009999999999999997
    vertex -0.0002218632437639849 -0.002725179677880925 0.009999999999999997
    vertex 0.000205368418094136 -0.002501094041343602 0.009999999999999997
  endloop
endfacet
facet normal -0 0 1
  outer loop
    vertex -0.000631239707509209 -0.002495183811269197 0.009999999999999997
    vertex -0.0002218632437639849 -0.002725179677880925 0.009999999999999997
    vertex -0.0002112295082368894 -0.002256630963099355 0.009999999999999997
  endloop
endfacet
facet normal 0 0 1
  outer loop
    vertex -0.0006278274345768876 -0.002012167884799554 0.009999999999999997
    vertex -0.001047837633847254 -0.002250720732967518 0.009999999999999997
    vertex -0.000631239707509209 -0.002495183811269197 0.009999999999999997
  endloop
endfacet
facet normal 0 0 1
  outer loop
    vertex -0.0006278274345768876 -0.002012167884799554 0.009999999999999997
    vertex -0.001044425360934242 -0.001767704806465515 0.009999999999999997
    vertex -0.001047837633847254 -0.002250720732967518 0.009999999999999997
  endloop
endfacet
facet normal 0 -0 1
  outer loop
    vertex -0.0006278274345768876 -0.002012167884799554 0.009999999999999997
    vertex -0.0006244151614808815 -0.001529151958654438 0.009999999999999997
    vertex -0.001044425360934242 -0.001767704806465515 0.009999999999999997
  endloop
endfacet
facet normal 0 0 1
  outer loop
    vertex 0.001472223562079807 -0.0008194036445086686 0.009999999999999997
    vertex 0.001468811288785861 -0.001302419570262786 0.009999999999999997
    vertex 0.001888821487997527 -0.001063866721977035 0.009999999999999997
  endloop
endfacet
facet normal 0 0 1
  outer loop
    vertex 0.001472223562079807 -0.0008194036445086686 0.009999999999999997
    vertex 0.001052213362451372 -0.001057956492002603 0.009999999999999997
    vertex 0.001468811288785861 -0.001302419570262786 0.009999999999999997
  endloop
endfacet
facet normal 0 0 1
  outer loop
    vertex 0.001472223562079807 -0.0008194036445086686 0.009999999999999997
    vertex 0.001055625637480885 -0.0005749405695922597 0.009999999999999997
    vertex 0.001052213362451372 -0.001057956492002603 0.009999999999999997
  endloop
endfacet
facet normal -0 0 1
  outer loop
    vertex 0.001468811288785861 -0.001302419570262786 0.009999999999999997
    vertex 0.001885409215037409 -0.001546882648371029 0.009999999999999997
    vertex 0.001888821487997527 -0.001063866721977035 0.009999999999999997
  endloop
endfacet
facet normal 0 0 1
  outer loop
    vertex 0.001885409215037409 -0.001546882648371029 0.009999999999999997
    vertex 0.002303856367510192 -0.001305577807918394 0.009999999999999997
    vertex 0.001888821487997527 -0.001063866721977035 0.009999999999999997
  endloop
endfacet
facet normal 0 -0 1
  outer loop
    vertex 0.002303856367510192 -0.001305577807918394 0.009999999999999997
    vertex 0.002307073026889303 -0.000824836474323149 0.009999999999999997
    vertex 0.001888821487997527 -0.001063866721977035 0.009999999999999997
  endloop
endfacet
facet normal -0 0 1
  outer loop
    vertex 0.000205368418094136 -0.002501094041343602 0.009999999999999997
    vertex 0.0006184887096385039 -0.002739434190891813 0.009999999999999997
    vertex 0.0006248630447122118 -0.002261633445567686 0.009999999999999997
  endloop
endfacet
facet normal 0 0 1
  outer loop
    vertex 0.000205368418094136 -0.002501094041343602 0.009999999999999997
    vertex 0.0001977977612704955 -0.002966272397035609 0.009999999999999997
    vertex 0.0006184887096385039 -0.002739434190891813 0.009999999999999997
  endloop
endfacet
facet normal 0 0 1
  outer loop
    vertex 0.000205368418094136 -0.002501094041343602 0.009999999999999997
    vertex -0.0002218632437639849 -0.002725179677880925 0.009999999999999997
    vertex 0.0001977977612704955 -0.002966272397035609 0.009999999999999997
  endloop
endfacet
facet normal 0 0 1
  outer loop
    vertex 0.00231224396034551 -0.0003422979476431763 0.009999999999999997
    vertex 0.002724133223469389 -0.000103394309920522 0.009999999999999997
    vertex 0.00231398215035264 0.0001411459262949535 0.009999999999999997
  endloop
endfacet
facet normal -0 0 1
  outer loop
    vertex 0.00231224396034551 -0.0003422979476431763 0.009999999999999997
    vertex 0.002719852970578671 -0.0005866486200693065 0.009999999999999997
    vertex 0.002724133223469389 -0.000103394309920522 0.009999999999999997
  endloop
endfacet
facet normal 0 0 1
  outer loop
    vertex 0.00231224396034551 -0.0003422979476431763 0.009999999999999997
    vertex 0.002307073026889303 -0.000824836474323149 0.009999999999999997
    vertex 0.002719852970578671 -0.0005866486200693065 0.009999999999999997
  endloop
endfacet
facet normal 0 0 1
  outer loop
    vertex -0.001047837633847254 -0.002250720732967518 0.009999999999999997
    vertex -0.001036966189628092 -0.00270486120084968 0.009999999999999997
    vertex -0.000631239707509209 -0.002495183811269197 0.009999999999999997
  endloop
endfacet
facet normal 0 0 1
  outer loop
    vertex -0.000631239707509209 -0.002495183811269197 0.009999999999999997
    vertex -0.0006410885780162444 -0.002953323211725855 0.009999999999999997
    vertex -0.0002218632437639849 -0.002725179677880925 0.009999999999999997
  endloop
endfacet
facet normal 0 0 1
  outer loop
    vertex -0.000631239707509209 -0.002495183811269197 0.009999999999999997
    vertex -0.001036966189628092 -0.00270486120084968 0.009999999999999997
    vertex -0.0006410885780162444 -0.002953323211725855 0.009999999999999997
  endloop
endfacet
facet normal 0 0 1
  outer loop
    vertex -0.001044425360934242 -0.001767704806465515 0.009999999999999997
    vertex -0.001464435560181623 -0.00200625765467704 0.009999999999999997
    vertex -0.001047837633847254 -0.002250720732967518 0.009999999999999997
  endloop
endfacet
facet normal 0 0 1
  outer loop
    vertex -0.001464435560181623 -0.00200625765467704 0.009999999999999997
    vertex -0.00145663865595717 -0.00247881247595102 0.009999999999999997
    vertex -0.001047837633847254 -0.002250720732967518 0.009999999999999997
  endloop
endfacet
facet normal -0 0 1
  outer loop
    vertex -0.00145663865595717 -0.00247881247595102 0.009999999999999997
    vertex -0.001036966189628092 -0.00270486120084968 0.009999999999999997
    vertex -0.001047837633847254 -0.002250720732967518 0.009999999999999997
  endloop
endfacet
facet normal 0 0 1
  outer loop
    vertex 0.001069274726882787 0.001357123140700089 0.009999999999999997
    vertex 0.000652676801384984 0.001601586216200988 0.009999999999999997
    vertex 0.0006492645360324341 0.001118570275185764 0.009999999999999997
  endloop
endfacet
facet normal 0 0 1
  outer loop
    vertex 0.000652676801384984 0.001601586216200988 0.009999999999999997
    vertex 0.0002326739994248115 0.001363019135533879 0.009999999999999997
    vertex 0.0006492645360324341 0.001118570275185764 0.009999999999999997
  endloop
endfacet
facet normal 0 0 1
  outer loop
    vertex 0.0006492645360324341 0.001118570275185764 0.009999999999999997
    vertex 0.0002326739994248115 0.001363019135533879 0.009999999999999997
    vertex 0.0002292547871579452 0.0008800165529770799 0.009999999999999997
  endloop
endfacet
facet normal 0 -0 1
  outer loop
    vertex 0.001069274726882787 0.001357123140700089 0.009999999999999997
    vertex 0.001072686999925305 0.001840139066741829 0.009999999999999997
    vertex 0.000652676801384984 0.001601586216200988 0.009999999999999997
  endloop
endfacet
facet normal 0 0 1
  outer loop
    vertex 0.001069274726882787 0.001357123140700089 0.009999999999999997
    vertex 0.001489284926142054 0.001595675988855872 0.009999999999999997
    vertex 0.001072686999925305 0.001840139066741829 0.009999999999999997
  endloop
endfacet
facet normal -0 0 1
  outer loop
    vertex 0.001069274726882787 0.001357123140700089 0.009999999999999997
    vertex 0.001485789600917095 0.001112660644318816 0.009999999999999997
    vertex 0.001489284926142054 0.001595675988855872 0.009999999999999997
  endloop
endfacet
facet normal 0 0 1
  outer loop
    vertex 0.001072686999925305 0.001840139066741829 0.009999999999999997
    vertex 0.0006560890736157888 0.002084602144935536 0.009999999999999997
    vertex 0.000652676801384984 0.001601586216200988 0.009999999999999997
  endloop
endfacet
facet normal 0 0 1
  outer loop
    vertex 0.0006560890736157888 0.002084602144935536 0.009999999999999997
    vertex 0.0002360786880930741 0.001846049379794234 0.009999999999999997
    vertex 0.000652676801384984 0.001601586216200988 0.009999999999999997
  endloop
endfacet
facet normal 0 0 1
  outer loop
    vertex 0.0002360786880930741 0.001846049379794234 0.009999999999999997
    vertex 0.0002326739994248115 0.001363019135533879 0.009999999999999997
    vertex 0.000652676801384984 0.001601586216200988 0.009999999999999997
  endloop
endfacet
facet normal 0 -0 1
  outer loop
    vertex 0.001489284926142054 0.001595675988855872 0.009999999999999997
    vertex 0.001492697199049286 0.002078691915346414 0.009999999999999997
    vertex 0.001072686999925305 0.001840139066741829 0.009999999999999997
  endloop
endfacet
facet normal 0 -0 1
  outer loop
    vertex 0.001072686999925305 0.001840139066741829 0.009999999999999997
    vertex 0.001087347034752101 0.002335635581749369 0.009999999999999997
    vertex 0.0006560890736157888 0.002084602144935536 0.009999999999999997
  endloop
endfacet
facet normal 0 0 1
  outer loop
    vertex 0.001492697199049286 0.002078691915346414 0.009999999999999997
    vertex 0.001087347034752101 0.002335635581749369 0.009999999999999997
    vertex 0.001072686999925305 0.001840139066741829 0.009999999999999997
  endloop
endfacet
facet normal 0 0 1
  outer loop
    vertex 0.001489284926142054 0.001595675988855872 0.009999999999999997
    vertex 0.001909295125363312 0.001834228837137747 0.009999999999999997
    vertex 0.001492697199049286 0.002078691915346414 0.009999999999999997
  endloop
endfacet
facet normal -0 0 1
  outer loop
    vertex 0.001489284926142054 0.001595675988855872 0.009999999999999997
    vertex 0.001905882852453487 0.001351212910655804 0.009999999999999997
    vertex 0.001909295125363312 0.001834228837137747 0.009999999999999997
  endloop
endfacet
facet normal 0 0 1
  outer loop
    vertex 0.001489284926142054 0.001595675988855872 0.009999999999999997
    vertex 0.001485789600917095 0.001112660644318816 0.009999999999999997
    vertex 0.001905882852453487 0.001351212910655804 0.009999999999999997
  endloop
endfacet
facet normal 0 0 1
  outer loop
    vertex 0.0006560890736157888 0.002084602144935536 0.009999999999999997
    vertex 0.0002394909710662837 0.00232906526566581 0.009999999999999997
    vertex 0.0002360786880930741 0.001846049379794234 0.009999999999999997
  endloop
endfacet
facet normal 0 -0 1
  outer loop
    vertex 0.0006560890736157888 0.002084602144935536 0.009999999999999997
    vertex 0.0006595013170414612 0.002567618078874547 0.009999999999999997
    vertex 0.0002394909710662837 0.00232906526566581 0.009999999999999997
  endloop
endfacet
facet normal 0 0 1
  outer loop
    vertex 0.0006560890736157888 0.002084602144935536 0.009999999999999997
    vertex 0.001087347034752101 0.002335635581749369 0.009999999999999997
    vertex 0.0006595013170414612 0.002567618078874547 0.009999999999999997
  endloop
endfacet
facet normal 0 -0 1
  outer loop
    vertex 0.001909295125363312 0.001834228837137747 0.009999999999999997
    vertex 0.001992932519687563 0.002386412244229771 0.009999999999999997
    vertex 0.001492697199049286 0.002078691915346414 0.009999999999999997
  endloop
endfacet
facet normal 0 0 1
  outer loop
    vertex 0.001992932519687563 0.002386412244229771 0.009999999999999997
    vertex 0.001496109471925598 0.002561707841939539 0.009999999999999997
    vertex 0.001492697199049286 0.002078691915346414 0.009999999999999997
  endloop
endfacet
facet normal 0 0 1
  outer loop
    vertex 0.001496109471925598 0.002561707841939539 0.009999999999999997
    vertex 0.001087347034752101 0.002335635581749369 0.009999999999999997
    vertex 0.001492697199049286 0.002078691915346414 0.009999999999999997
  endloop
endfacet
facet normal 0 0 1
  outer loop
    vertex 0.001905882852453487 0.001351212910655804 0.009999999999999997
    vertex 0.002310516047764694 0.001589874389952784 0.009999999999999997
    vertex 0.001909295125363312 0.001834228837137747 0.009999999999999997
  endloop
endfacet
facet normal 0 -0 1
  outer loop
    vertex 0.002310516047764694 0.001589874389952784 0.009999999999999997
    vertex 0.002329305324591014 0.00207278168539825 0.009999999999999997
    vertex 0.001909295125363312 0.001834228837137747 0.009999999999999997
  endloop
endfacet
facet normal 0 0 1
  outer loop
    vertex 0.001909295125363312 0.001834228837137747 0.009999999999999997
    vertex 0.002329305324591014 0.00207278168539825 0.009999999999999997
    vertex 0.001992932519687563 0.002386412244229771 0.009999999999999997
  endloop
endfacet
facet normal 0 0 1
  outer loop
    vertex 0.001468811288785861 -0.001302419570262786 0.009999999999999997
    vertex 0.00146539901580942 -0.00178543549662404 0.009999999999999997
    vertex 0.001885409215037409 -0.001546882648371029 0.009999999999999997
  endloop
endfacet
facet normal 0 0 1
  outer loop
    vertex 0.001468811288785861 -0.001302419570262786 0.009999999999999997
    vertex 0.001048801089537504 -0.001540972418484394 0.009999999999999997
    vertex 0.00146539901580942 -0.00178543549662404 0.009999999999999997
  endloop
endfacet
facet normal 0 0 1
  outer loop
    vertex 0.001052213362451372 -0.001057956492002603 0.009999999999999997
    vertex 0.001048801089537504 -0.001540972418484394 0.009999999999999997
    vertex 0.001468811288785861 -0.001302419570262786 0.009999999999999997
  endloop
endfacet
facet normal -0 0 1
  outer loop
    vertex 0.00146539901580942 -0.00178543549662404 0.009999999999999997
    vertex 0.001878004555079615 -0.002022224743586662 0.009999999999999997
    vertex 0.001885409215037409 -0.001546882648371029 0.009999999999999997
  endloop
endfacet
facet normal -0 0 1
  outer loop
    vertex 0.001885409215037409 -0.001546882648371029 0.009999999999999997
    vertex 0.002290626171263433 -0.001767440123628409 0.009999999999999997
    vertex 0.002303856367510192 -0.001305577807918394 0.009999999999999997
  endloop
endfacet
facet normal 0 0 1
  outer loop
    vertex 0.001885409215037409 -0.001546882648371029 0.009999999999999997
    vertex 0.001878004555079615 -0.002022224743586662 0.009999999999999997
    vertex 0.002290626171263433 -0.001767440123628409 0.009999999999999997
  endloop
endfacet
facet normal 0 0 1
  outer loop
    vertex 0.001048801089537504 -0.001540972418484394 0.009999999999999997
    vertex 0.001045388816566731 -0.002023988344845408 0.009999999999999997
    vertex 0.00146539901580942 -0.00178543549662404 0.009999999999999997
  endloop
endfacet
facet normal -0 0 1
  outer loop
    vertex 0.001045388816566731 -0.002023988344845408 0.009999999999999997
    vertex 0.001460190549725818 -0.002265288939575215 0.009999999999999997
    vertex 0.00146539901580942 -0.00178543549662404 0.009999999999999997
  endloop
endfacet
facet normal 0 0 1
  outer loop
    vertex 0.001460190549725818 -0.002265288939575215 0.009999999999999997
    vertex 0.001878004555079615 -0.002022224743586662 0.009999999999999997
    vertex 0.00146539901580942 -0.00178543549662404 0.009999999999999997
  endloop
endfacet
facet normal -0 0 1
  outer loop
    vertex 0.001905882852453487 0.001351212910655804 0.009999999999999997
    vertex 0.002319917944797435 0.001106767937566755 0.009999999999999997
    vertex 0.002310516047764694 0.001589874389952784 0.009999999999999997
  endloop
endfacet
facet normal 0 0 1
  outer loop
    vertex 0.001905882852453487 0.001351212910655804 0.009999999999999997
    vertex 0.001902043440693831 0.0008682000014102934 0.009999999999999997
    vertex 0.002319917944797435 0.001106767937566755 0.009999999999999997
  endloop
endfacet
facet normal 0 0 1
  outer loop
    vertex 0.001905882852453487 0.001351212910655804 0.009999999999999997
    vertex 0.001485789600917095 0.001112660644318816 0.009999999999999997
    vertex 0.001902043440693831 0.0008682000014102934 0.009999999999999997
  endloop
endfacet
facet normal 0 0 1
  outer loop
    vertex -0.001044425360934242 -0.001767704806465515 0.009999999999999997
    vertex -0.001461023287268405 -0.001523241728176009 0.009999999999999997
    vertex -0.001464435560181623 -0.00200625765467704 0.009999999999999997
  endloop
endfacet
facet normal 0 -0 1
  outer loop
    vertex -0.001044425360934242 -0.001767704806465515 0.009999999999999997
    vertex -0.001041013087915267 -0.0012846888801758 0.009999999999999997
    vertex -0.001461023287268405 -0.001523241728176009 0.009999999999999997
  endloop
endfacet
facet normal 0 0 1
  outer loop
    vertex -0.0006244151614808815 -0.001529151958654438 0.009999999999999997
    vertex -0.001041013087915267 -0.0012846888801758 0.009999999999999997
    vertex -0.001044425360934242 -0.001767704806465515 0.009999999999999997
  endloop
endfacet
facet normal 0 0 1
  outer loop
    vertex -0.001461023287268405 -0.001523241728176009 0.009999999999999997
    vertex -0.001881033486509743 -0.001761794576399288 0.009999999999999997
    vertex -0.001464435560181623 -0.00200625765467704 0.009999999999999997
  endloop
endfacet
facet normal 0 0 1
  outer loop
    vertex -0.001881033486509743 -0.001761794576399288 0.009999999999999997
    vertex -0.001940282586616059 -0.002309762147624449 0.009999999999999997
    vertex -0.001464435560181623 -0.00200625765467704 0.009999999999999997
  endloop
endfacet
facet normal 0 0 1
  outer loop
    vertex -0.001464435560181623 -0.00200625765467704 0.009999999999999997
    vertex -0.001940282586616059 -0.002309762147624449 0.009999999999999997
    vertex -0.00145663865595717 -0.00247881247595102 0.009999999999999997
  endloop
endfacet
facet normal 0 0 1
  outer loop
    vertex -0.001461023287268405 -0.001523241728176009 0.009999999999999997
    vertex -0.001877621213597663 -0.001278778649896047 0.009999999999999997
    vertex -0.001881033486509743 -0.001761794576399288 0.009999999999999997
  endloop
endfacet
facet normal 0 -0 1
  outer loop
    vertex -0.001461023287268405 -0.001523241728176009 0.009999999999999997
    vertex -0.001457611014359208 -0.001040225801670869 0.009999999999999997
    vertex -0.001877621213597663 -0.001278778649896047 0.009999999999999997
  endloop
endfacet
facet normal 0 0 1
  outer loop
    vertex -0.001461023287268405 -0.001523241728176009 0.009999999999999997
    vertex -0.001041013087915267 -0.0012846888801758 0.009999999999999997
    vertex -0.001457611014359208 -0.001040225801670869 0.009999999999999997
  endloop
endfacet
facet normal 0 0 1
  outer loop
    vertex -0.001877621213597663 -0.001278778649896047 0.009999999999999997
    vertex -0.002296498693236172 -0.001515401191750592 0.009999999999999997
    vertex -0.001881033486509743 -0.001761794576399288 0.009999999999999997
  endloop
endfacet
facet normal 0 0 1
  outer loop
    vertex -0.002296498693236172 -0.001515401191750592 0.009999999999999997
    vertex -0.00233411714138639 -0.001977163621747763 0.009999999999999997
    vertex -0.001881033486509743 -0.001761794576399288 0.009999999999999997
  endloop
endfacet
facet normal -0 0 1
  outer loop
    vertex -0.00233411714138639 -0.001977163621747763 0.009999999999999997
    vertex -0.001940282586616059 -0.002309762147624449 0.009999999999999997
    vertex -0.001881033486509743 -0.001761794576399288 0.009999999999999997
  endloop
endfacet
facet normal 0 0 1
  outer loop
    vertex -0.001457611014359208 -0.001040225801670869 0.009999999999999997
    vertex -0.001874208940685843 -0.000795762723392301 0.009999999999999997
    vertex -0.001877621213597663 -0.001278778649896047 0.009999999999999997
  endloop
endfacet
facet normal 0 0 1
  outer loop
    vertex -0.001874208940685843 -0.000795762723392301 0.009999999999999997
    vertex -0.002290999129403623 -0.001034015268013464 0.009999999999999997
    vertex -0.001877621213597663 -0.001278778649896047 0.009999999999999997
  endloop
endfacet
facet normal 0 0 1
  outer loop
    vertex -0.001877621213597663 -0.001278778649896047 0.009999999999999997
    vertex -0.002290999129403623 -0.001034015268013464 0.009999999999999997
    vertex -0.002296498693236172 -0.001515401191750592 0.009999999999999997
  endloop
endfacet
facet normal 0 -0 1
  outer loop
    vertex -0.001457611014359208 -0.001040225801670869 0.009999999999999997
    vertex -0.001454198741460754 -0.0005572098751419785 0.009999999999999997
    vertex -0.001874208940685843 -0.000795762723392301 0.009999999999999997
  endloop
endfacet
facet normal 0 0 1
  outer loop
    vertex -0.001457611014359208 -0.001040225801670869 0.009999999999999997
    vertex -0.001037600800731385 -0.0008016729811892479 0.009999999999999997
    vertex -0.001454198741460754 -0.0005572098751419785 0.009999999999999997
  endloop
endfacet
facet normal 0 -0 1
  outer loop
    vertex -0.001041013087915267 -0.0012846888801758 0.009999999999999997
    vertex -0.001037600800731385 -0.0008016729811892479 0.009999999999999997
    vertex -0.001457611014359208 -0.001040225801670869 0.009999999999999997
  endloop
endfacet
facet normal 0 0 1
  outer loop
    vertex -0.001454198741460754 -0.0005572098751419785 0.009999999999999997
    vertex -0.00187079666778091 -0.0003127467968767599 0.009999999999999997
    vertex -0.001874208940685843 -0.000795762723392301 0.009999999999999997
  endloop
endfacet
facet normal 0 0 1
  outer loop
    vertex -0.00187079666778091 -0.0003127467968767599 0.009999999999999997
    vertex -0.002290806867015343 -0.0005512996451121306 0.009999999999999997
    vertex -0.001874208940685843 -0.000795762723392301 0.009999999999999997
  endloop
endfacet
facet normal 0 0 1
  outer loop
    vertex -0.002290806867015343 -0.0005512996451121306 0.009999999999999997
    vertex -0.002290999129403623 -0.001034015268013464 0.009999999999999997
    vertex -0.001874208940685843 -0.000795762723392301 0.009999999999999997
  endloop
endfacet
facet normal 0 -0 1
  outer loop
    vertex -0.001454198741460754 -0.0005572098751419785 0.009999999999999997
    vertex -0.001450786180870405 -7.419449921916433e-05 0.009999999999999997
    vertex -0.00187079666778091 -0.0003127467968767599 0.009999999999999997
  endloop
endfacet
facet normal -0 0 1
  outer loop
    vertex -0.001454198741460754 -0.0005572098751419785 0.009999999999999997
    vertex -0.001037600800731385 -0.0008016729811892479 0.009999999999999997
    vertex -0.00103418849672186 -0.0003186571146359959 0.009999999999999997
  endloop
endfacet
facet normal 0 0 1
  outer loop
    vertex -0.00103418849672186 -0.0003186571146359959 0.009999999999999997
    vertex -0.001450786180870405 -7.419449921916433e-05 0.009999999999999997
    vertex -0.001454198741460754 -0.0005572098751419785 0.009999999999999997
  endloop
endfacet
facet normal 0 0 1
  outer loop
    vertex -0.00187079666778091 -0.0003127467968767599 0.009999999999999997
    vertex -0.002287394594103492 -6.828371860848645e-05 0.009999999999999997
    vertex -0.002290806867015343 -0.0005512996451121306 0.009999999999999997
  endloop
endfacet
facet normal 0 -0 1
  outer loop
    vertex -0.00187079666778091 -0.0003127467968767599 0.009999999999999997
    vertex -0.001867384394867733 0.0001702691296247883 0.009999999999999997
    vertex -0.002287394594103492 -6.828371860848645e-05 0.009999999999999997
  endloop
endfacet
facet normal 0 0 1
  outer loop
    vertex -0.00187079666778091 -0.0003127467968767599 0.009999999999999997
    vertex -0.001450786180870405 -7.419449921916433e-05 0.009999999999999997
    vertex -0.001867384394867733 0.0001702691296247883 0.009999999999999997
  endloop
endfacet
facet normal 0 0 1
  outer loop
    vertex -0.002287394594103492 -6.828371860848645e-05 0.009999999999999997
    vertex -0.0027074047933429 -0.0003068365668353027 0.009999999999999997
    vertex -0.002290806867015343 -0.0005512996451121306 0.009999999999999997
  endloop
endfacet
facet normal 0 0 1
  outer loop
    vertex -0.0027074047933429 -0.0003068365668353027 0.009999999999999997
    vertex -0.002692629722720147 -0.0007899809780870638 0.009999999999999997
    vertex -0.002290806867015343 -0.0005512996451121306 0.009999999999999997
  endloop
endfacet
facet normal -0 0 1
  outer loop
    vertex -0.002692629722720147 -0.0007899809780870638 0.009999999999999997
    vertex -0.002290999129403623 -0.001034015268013464 0.009999999999999997
    vertex -0.002290806867015343 -0.0005512996451121306 0.009999999999999997
  endloop
endfacet
facet normal 0 0 1
  outer loop
    vertex -0.001867384394867733 0.0001702691296247883 0.009999999999999997
    vertex -0.002283982321191289 0.0004147322078945816 0.009999999999999997
    vertex -0.002287394594103492 -6.828371860848645e-05 0.009999999999999997
  endloop
endfacet
facet normal 0 0 1
  outer loop
    vertex -0.002283982321191289 0.0004147322078945816 0.009999999999999997
    vertex -0.002704773058297048 0.0001752062414348381 0.009999999999999997
    vertex -0.002287394594103492 -6.828371860848645e-05 0.009999999999999997
  endloop
endfacet
facet normal 0 0 1
  outer loop
    vertex -0.002287394594103492 -6.828371860848645e-05 0.009999999999999997
    vertex -0.002704773058297048 0.0001752062414348381 0.009999999999999997
    vertex -0.0027074047933429 -0.0003068365668353027 0.009999999999999997
  endloop
endfacet
facet normal 0 -0 1
  outer loop
    vertex -0.001867384394867733 0.0001702691296247883 0.009999999999999997
    vertex -0.001863972118823785 0.0006532850648109622 0.009999999999999997
    vertex -0.002283982321191289 0.0004147322078945816 0.009999999999999997
  endloop
endfacet
facet normal 0 0 1
  outer loop
    vertex -0.001867384394867733 0.0001702691296247883 0.009999999999999997
    vertex -0.001447374193617064 0.0004088219919352606 0.009999999999999997
    vertex -0.001863972118823785 0.0006532850648109622 0.009999999999999997
  endloop
endfacet
facet normal -0 0 1
  outer loop
    vertex -0.001867384394867733 0.0001702691296247883 0.009999999999999997
    vertex -0.001450786180870405 -7.419449921916433e-05 0.009999999999999997
    vertex -0.001447374193617064 0.0004088219919352606 0.009999999999999997
  endloop
endfacet
facet normal 0 0 1
  outer loop
    vertex -0.001863972118823785 0.0006532850648109622 0.009999999999999997
    vertex -0.002280496920913279 0.0008976193844151634 0.009999999999999997
    vertex -0.002283982321191289 0.0004147322078945816 0.009999999999999997
  endloop
endfacet
facet normal 0 0 1
  outer loop
    vertex -0.002280496920913279 0.0008976193844151634 0.009999999999999997
    vertex -0.002700494932780505 0.0006590450764110026 0.009999999999999997
    vertex -0.002283982321191289 0.0004147322078945816 0.009999999999999997
  endloop
endfacet
facet normal 0 0 1
  outer loop
    vertex -0.002700494932780505 0.0006590450764110026 0.009999999999999997
    vertex -0.002704773058297048 0.0001752062414348381 0.009999999999999997
    vertex -0.002283982321191289 0.0004147322078945816 0.009999999999999997
  endloop
endfacet
facet normal 0 0 1
  outer loop
    vertex -0.0027074047933429 -0.0003068365668353027 0.009999999999999997
    vertex -0.00315283601887734 -0.0006054645711402826 0.009999999999999997
    vertex -0.002692629722720147 -0.0007899809780870638 0.009999999999999997
  endloop
endfacet
facet normal 0 0 1
  outer loop
    vertex -0.0027074047933429 -0.0003068365668353027 0.009999999999999997
    vertex -0.003128771261605365 -6.806198819816183e-05 0.009999999999999997
    vertex -0.00315283601887734 -0.0006054645711402826 0.009999999999999997
  endloop
endfacet
facet normal 0 -0 1
  outer loop
    vertex -0.0027074047933429 -0.0003068365668353027 0.009999999999999997
    vertex -0.002704773058297048 0.0001752062414348381 0.009999999999999997
    vertex -0.003128771261605365 -6.806198819816183e-05 0.009999999999999997
  endloop
endfacet
facet normal 0 -0 1
  outer loop
    vertex -0.001863972118823785 0.0006532850648109622 0.009999999999999997
    vertex -0.001860694090910368 0.001136538999007353 0.009999999999999997
    vertex -0.002280496920913279 0.0008976193844151634 0.009999999999999997
  endloop
endfacet
facet normal 0 0 1
  outer loop
    vertex -0.001863972118823785 0.0006532850648109622 0.009999999999999997
    vertex -0.001443931697186515 0.0008917527294598004 0.009999999999999997
    vertex -0.001860694090910368 0.001136538999007353 0.009999999999999997
  endloop
endfacet
facet normal 0 -0 1
  outer loop
    vertex -0.001447374193617064 0.0004088219919352606 0.009999999999999997
    vertex -0.001443931697186515 0.0008917527294598004 0.009999999999999997
    vertex -0.001863972118823785 0.0006532850648109622 0.009999999999999997
  endloop
endfacet
facet normal 0 0 1
  outer loop
    vertex -0.002280496920913279 0.0008976193844151634 0.009999999999999997
    vertex -0.002714499270266698 0.001149178563991874 0.009999999999999997
    vertex -0.002700494932780505 0.0006590450764110026 0.009999999999999997
  endloop
endfacet
facet normal 0 0 1
  outer loop
    vertex -0.001860694090910368 0.001136538999007353 0.009999999999999997
    vertex -0.002277686653732986 0.001380658146918258 0.009999999999999997
    vertex -0.002280496920913279 0.0008976193844151634 0.009999999999999997
  endloop
endfacet
facet normal 0 0 1
  outer loop
    vertex -0.002277686653732986 0.001380658146918258 0.009999999999999997
    vertex -0.002714499270266698 0.001149178563991874 0.009999999999999997
    vertex -0.002280496920913279 0.0008976193844151634 0.009999999999999997
  endloop
endfacet
facet normal 0 0 1
  outer loop
    vertex -0.002700494932780505 0.0006590450764110026 0.009999999999999997
    vertex -0.003120590446758741 0.0004206424379453957 0.009999999999999997
    vertex -0.002704773058297048 0.0001752062414348381 0.009999999999999997
  endloop
endfacet
facet normal 0 0 1
  outer loop
    vertex -0.002700494932780505 0.0006590450764110026 0.009999999999999997
    vertex -0.003117178173846691 0.0009036583644487001 0.009999999999999997
    vertex -0.003120590446758741 0.0004206424379453957 0.009999999999999997
  endloop
endfacet
facet normal 0 0 1
  outer loop
    vertex -0.002700494932780505 0.0006590450764110026 0.009999999999999997
    vertex -0.002714499270266698 0.001149178563991874 0.009999999999999997
    vertex -0.003117178173846691 0.0009036583644487001 0.009999999999999997
  endloop
endfacet
facet normal 0 0 1
  outer loop
    vertex -0.002296498693236172 -0.001515401191750592 0.009999999999999997
    vertex -0.002716287701057144 -0.001737848164115757 0.009999999999999997
    vertex -0.00233411714138639 -0.001977163621747763 0.009999999999999997
  endloop
endfacet
facet normal 0 0 1
  outer loop
    vertex -0.002290999129403623 -0.001034015268013464 0.009999999999999997
    vertex -0.002690586180849384 -0.001270744054120625 0.009999999999999997
    vertex -0.002296498693236172 -0.001515401191750592 0.009999999999999997
  endloop
endfacet
facet normal 0 0 1
  outer loop
    vertex -0.002690586180849384 -0.001270744054120625 0.009999999999999997
    vertex -0.002716287701057144 -0.001737848164115757 0.009999999999999997
    vertex -0.002296498693236172 -0.001515401191750592 0.009999999999999997
  endloop
endfacet
facet normal 0 0 1
  outer loop
    vertex 0.002290626171263433 -0.001767440123628409 0.009999999999999997
    vertex 0.00271263905998817 -0.001536280925018289 0.009999999999999997
    vertex 0.002303856367510192 -0.001305577807918394 0.009999999999999997
  endloop
endfacet
facet normal 0 0 1
  outer loop
    vertex 0.002303856367510192 -0.001305577807918394 0.009999999999999997
    vertex 0.00271453390852904 -0.001066464568028983 0.009999999999999997
    vertex 0.002307073026889303 -0.000824836474323149 0.009999999999999997
  endloop
endfacet
facet normal -0 0 1
  outer loop
    vertex 0.002303856367510192 -0.001305577807918394 0.009999999999999997
    vertex 0.00271263905998817 -0.001536280925018289 0.009999999999999997
    vertex 0.00271453390852904 -0.001066464568028983 0.009999999999999997
  endloop
endfacet
facet normal -0 0 1
  outer loop
    vertex 0.001878004555079615 -0.002022224743586662 0.009999999999999997
    vertex 0.002337337339868128 -0.002258270684779967 0.009999999999999997
    vertex 0.002290626171263433 -0.001767440123628409 0.009999999999999997
  endloop
endfacet
facet normal 0 -0 1
  outer loop
    vertex 0.002337337339868128 -0.002258270684779967 0.009999999999999997
    vertex 0.002661260574456442 -0.001911639132472049 0.009999999999999997
    vertex 0.002290626171263433 -0.001767440123628409 0.009999999999999997
  endloop
endfacet
facet normal -0 0 1
  outer loop
    vertex 0.002290626171263433 -0.001767440123628409 0.009999999999999997
    vertex 0.002661260574456442 -0.001911639132472049 0.009999999999999997
    vertex 0.00271263905998817 -0.001536280925018289 0.009999999999999997
  endloop
endfacet
facet normal 0 -0 1
  outer loop
    vertex -0.001860694090910368 0.001136538999007353 0.009999999999999997
    vertex -0.001855952323102583 0.001616234226370982 0.009999999999999997
    vertex -0.002277686653732986 0.001380658146918258 0.009999999999999997
  endloop
endfacet
facet normal 0 0 1
  outer loop
    vertex -0.001860694090910368 0.001136538999007353 0.009999999999999997
    vertex -0.001440284458458696 0.001374201873143704 0.009999999999999997
    vertex -0.001855952323102583 0.001616234226370982 0.009999999999999997
  endloop
endfacet
facet normal -0 0 1
  outer loop
    vertex -0.001860694090910368 0.001136538999007353 0.009999999999999997
    vertex -0.001443931697186515 0.0008917527294598004 0.009999999999999997
    vertex -0.001440284458458696 0.001374201873143704 0.009999999999999997
  endloop
endfacet
facet normal 0 0 1
  outer loop
    vertex -0.001855952323102583 0.001616234226370982 0.009999999999999997
    vertex -0.002263253511919785 0.001842766218593789 0.009999999999999997
    vertex -0.002277686653732986 0.001380658146918258 0.009999999999999997
  endloop
endfacet
facet normal 0 0 1
  outer loop
    vertex -0.002263253511919785 0.001842766218593789 0.009999999999999997
    vertex -0.002699657683575096 0.001624814653994428 0.009999999999999997
    vertex -0.002277686653732986 0.001380658146918258 0.009999999999999997
  endloop
endfacet
facet normal 0 0 1
  outer loop
    vertex -0.002699657683575096 0.001624814653994428 0.009999999999999997
    vertex -0.002714499270266698 0.001149178563991874 0.009999999999999997
    vertex -0.002277686653732986 0.001380658146918258 0.009999999999999997
  endloop
endfacet
facet normal 0 0 1
  outer loop
    vertex 0.0002394909710662837 0.00232906526566581 0.009999999999999997
    vertex -0.0001803692263320518 0.002090241467397001 0.009999999999999997
    vertex 0.0002360786880930741 0.001846049379794234 0.009999999999999997
  endloop
endfacet
facet normal -0 0 1
  outer loop
    vertex -0.0001838883422034379 0.001607414061565179 0.009999999999999997
    vertex 0.0002326739994248115 0.001363019135533879 0.009999999999999997
    vertex 0.0002360786880930741 0.001846049379794234 0.009999999999999997
  endloop
endfacet
facet normal 0 0 1
  outer loop
    vertex 0.0002360786880930741 0.001846049379794234 0.009999999999999997
    vertex -0.0001803692263320518 0.002090241467397001 0.009999999999999997
    vertex -0.0001838883422034379 0.001607414061565179 0.009999999999999997
  endloop
endfacet
facet normal 0 0 1
  outer loop
    vertex 0.0006595013170414612 0.002567618078874547 0.009999999999999997
    vertex 0.0002525996149230054 0.002795009406117724 0.009999999999999997
    vertex 0.0002394909710662837 0.00232906526566581 0.009999999999999997
  endloop
endfacet
facet normal 0 0 1
  outer loop
    vertex 0.0002525996149230054 0.002795009406117724 0.009999999999999997
    vertex -0.0001754913670126644 0.002570682993433465 0.009999999999999997
    vertex 0.0002394909710662837 0.00232906526566581 0.009999999999999997
  endloop
endfacet
facet normal 0 0 1
  outer loop
    vertex -0.0001754913670126644 0.002570682993433465 0.009999999999999997
    vertex -0.0001803692263320518 0.002090241467397001 0.009999999999999997
    vertex 0.0002394909710662837 0.00232906526566581 0.009999999999999997
  endloop
endfacet
facet normal 0 -0 1
  outer loop
    vertex 0.0006595013170414612 0.002567618078874547 0.009999999999999997
    vertex 0.000671511450748477 0.003065395481356152 0.009999999999999997
    vertex 0.0002525996149230054 0.002795009406117724 0.009999999999999997
  endloop
endfacet
facet normal 0 0 1
  outer loop
    vertex 0.0006595013170414612 0.002567618078874547 0.009999999999999997
    vertex 0.001146998146955167 0.002881054442658352 0.009999999999999997
    vertex 0.000671511450748477 0.003065395481356152 0.009999999999999997
  endloop
endfacet
facet normal -0 0 1
  outer loop
    vertex 0.0006595013170414612 0.002567618078874547 0.009999999999999997
    vertex 0.001087347034752101 0.002335635581749369 0.009999999999999997
    vertex 0.001146998146955167 0.002881054442658352 0.009999999999999997
  endloop
endfacet
facet normal -0 0 1
  outer loop
    vertex -0.001447374193617064 0.0004088219919352606 0.009999999999999997
    vertex -0.001030774590774108 0.0001643556697796995 0.009999999999999997
    vertex -0.001027355595486619 0.0006473586496610435 0.009999999999999997
  endloop
endfacet
facet normal 0 0 1
  outer loop
    vertex -0.001027355595486619 0.0006473586496610435 0.009999999999999997
    vertex -0.001443931697186515 0.0008917527294598004 0.009999999999999997
    vertex -0.001447374193617064 0.0004088219919352606 0.009999999999999997
  endloop
endfacet
facet normal 0 0 1
  outer loop
    vertex -0.001447374193617064 0.0004088219919352606 0.009999999999999997
    vertex -0.001450786180870405 -7.419449921916433e-05 0.009999999999999997
    vertex -0.001030774590774108 0.0001643556697796995 0.009999999999999997
  endloop
endfacet
facet normal 0 0 1
  outer loop
    vertex 0.0006356154375211783 -0.0008134934164407175 0.009999999999999997
    vertex 0.0006322031633309973 -0.001296509340479558 0.009999999999999997
    vertex 0.001052213362451372 -0.001057956492002603 0.009999999999999997
  endloop
endfacet
facet normal 0 -0 1
  outer loop
    vertex 0.001052213362451372 -0.001057956492002603 0.009999999999999997
    vertex 0.001055625637480885 -0.0005749405695922597 0.009999999999999997
    vertex 0.0006356154375211783 -0.0008134934164407175 0.009999999999999997
  endloop
endfacet
facet normal -0 0 1
  outer loop
    vertex 0.0006322031633309973 -0.001296509340479558 0.009999999999999997
    vertex 0.001048801089537504 -0.001540972418484394 0.009999999999999997
    vertex 0.001052213362451372 -0.001057956492002603 0.009999999999999997
  endloop
endfacet
facet normal 0 0 1
  outer loop
    vertex -0.001940282586616059 -0.002309762147624449 0.009999999999999997
    vertex -0.001782526178516054 -0.002710648217813935 0.009999999999999997
    vertex -0.00145663865595717 -0.00247881247595102 0.009999999999999997
  endloop
endfacet
facet normal 0 0 1
  outer loop
    vertex -0.00145663865595717 -0.00247881247595102 0.009999999999999997
    vertex -0.001435337343028828 -0.002909405519730334 0.009999999999999997
    vertex -0.001036966189628092 -0.00270486120084968 0.009999999999999997
  endloop
endfacet
facet normal -0 0 1
  outer loop
    vertex -0.001782526178516054 -0.002710648217813935 0.009999999999999997
    vertex -0.001435337343028828 -0.002909405519730334 0.009999999999999997
    vertex -0.00145663865595717 -0.00247881247595102 0.009999999999999997
  endloop
endfacet
facet normal 0 0 1
  outer loop
    vertex -0.00315283601887734 -0.0006054645711402826 0.009999999999999997
    vertex -0.003021703204287029 -0.001029176250053616 0.009999999999999997
    vertex -0.002692629722720147 -0.0007899809780870638 0.009999999999999997
  endloop
endfacet
facet normal 0 0 1
  outer loop
    vertex -0.002692629722720147 -0.0007899809780870638 0.009999999999999997
    vertex -0.002690586180849384 -0.001270744054120625 0.009999999999999997
    vertex -0.002290999129403623 -0.001034015268013464 0.009999999999999997
  endloop
endfacet
facet normal 0 0 1
  outer loop
    vertex -0.002692629722720147 -0.0007899809780870638 0.009999999999999997
    vertex -0.003021703204287029 -0.001029176250053616 0.009999999999999997
    vertex -0.002690586180849384 -0.001270744054120625 0.009999999999999997
  endloop
endfacet
facet normal 0 -0 1
  outer loop
    vertex 0.002319917944797435 0.001106767937566755 0.009999999999999997
    vertex 0.002775352872780997 0.001403148228722181 0.009999999999999997
    vertex 0.002310516047764694 0.001589874389952784 0.009999999999999997
  endloop
endfacet
facet normal 0 0 1
  outer loop
    vertex 0.002775352872780997 0.001403148228722181 0.009999999999999997
    vertex 0.002653641227375724 0.001828970393509146 0.009999999999999997
    vertex 0.002310516047764694 0.001589874389952784 0.009999999999999997
  endloop
endfacet
facet normal 0 0 1
  outer loop
    vertex 0.002310516047764694 0.001589874389952784 0.009999999999999997
    vertex 0.002653641227375724 0.001828970393509146 0.009999999999999997
    vertex 0.002329305324591014 0.00207278168539825 0.009999999999999997
  endloop
endfacet
facet normal -0 0 1
  outer loop
    vertex 0.002319917944797435 0.001106767937566755 0.009999999999999997
    vertex 0.002727834532722398 0.0008692802008109915 0.009999999999999997
    vertex 0.002775352872780997 0.001403148228722181 0.009999999999999997
  endloop
endfacet
facet normal 0 0 1
  outer loop
    vertex 0.002319917944797435 0.001106767937566755 0.009999999999999997
    vertex 0.002316696148484747 0.0006249030004643081 0.009999999999999997
    vertex 0.002727834532722398 0.0008692802008109915 0.009999999999999997
  endloop
endfacet
facet normal -0 0 1
  outer loop
    vertex 0.001902043440693831 0.0008682000014102934 0.009999999999999997
    vertex 0.002316696148484747 0.0006249030004643081 0.009999999999999997
    vertex 0.002319917944797435 0.001106767937566755 0.009999999999999997
  endloop
endfacet
facet normal 0 0 1
  outer loop
    vertex 0.0002525996149230054 0.002795009406117724 0.009999999999999997
    vertex -0.000119287029281998 0.003123721714870938 0.009999999999999997
    vertex -0.0001754913670126644 0.002570682993433465 0.009999999999999997
  endloop
endfacet
facet normal 0 0 1
  outer loop
    vertex 0.000671511450748477 0.003065395481356152 0.009999999999999997
    vertex 0.0003044930676906808 0.003192666563151028 0.009999999999999997
    vertex 0.0002525996149230054 0.002795009406117724 0.009999999999999997
  endloop
endfacet
facet normal 0 -0 1
  outer loop
    vertex 0.0002525996149230054 0.002795009406117724 0.009999999999999997
    vertex 0.0003044930676906808 0.003192666563151028 0.009999999999999997
    vertex -0.000119287029281998 0.003123721714870938 0.009999999999999997
  endloop
endfacet
facet normal 0 0 1
  outer loop
    vertex -0.000119287029281998 0.003123721714870938 0.009999999999999997
    vertex -0.0005937047055446779 0.002817991380286027 0.009999999999999997
    vertex -0.0001754913670126644 0.002570682993433465 0.009999999999999997
  endloop
endfacet
facet normal 0 0 1
  outer loop
    vertex -0.0005937047055446779 0.002817991380286027 0.009999999999999997
    vertex -0.0005955645848503531 0.002332148183635996 0.009999999999999997
    vertex -0.0001754913670126644 0.002570682993433465 0.009999999999999997
  endloop
endfacet
facet normal -0 0 1
  outer loop
    vertex -0.0005955645848503531 0.002332148183635996 0.009999999999999997
    vertex -0.0001803692263320518 0.002090241467397001 0.009999999999999997
    vertex -0.0001754913670126644 0.002570682993433465 0.009999999999999997
  endloop
endfacet
facet normal 0 0 1
  outer loop
    vertex 0.001146998146955167 0.002881054442658352 0.009999999999999997
    vertex 0.001053577270607999 0.003401698152866355 0.009999999999999997
    vertex 0.000671511450748477 0.003065395481356152 0.009999999999999997
  endloop
endfacet
facet normal 0 0 1
  outer loop
    vertex 0.001053577270607999 0.003401698152866355 0.009999999999999997
    vertex 0.0006092312667680694 0.003513732241012332 0.009999999999999997
    vertex 0.000671511450748477 0.003065395481356152 0.009999999999999997
  endloop
endfacet
facet normal 0 0 1
  outer loop
    vertex 0.0006092312667680694 0.003513732241012332 0.009999999999999997
    vertex 0.0003044930676906808 0.003192666563151028 0.009999999999999997
    vertex 0.000671511450748477 0.003065395481356152 0.009999999999999997
  endloop
endfacet
facet normal 0 0 1
  outer loop
    vertex -0.000119287029281998 0.003123721714870938 0.009999999999999997
    vertex -0.0005989404390805931 0.003283559466780049 0.009999999999999997
    vertex -0.0005937047055446779 0.002817991380286027 0.009999999999999997
  endloop
endfacet
facet normal 0 0 1
  outer loop
    vertex -0.000119287029281998 0.003123721714870938 0.009999999999999997
    vertex -0.0002807085641843631 0.003600618663219656 0.009999999999999997
    vertex -0.0005989404390805931 0.003283559466780049 0.009999999999999997
  endloop
endfacet
facet normal 0 0 1
  outer loop
    vertex 0.001992932519687563 0.002386412244229771 0.009999999999999997
    vertex 0.001838687761812224 0.002773558250204333 0.009999999999999997
    vertex 0.001496109471925598 0.002561707841939539 0.009999999999999997
  endloop
endfacet
facet normal 0 -0 1
  outer loop
    vertex 0.001992932519687563 0.002386412244229771 0.009999999999999997
    vertex 0.002216006924059204 0.002850455267816549 0.009999999999999997
    vertex 0.001838687761812224 0.002773558250204333 0.009999999999999997
  endloop
endfacet
facet normal 0 0 1
  outer loop
    vertex 0.001838687761812224 0.002773558250204333 0.009999999999999997
    vertex 0.001573202118524408 0.002914422909090822 0.009999999999999997
    vertex 0.001496109471925598 0.002561707841939539 0.009999999999999997
  endloop
endfacet
facet normal 0 0 1
  outer loop
    vertex 0.001146998146955167 0.002881054442658352 0.009999999999999997
    vertex 0.001087347034752101 0.002335635581749369 0.009999999999999997
    vertex 0.001496109471925598 0.002561707841939539 0.009999999999999997
  endloop
endfacet
facet normal 0 -0 1
  outer loop
    vertex 0.001496109471925598 0.002561707841939539 0.009999999999999997
    vertex 0.001573202118524408 0.002914422909090822 0.009999999999999997
    vertex 0.001146998146955167 0.002881054442658352 0.009999999999999997
  endloop
endfacet
facet normal 0 0 1
  outer loop
    vertex -0.003128771261605365 -6.806198819816183e-05 0.009999999999999997
    vertex -0.003564179328452835 -0.0002743994007506028 0.009999999999999997
    vertex -0.00315283601887734 -0.0006054645711402826 0.009999999999999997
  endloop
endfacet
facet normal 0 0 1
  outer loop
    vertex -0.003564179328452835 -0.0002743994007506028 0.009999999999999997
    vertex -0.003587649114560328 -0.0006860941117202598 0.009999999999999997
    vertex -0.00315283601887734 -0.0006054645711402826 0.009999999999999997
  endloop
endfacet
facet normal 0 0 1
  outer loop
    vertex 0.002727834532722398 0.0008692802008109915 0.009999999999999997
    vertex 0.003055901487376521 0.001088561795355193 0.009999999999999997
    vertex 0.002775352872780997 0.001403148228722181 0.009999999999999997
  endloop
endfacet
facet normal -0 0 1
  outer loop
    vertex 0.002775352872780997 0.001403148228722181 0.009999999999999997
    vertex 0.003055901487376521 0.001088561795355193 0.009999999999999997
    vertex 0.003267376347881976 0.001444323215007373 0.009999999999999997
  endloop
endfacet
facet normal -0 0 1
  outer loop
    vertex 0.002316696148484747 0.0006249030004643081 0.009999999999999997
    vertex 0.002727994291664513 0.0003806694187467306 0.009999999999999997
    vertex 0.002727834532722398 0.0008692802008109915 0.009999999999999997
  endloop
endfacet
facet normal 0 -0 1
  outer loop
    vertex 0.002727994291664513 0.0003806694187467306 0.009999999999999997
    vertex 0.003162027069557819 0.0006228700864281154 0.009999999999999997
    vertex 0.002727834532722398 0.0008692802008109915 0.009999999999999997
  endloop
endfacet
facet normal 0 0 1
  outer loop
    vertex 0.003162027069557819 0.0006228700864281154 0.009999999999999997
    vertex 0.003055901487376521 0.001088561795355193 0.009999999999999997
    vertex 0.002727834532722398 0.0008692802008109915 0.009999999999999997
  endloop
endfacet
facet normal 0 0 1
  outer loop
    vertex 0.002216006924059204 0.002850455267816549 0.009999999999999997
    vertex 0.001852186297920141 0.003136439548306526 0.009999999999999997
    vertex 0.001838687761812224 0.002773558250204333 0.009999999999999997
  endloop
endfacet
facet normal 0 0 1
  outer loop
    vertex 0.001852186297920141 0.003136439548306526 0.009999999999999997
    vertex 0.001573202118524408 0.002914422909090822 0.009999999999999997
    vertex 0.001838687761812224 0.002773558250204333 0.009999999999999997
  endloop
endfacet
facet normal 0 0 1
  outer loop
    vertex -0.00233411714138639 -0.001977163621747763 0.009999999999999997
    vertex -0.002443553925201617 -0.002442973697292102 0.009999999999999997
    vertex -0.001940282586616059 -0.002309762147624449 0.009999999999999997
  endloop
endfacet
facet normal 0 0 1
  outer loop
    vertex -0.002704773058297048 0.0001752062414348381 0.009999999999999997
    vertex -0.003120590446758741 0.0004206424379453957 0.009999999999999997
    vertex -0.003128771261605365 -6.806198819816183e-05 0.009999999999999997
  endloop
endfacet
facet normal 0 0 1
  outer loop
    vertex -0.001844353919539761 0.002084181804893592 0.009999999999999997
    vertex -0.002263253511919785 0.001842766218593789 0.009999999999999997
    vertex -0.001855952323102583 0.001616234226370982 0.009999999999999997
  endloop
endfacet
facet normal 0 0 1
  outer loop
    vertex -0.001844353919539761 0.002084181804893592 0.009999999999999997
    vertex -0.002242104787782206 0.002312712828319233 0.009999999999999997
    vertex -0.002263253511919785 0.001842766218593789 0.009999999999999997
  endloop
endfacet
facet normal 0 0 1
  outer loop
    vertex -0.0005989404390805931 0.003283559466780049 0.009999999999999997
    vertex -0.001012030801210764 0.003041489852973586 0.009999999999999997
    vertex -0.0005937047055446779 0.002817991380286027 0.009999999999999997
  endloop
endfacet
facet normal 0 0 1
  outer loop
    vertex -0.0002807085641843631 0.003600618663219656 0.009999999999999997
    vertex -0.0006671344922915512 0.00364408580663111 0.009999999999999997
    vertex -0.0005989404390805931 0.003283559466780049 0.009999999999999997
  endloop
endfacet
facet normal 0 0 1
  outer loop
    vertex -0.002263253511919785 0.001842766218593789 0.009999999999999997
    vertex -0.002637426733701966 0.002072276715945017 0.009999999999999997
    vertex -0.002699657683575096 0.001624814653994428 0.009999999999999997
  endloop
endfacet
facet normal 0 -0 1
  outer loop
    vertex -0.002263253511919785 0.001842766218593789 0.009999999999999997
    vertex -0.002242104787782206 0.002312712828319233 0.009999999999999997
    vertex -0.002637426733701966 0.002072276715945017 0.009999999999999997
  endloop
endfacet
facet normal 0 0 1
  outer loop
    vertex -0.002637426733701966 0.002072276715945017 0.009999999999999997
    vertex -0.003055121884779449 0.001927907907091124 0.009999999999999997
    vertex -0.002699657683575096 0.001624814653994428 0.009999999999999997
  endloop
endfacet
facet normal 0 0 1
  outer loop
    vertex -0.0006141781102674094 -8.010462736934581e-05 0.009999999999999997
    vertex -0.00103418849672186 -0.0003186571146359959 0.009999999999999997
    vertex -0.0006175905756110046 -0.0005631201828680556 0.009999999999999997
  endloop
endfacet
facet normal 0 0 1
  outer loop
    vertex -0.0006141781102674094 -8.010462736934581e-05 0.009999999999999997
    vertex -0.001030774590774108 0.0001643556697796995 0.009999999999999997
    vertex -0.00103418849672186 -0.0003186571146359959 0.009999999999999997
  endloop
endfacet
facet normal 0 0 1
  outer loop
    vertex -0.00103418849672186 -0.0003186571146359959 0.009999999999999997
    vertex -0.001037600800731385 -0.0008016729811892479 0.009999999999999997
    vertex -0.0006175905756110046 -0.0005631201828680556 0.009999999999999997
  endloop
endfacet
facet normal 0 0 1
  outer loop
    vertex -0.001030774590774108 0.0001643556697796995 0.009999999999999997
    vertex -0.001450786180870405 -7.419449921916433e-05 0.009999999999999997
    vertex -0.00103418849672186 -0.0003186571146359959 0.009999999999999997
  endloop
endfacet
facet normal 0 0 1
  outer loop
    vertex 0.0006356154375211783 -0.0008134934164407175 0.009999999999999997
    vertex 0.001055625637480885 -0.0005749405695922597 0.009999999999999997
    vertex 0.0006390277208333134 -0.0003304775100312528 0.009999999999999997
  endloop
endfacet
facet normal 0 0 1
  outer loop
    vertex 0.001902043440693831 0.0008682000014102934 0.009999999999999997
    vertex 0.001485789600917095 0.001112660644318816 0.009999999999999997
    vertex 0.001482389195438859 0.0006296446292600577 0.009999999999999997
  endloop
endfacet
facet normal 0 0 1
  outer loop
    vertex 0.001045388816566731 -0.002023988344845408 0.009999999999999997
    vertex 0.00103888310784321 -0.002501557785978196 0.009999999999999997
    vertex 0.001460190549725818 -0.002265288939575215 0.009999999999999997
  endloop
endfacet
facet normal 0 0 1
  outer loop
    vertex 0.001045388816566731 -0.002023988344845408 0.009999999999999997
    vertex 0.0006248630447122118 -0.002261633445567686 0.009999999999999997
    vertex 0.00103888310784321 -0.002501557785978196 0.009999999999999997
  endloop
endfacet
facet normal -0 0 1
  outer loop
    vertex 0.00103888310784321 -0.002501557785978196 0.009999999999999997
    vertex 0.001458574470002425 -0.002751467349598368 0.009999999999999997
    vertex 0.001460190549725818 -0.002265288939575215 0.009999999999999997
  endloop
endfacet
facet normal 0 0 1
  outer loop
    vertex 0.001458574470002425 -0.002751467349598368 0.009999999999999997
    vertex 0.001867807510182054 -0.002493939600189577 0.009999999999999997
    vertex 0.001460190549725818 -0.002265288939575215 0.009999999999999997
  endloop
endfacet
facet normal -0 0 1
  outer loop
    vertex 0.001460190549725818 -0.002265288939575215 0.009999999999999997
    vertex 0.001867807510182054 -0.002493939600189577 0.009999999999999997
    vertex 0.001878004555079615 -0.002022224743586662 0.009999999999999997
  endloop
endfacet
facet normal 0 0 1
  outer loop
    vertex 0.00103888310784321 -0.002501557785978196 0.009999999999999997
    vertex 0.001042520567235881 -0.002993700621091896 0.009999999999999997
    vertex 0.001458574470002425 -0.002751467349598368 0.009999999999999997
  endloop
endfacet
facet normal 0 0 1
  outer loop
    vertex 0.0006248630447122118 -0.002261633445567686 0.009999999999999997
    vertex 0.0006184887096385039 -0.002739434190891813 0.009999999999999997
    vertex 0.00103888310784321 -0.002501557785978196 0.009999999999999997
  endloop
endfacet
facet normal -0 0 1
  outer loop
    vertex 0.0006184887096385039 -0.002739434190891813 0.009999999999999997
    vertex 0.001042520567235881 -0.002993700621091896 0.009999999999999997
    vertex 0.00103888310784321 -0.002501557785978196 0.009999999999999997
  endloop
endfacet
facet normal -0 0 1
  outer loop
    vertex 0.001458574470002425 -0.002751467349598368 0.009999999999999997
    vertex 0.001836606033468493 -0.003019575547585774 0.009999999999999997
    vertex 0.001867807510182054 -0.002493939600189577 0.009999999999999997
  endloop
endfacet
facet normal -0 0 1
  outer loop
    vertex 0.001042520567235881 -0.002993700621091896 0.009999999999999997
    vertex 0.001475088189792053 -0.003292473583253721 0.009999999999999997
    vertex 0.001458574470002425 -0.002751467349598368 0.009999999999999997
  endloop
endfacet
facet normal 0 -0 1
  outer loop
    vertex 0.001475088189792053 -0.003292473583253721 0.009999999999999997
    vertex 0.001836606033468493 -0.003019575547585774 0.009999999999999997
    vertex 0.001458574470002425 -0.002751467349598368 0.009999999999999997
  endloop
endfacet
facet normal -0 0 1
  outer loop
    vertex 0.0001977977612704955 -0.002966272397035609 0.009999999999999997
    vertex 0.0006225585528993247 -0.00320540189083733 0.009999999999999997
    vertex 0.0006184887096385039 -0.002739434190891813 0.009999999999999997
  endloop
endfacet
facet normal 0 -0 1
  outer loop
    vertex 0.0006225585528993247 -0.00320540189083733 0.009999999999999997
    vertex 0.001042520567235881 -0.002993700621091896 0.009999999999999997
    vertex 0.0006184887096385039 -0.002739434190891813 0.009999999999999997
  endloop
endfacet
facet normal 0 0 1
  outer loop
    vertex -0.0002218632437639849 -0.002725179677880925 0.009999999999999997
    vertex -0.0002572244457552366 -0.003153697116790697 0.009999999999999997
    vertex 0.0001977977612704955 -0.002966272397035609 0.009999999999999997
  endloop
endfacet
facet normal 0 0 1
  outer loop
    vertex 0.0001977977612704955 -0.002966272397035609 0.009999999999999997
    vertex 0.0002112788543658285 -0.003500919013098274 0.009999999999999997
    vertex 0.0006225585528993247 -0.00320540189083733 0.009999999999999997
  endloop
endfacet
facet normal 0 0 1
  outer loop
    vertex 0.0001977977612704955 -0.002966272397035609 0.009999999999999997
    vertex -0.0002572244457552366 -0.003153697116790697 0.009999999999999997
    vertex 0.0002112788543658285 -0.003500919013098274 0.009999999999999997
  endloop
endfacet
facet normal -0 0 1
  outer loop
    vertex -0.0006410885780162444 -0.002953323211725855 0.009999999999999997
    vertex -0.0002572244457552366 -0.003153697116790697 0.009999999999999997
    vertex -0.0002218632437639849 -0.002725179677880925 0.009999999999999997
  endloop
endfacet
facet normal 0 0 1
  outer loop
    vertex -0.001036966189628092 -0.00270486120084968 0.009999999999999997
    vertex -0.001049936378026234 -0.003139897892136731 0.009999999999999997
    vertex -0.0006410885780162444 -0.002953323211725855 0.009999999999999997
  endloop
endfacet
facet normal -0 0 1
  outer loop
    vertex -0.001049936378026234 -0.003139897892136731 0.009999999999999997
    vertex -0.0006744317315658988 -0.003461927340146304 0.009999999999999997
    vertex -0.0006410885780162444 -0.002953323211725855 0.009999999999999997
  endloop
endfacet
facet normal 0 0 1
  outer loop
    vertex -0.0006744317315658988 -0.003461927340146304 0.009999999999999997
    vertex -0.0002572244457552366 -0.003153697116790697 0.009999999999999997
    vertex -0.0006410885780162444 -0.002953323211725855 0.009999999999999997
  endloop
endfacet
facet normal 0 0 1
  outer loop
    vertex 0.002316696148484747 0.0006249030004643081 0.009999999999999997
    vertex 0.00231398215035264 0.0001411459262949535 0.009999999999999997
    vertex 0.002727994291664513 0.0003806694187467306 0.009999999999999997
  endloop
endfacet
facet normal -0 0 1
  outer loop
    vertex 0.002727994291664513 0.0003806694187467306 0.009999999999999997
    vertex 0.003138603193772838 0.0001124833347834016 0.009999999999999997
    vertex 0.003162027069557819 0.0006228700864281154 0.009999999999999997
  endloop
endfacet
facet normal -0 0 1
  outer loop
    vertex 0.00231398215035264 0.0001411459262949535 0.009999999999999997
    vertex 0.002724133223469389 -0.000103394309920522 0.009999999999999997
    vertex 0.002727994291664513 0.0003806694187467306 0.009999999999999997
  endloop
endfacet
facet normal 0 0 1
  outer loop
    vertex 0.002724133223469389 -0.000103394309920522 0.009999999999999997
    vertex 0.003138603193772838 0.0001124833347834016 0.009999999999999997
    vertex 0.002727994291664513 0.0003806694187467306 0.009999999999999997
  endloop
endfacet
facet normal 0 0 1
  outer loop
    vertex 0.002719852970578671 -0.0005866486200693065 0.009999999999999997
    vertex 0.003134487892566828 -0.0003748778391288024 0.009999999999999997
    vertex 0.002724133223469389 -0.000103394309920522 0.009999999999999997
  endloop
endfacet
facet normal 0 -0 1
  outer loop
    vertex 0.003134487892566828 -0.0003748778391288024 0.009999999999999997
    vertex 0.003138603193772838 0.0001124833347834016 0.009999999999999997
    vertex 0.002724133223469389 -0.000103394309920522 0.009999999999999997
  endloop
endfacet
facet normal -0 0 1
  outer loop
    vertex 0.002307073026889303 -0.000824836474323149 0.009999999999999997
    vertex 0.00271453390852904 -0.001066464568028983 0.009999999999999997
    vertex 0.002719852970578671 -0.0005866486200693065 0.009999999999999997
  endloop
endfacet
facet normal 0 0 1
  outer loop
    vertex 0.00271453390852904 -0.001066464568028983 0.009999999999999997
    vertex 0.003106590331977997 -0.0008309496509488047 0.009999999999999997
    vertex 0.002719852970578671 -0.0005866486200693065 0.009999999999999997
  endloop
endfacet
facet normal -0 0 1
  outer loop
    vertex 0.002719852970578671 -0.0005866486200693065 0.009999999999999997
    vertex 0.003106590331977997 -0.0008309496509488047 0.009999999999999997
    vertex 0.003134487892566828 -0.0003748778391288024 0.009999999999999997
  endloop
endfacet
facet normal 0 0 1
  outer loop
    vertex -0.003117178173846691 0.0009036583644487001 0.009999999999999997
    vertex -0.003517098171531787 0.0006731983195017521 0.009999999999999997
    vertex -0.003120590446758741 0.0004206424379453957 0.009999999999999997
  endloop
endfacet
facet normal 0 0 1
  outer loop
    vertex -0.003117178173846691 0.0009036583644487001 0.009999999999999997
    vertex -0.00348950054898517 0.001087372347426538 0.009999999999999997
    vertex -0.003517098171531787 0.0006731983195017521 0.009999999999999997
  endloop
endfacet
facet normal -0 0 1
  outer loop
    vertex 0.002329305324591014 0.00207278168539825 0.009999999999999997
    vertex 0.002653641227375724 0.001828970393509146 0.009999999999999997
    vertex 0.002806408979060464 0.00219815334429218 0.009999999999999997
  endloop
endfacet
facet normal 0 0 1
  outer loop
    vertex 0.00271263905998817 -0.001536280925018289 0.009999999999999997
    vertex 0.003084425917284079 -0.001306904350048327 0.009999999999999997
    vertex 0.00271453390852904 -0.001066464568028983 0.009999999999999997
  endloop
endfacet
facet normal 0 -0 1
  outer loop
    vertex 0.003084425917284079 -0.001306904350048327 0.009999999999999997
    vertex 0.003106590331977997 -0.0008309496509488047 0.009999999999999997
    vertex 0.00271453390852904 -0.001066464568028983 0.009999999999999997
  endloop
endfacet
facet normal 0 0 1
  outer loop
    vertex -0.002690586180849384 -0.001270744054120625 0.009999999999999997
    vertex -0.003174570113589703 -0.001468705997497093 0.009999999999999997
    vertex -0.002716287701057144 -0.001737848164115757 0.009999999999999997
  endloop
endfacet
facet normal 0 0 1
  outer loop
    vertex -0.002690586180849384 -0.001270744054120625 0.009999999999999997
    vertex -0.003021703204287029 -0.001029176250053616 0.009999999999999997
    vertex -0.003174570113589703 -0.001468705997497093 0.009999999999999997
  endloop
endfacet
facet normal 0 0 1
  outer loop
    vertex -0.001036966189628092 -0.00270486120084968 0.009999999999999997
    vertex -0.001435337343028828 -0.002909405519730334 0.009999999999999997
    vertex -0.001049936378026234 -0.003139897892136731 0.009999999999999997
  endloop
endfacet
facet normal 0 0 1
  outer loop
    vertex 0.001878004555079615 -0.002022224743586662 0.009999999999999997
    vertex 0.001867807510182054 -0.002493939600189577 0.009999999999999997
    vertex 0.002337337339868128 -0.002258270684779967 0.009999999999999997
  endloop
endfacet
facet normal -0 0 1
  outer loop
    vertex 0.002337337339868128 -0.002258270684779967 0.009999999999999997
    vertex 0.002607179081586566 -0.002589237065849418 0.009999999999999997
    vertex 0.002825599583378854 -0.002247644389722751 0.009999999999999997
  endloop
endfacet
facet normal 0 0 1
  outer loop
    vertex 0.002825599583378854 -0.002247644389722751 0.009999999999999997
    vertex 0.002661260574456442 -0.001911639132472049 0.009999999999999997
    vertex 0.002337337339868128 -0.002258270684779967 0.009999999999999997
  endloop
endfacet
facet normal -0 0 1
  outer loop
    vertex 0.0002112788543658285 -0.003500919013098274 0.009999999999999997
    vertex 0.0006602365020318746 -0.003603509720181088 0.009999999999999997
    vertex 0.0006225585528993247 -0.00320540189083733 0.009999999999999997
  endloop
endfacet
facet normal 0 0 1
  outer loop
    vertex 0.003134487892566828 -0.0003748778391288024 0.009999999999999997
    vertex 0.003555017994283535 -0.0001916846415905057 0.009999999999999997
    vertex 0.003138603193772838 0.0001124833347834016 0.009999999999999997
  endloop
endfacet
facet normal 0 0 1
  outer loop
    vertex -0.003174570113589703 -0.001468705997497093 0.009999999999999997
    vertex -0.003105732964757159 -0.001901309323258123 0.009999999999999997
    vertex -0.002716287701057144 -0.001737848164115757 0.009999999999999997
  endloop
endfacet
facet normal 0 0 1
  outer loop
    vertex 0.003084425917284079 -0.001306904350048327 0.009999999999999997
    vertex 0.003456722936695215 -0.001115399432428586 0.009999999999999997
    vertex 0.003106590331977997 -0.0008309496509488047 0.009999999999999997
  endloop
endfacet
facet normal -0 0 1
  outer loop
    vertex 0.003084425917284079 -0.001306904350048327 0.009999999999999997
    vertex 0.003399585090546171 -0.001522614857511806 0.009999999999999997
    vertex 0.003456722936695215 -0.001115399432428586 0.009999999999999997
  endloop
endfacet
facet normal 0 0 1
  outer loop
    vertex -0.002637426733701966 0.002072276715945017 0.009999999999999997
    vertex -0.002920333023130354 0.002290441134112974 0.009999999999999997
    vertex -0.003055121884779449 0.001927907907091124 0.009999999999999997
  endloop
endfacet
facet normal 0 0 1
  outer loop
    vertex -0.001049936378026234 -0.003139897892136731 0.009999999999999997
    vertex -0.001108251744073476 -0.003519849129499546 0.009999999999999997
    vertex -0.0006744317315658988 -0.003461927340146304 0.009999999999999997
  endloop
endfacet
facet normal 0 0 1
  outer loop
    vertex -0.001835542701274505 -0.003092395028676738 0.009999999999999997
    vertex -0.001435337343028828 -0.002909405519730334 0.009999999999999997
    vertex -0.001782526178516054 -0.002710648217813935 0.009999999999999997
  endloop
endfacet
facet normal 0.998111 0.0603746 -0.0114022
  outer loop
    vertex 0.004 0 0.01
    vertex 0.003970835496392216 0.0004821467210212913 0.01
    vertex 0.003981322976712122 0.0003860924178278071 0.01040943242495194
  endloop
endfacet
facet normal 0.998832 0.048318 0
  outer loop
    vertex 0.004 0 0.0105
    vertex 0.004 0 0.01
    vertex 0.003981322976712122 0.0003860924178278071 0.01040943242495194
  endloop
endfacet
facet normal 0.0603726 0.998078 -0.0139533
  outer loop
    vertex 0.0004821467210212943 0.003970835496392216 0.01
    vertex 0 0.004 0.01
    vertex 0.0003672091314046215 0.003983109018569925 0.01038061677139717
  endloop
endfacet
facet normal 0.0459497 0.998944 -0
  outer loop
    vertex 0 0.004 0.01
    vertex 0 0.004 0.0105
    vertex 0.0003672091314046215 0.003983109018569925 0.01038061677139717
  endloop
endfacet
facet normal 0.998943 0.0459561 0
  outer loop
    vertex 0.004 0 0.012
    vertex 0.004 0 0.0115
    vertex 0.003983104302457564 0.0003672602833741291 0.011619351331771
  endloop
endfacet
facet normal 0.998078 0.0603726 0.0139479
  outer loop
    vertex 0.003970835496392216 0.0004821467210212913 0.012
    vertex 0.004 0 0.012
    vertex 0.003983104302457564 0.0003672602833741291 0.011619351331771
  endloop
endfacet
facet normal 0.048318 0.998832 -0
  outer loop
    vertex 0 0.004 0.0115
    vertex 0 0.004 0.012
    vertex 0.0003860924178274175 0.003981322976712161 0.01159056757504612
  endloop
endfacet
facet normal 0.0603746 0.998111 0.0114022
  outer loop
    vertex 0 0.004 0.012
    vertex 0.0004821467210212943 0.003970835496392216 0.012
    vertex 0.0003860924178274175 0.003981322976712161 0.01159056757504612
  endloop
endfacet
facet normal 0.983573 0.180246 -0.00976729
  outer loop
    vertex 0.003970835496392216 0.0004821467210212913 0.01
    vertex 0.003883767269704208 0.0009572626571502298 0.01
    vertex 0.003907568517785212 0.0008549317392715498 0.01050837836895925
  endloop
endfacet
facet normal 0.988138 0.153203 0.0106312
  outer loop
    vertex 0.003970835496392216 0.0004821467210212913 0.01
    vertex 0.003907568517785212 0.0008549317392715498 0.01050837836895925
    vertex 0.003981322976712122 0.0003860924178278071 0.01040943242495194
  endloop
endfacet
facet normal 0.954519 0.29744 -0.0205856
  outer loop
    vertex 0.003883767269704208 0.0009572626571502298 0.01
    vertex 0.003740064970741659 0.001418419548170142 0.01
    vertex 0.003809983983753584 0.001218204434215034 0.01034912870740439
  endloop
endfacet
facet normal 0.964886 0.262558 0.00767611
  outer loop
    vertex 0.003907568517785212 0.0008549317392715498 0.01050837836895925
    vertex 0.003883767269704208 0.0009572626571502298 0.01
    vertex 0.003809983983753584 0.001218204434215034 0.01034912870740439
  endloop
endfacet
facet normal 0.911752 0.410346 -0.0180108
  outer loop
    vertex 0.003740064970741659 0.001418419548170142 0.01
    vertex 0.00354182410261284 0.001858892688175074 0.01
    vertex 0.003647851987337775 0.001641089844729972 0.01040512034448684
  endloop
endfacet
facet normal 0.934343 0.355969 0.0170194
  outer loop
    vertex 0.003740064970741659 0.001418419548170142 0.01
    vertex 0.003647851987337775 0.001641089844729972 0.01040512034448684
    vertex 0.003809983983753584 0.001218204434215034 0.01034912870740439
  endloop
endfacet
facet normal 0.855648 0.517258 -0.0176174
  outer loop
    vertex 0.00354182410261284 0.001858892688175074 0.01
    vertex 0.003291935463574626 0.002272258986924622 0.01
    vertex 0.003423505000882684 0.002068722675694171 0.01041416838760882
  endloop
endfacet
facet normal 0.885549 0.464205 0.0178027
  outer loop
    vertex 0.003647851987337775 0.001641089844729972 0.01040512034448684
    vertex 0.00354182410261284 0.001858892688175074 0.01
    vertex 0.003423505000882684 0.002068722675694171 0.01041416838760882
  endloop
endfacet
facet normal 0.787046 0.616611 -0.0186621
  outer loop
    vertex 0.003291935463574626 0.002272258986924622 0.01
    vertex 0.002994042992684405 0.00265249063296318 0.01
    vertex 0.003153261732195061 0.002461085217596946 0.0103906192048948
  endloop
endfacet
facet normal 0.822934 0.567862 0.0176439
  outer loop
    vertex 0.003291935463574626 0.002272258986924622 0.01
    vertex 0.003153261732195061 0.002461085217596946 0.0103906192048948
    vertex 0.003423505000882684 0.002068722675694171 0.01041416838760882
  endloop
endfacet
facet normal 0.706982 0.706982 -0.0188003
  outer loop
    vertex 0.002994042992684405 0.00265249063296318 0.01
    vertex 0.002652490632963182 0.002994042992684403 0.01
    vertex 0.002823819058642897 0.0028330276956015 0.01038782396410668
  endloop
endfacet
facet normal 0.748359 0.662997 0.0198364
  outer loop
    vertex 0.003153261732195061 0.002461085217596946 0.0103906192048948
    vertex 0.002994042992684405 0.00265249063296318 0.01
    vertex 0.002823819058642897 0.0028330276956015 0.01038782396410668
  endloop
endfacet
facet normal 0.616625 0.787064 -0.0174434
  outer loop
    vertex 0.002652490632963182 0.002994042992684403 0.01
    vertex 0.002272258986924624 0.003291935463574625 0.01
    vertex 0.002466870920046417 0.003148737503163664 0.01041830678384784
  endloop
endfacet
facet normal 0.663254 0.748187 0.0176248
  outer loop
    vertex 0.002652490632963182 0.002994042992684403 0.01
    vertex 0.002466870920046417 0.003148737503163664 0.01041830678384784
    vertex 0.002823819058642897 0.0028330276956015 0.01038782396410668
  endloop
endfacet
facet normal 0.517259 0.855651 -0.0174435
  outer loop
    vertex 0.002272258986924624 0.003291935463574625 0.01
    vertex 0.001858892688175073 0.00354182410261284 0.01
    vertex 0.002069342716158148 0.003423130252135203 0.01041830354592146
  endloop
endfacet
facet normal 0.567977 0.82286 0.0174437
  outer loop
    vertex 0.002466870920046417 0.003148737503163664 0.01041830678384784
    vertex 0.002272258986924624 0.003291935463574625 0.01
    vertex 0.002069342716158148 0.003423130252135203 0.01041830354592146
  endloop
endfacet
facet normal 0.410359 0.91178 -0.0161951
  outer loop
    vertex 0.001858892688175073 0.00354182410261284 0.01
    vertex 0.001418419548170144 0.003740064970741659 0.01
    vertex 0.00165152386289728 0.00364313998225169 0.01044965173683777
  endloop
endfacet
facet normal 0.466803 0.884216 0.0160464
  outer loop
    vertex 0.002069342716158148 0.003423130252135203 0.01041830354592146
    vertex 0.001858892688175073 0.00354182410261284 0.01
    vertex 0.00165152386289728 0.00364313998225169 0.01044965173683777
  endloop
endfacet
facet normal 0.297458 0.954576 -0.0174457
  outer loop
    vertex 0.001418419548170144 0.003740064970741659 0.01
    vertex 0.000957262657150231 0.003883767269704208 0.01
    vertex 0.001190012215420811 0.003818883466034183 0.01041825083862251
  endloop
endfacet
facet normal 0.354771 0.934788 0.0175819
  outer loop
    vertex 0.001418419548170144 0.003740064970741659 0.01
    vertex 0.001190012215420811 0.003818883466034183 0.01041825083862251
    vertex 0.00165152386289728 0.00364313998225169 0.01044965173683777
  endloop
endfacet
facet normal 0.180237 0.98352 -0.0142336
  outer loop
    vertex 0.000957262657150231 0.003883767269704208 0.01
    vertex 0.0004821467210212943 0.003970835496392216 0.01
    vertex 0.0007597802491073855 0.003927178882234207 0.01049900142192575
  endloop
endfacet
facet normal 0.24641 0.969076 0.0132112
  outer loop
    vertex 0.001190012215420811 0.003818883466034183 0.01041825083862251
    vertex 0.000957262657150231 0.003883767269704208 0.01
    vertex 0.0007597802491073855 0.003927178882234207 0.01049900142192575
  endloop
endfacet
facet normal 0.138148 0.990363 0.00978204
  outer loop
    vertex 0.0007597802491073855 0.003927178882234207 0.01049900142192575
    vertex 0.0004821467210212943 0.003970835496392216 0.01
    vertex 0.0003672091314046215 0.003983109018569925 0.01038061677139717
  endloop
endfacet
facet normal 0.998534 0.0541266 0
  outer loop
    vertex 0.004 0 0.011
    vertex 0.004 0 0.0105
    vertex 0.003976562499999879 0.0004323779406892933 0.01075
  endloop
endfacet
facet normal 0.998724 0.0499937 0.00716574
  outer loop
    vertex 0.003976562499999879 0.0004323779406892933 0.01075
    vertex 0.004 0 0.0105
    vertex 0.003981322976712122 0.0003860924178278071 0.01040943242495194
  endloop
endfacet
facet normal 0.998534 0.0541266 0
  outer loop
    vertex 0.004 0 0.0115
    vertex 0.004 0 0.011
    vertex 0.003976562499999968 0.0004323779406884739 0.01125
  endloop
endfacet
facet normal 0.998534 0.0541266 -8.97149e-14
  outer loop
    vertex 0.004 0 0.011
    vertex 0.003976562499999879 0.0004323779406892933 0.01075
    vertex 0.003976562499999968 0.0004323779406884739 0.01125
  endloop
endfacet
facet normal 0.998763 0.0488951 -0.00906934
  outer loop
    vertex 0.004 0 0.0115
    vertex 0.003976562499999968 0.0004323779406884739 0.01125
    vertex 0.003983104302457564 0.0003672602833741291 0.011619351331771
  endloop
endfacet
facet normal 0.0541266 0.998534 -0
  outer loop
    vertex 0 0.004 0.0105
    vertex 0 0.004 0.011
    vertex 0.0004323779406873926 0.003976562500000085 0.01075
  endloop
endfacet
facet normal 0.0488918 0.998763 0.00907513
  outer loop
    vertex 0 0.004 0.0105
    vertex 0.0004323779406873926 0.003976562500000085 0.01075
    vertex 0.0003672091314046215 0.003983109018569925 0.01038061677139717
  endloop
endfacet
facet normal 0.0541266 0.998534 -0
  outer loop
    vertex 0 0.004 0.011
    vertex 0 0.004 0.0115
    vertex 0.0004323779406879118 0.003976562500000029 0.01125
  endloop
endfacet
facet normal 0.0541266 0.998534 5.63918e-14
  outer loop
    vertex 0 0.004 0.011
    vertex 0.0004323779406879118 0.003976562500000029 0.01125
    vertex 0.0004323779406873926 0.003976562500000085 0.01075
  endloop
endfacet
facet normal 0.0499937 0.998724 -0.00716574
  outer loop
    vertex 0.0004323779406879118 0.003976562500000029 0.01125
    vertex 0 0.004 0.0115
    vertex 0.0003860924178274175 0.003981322976712161 0.01159056757504612
  endloop
endfacet
facet normal 0.983521 0.180237 0.0141525
  outer loop
    vertex 0.003883767269704208 0.0009572626571502298 0.012
    vertex 0.003970835496392216 0.0004821467210212913 0.012
    vertex 0.003926782997960198 0.0007618236586840267 0.01149962600704095
  endloop
endfacet
facet normal 0.990331 0.138376 -0.00984462
  outer loop
    vertex 0.003926782997960198 0.0007618236586840267 0.01149962600704095
    vertex 0.003970835496392216 0.0004821467210212913 0.012
    vertex 0.003983104302457564 0.0003672602833741291 0.011619351331771
  endloop
endfacet
facet normal 0.954576 0.297458 0.0174457
  outer loop
    vertex 0.003740064970741659 0.001418419548170142 0.012
    vertex 0.003883767269704208 0.0009572626571502298 0.012
    vertex 0.003818883466034183 0.001190012215420811 0.01158174916137765
  endloop
endfacet
facet normal 0.969008 0.246684 -0.0130482
  outer loop
    vertex 0.003818883466034183 0.001190012215420811 0.01158174916137765
    vertex 0.003883767269704208 0.0009572626571502298 0.012
    vertex 0.003926782997960198 0.0007618236586840267 0.01149962600704095
  endloop
endfacet
facet normal 0.911729 0.410336 0.0193824
  outer loop
    vertex 0.00354182410261284 0.001858892688175074 0.012
    vertex 0.003740064970741659 0.001418419548170142 0.012
    vertex 0.003647599383968361 0.001641651221811026 0.01162355536129392
  endloop
endfacet
facet normal 0.934294 0.356031 -0.0183631
  outer loop
    vertex 0.003740064970741659 0.001418419548170142 0.012
    vertex 0.003818883466034183 0.001190012215420811 0.01158174916137765
    vertex 0.003647599383968361 0.001641651221811026 0.01162355536129392
  endloop
endfacet
facet normal 0.855651 0.517259 0.0174457
  outer loop
    vertex 0.003291935463574626 0.002272258986924622 0.012
    vertex 0.00354182410261284 0.001858892688175074 0.012
    vertex 0.00342312508920579 0.002069351256710627 0.01158174916137765
  endloop
endfacet
facet normal 0.886044 0.463237 -0.0183631
  outer loop
    vertex 0.00342312508920579 0.002069351256710627 0.01158174916137765
    vertex 0.00354182410261284 0.001858892688175074 0.012
    vertex 0.003647599383968361 0.001641651221811026 0.01162355536129392
  endloop
endfacet
facet normal 0.787064 0.616625 0.0174457
  outer loop
    vertex 0.002994042992684405 0.00265249063296318 0.012
    vertex 0.003291935463574626 0.002272258986924622 0.012
    vertex 0.003148733922436081 0.002466875490514325 0.01158174916137765
  endloop
endfacet
facet normal 0.822859 0.567978 -0.0174457
  outer loop
    vertex 0.003291935463574626 0.002272258986924622 0.012
    vertex 0.00342312508920579 0.002069351256710627 0.01158174916137765
    vertex 0.003148733922436081 0.002466875490514325 0.01158174916137765
  endloop
endfacet
facet normal 0.707022 0.707022 0.0154743
  outer loop
    vertex 0.002652490632963182 0.002994042992684403 0.012
    vertex 0.002994042992684405 0.00265249063296318 0.012
    vertex 0.002807276345695337 0.002849420909395352 0.01153562157429788
  endloop
endfacet
facet normal 0.747021 0.66454 -0.0186283
  outer loop
    vertex 0.002807276345695337 0.002849420909395352 0.01153562157429788
    vertex 0.002994042992684405 0.00265249063296318 0.012
    vertex 0.003148733922436081 0.002466875490514325 0.01158174916137765
  endloop
endfacet
facet normal 0.616571 0.786995 0.0218927
  outer loop
    vertex 0.002272258986924624 0.003291935463574625 0.012
    vertex 0.002652490632963182 0.002994042992684403 0.012
    vertex 0.002466875490514175 0.003148733922436199 0.0116667368151564
  endloop
endfacet
facet normal 0.656793 0.753904 -0.0158688
  outer loop
    vertex 0.002652490632963182 0.002994042992684403 0.012
    vertex 0.002807276345695337 0.002849420909395352 0.01153562157429788
    vertex 0.002466875490514175 0.003148733922436199 0.0116667368151564
  endloop
endfacet
facet normal 0.517274 0.855675 0.0157603
  outer loop
    vertex 0.001858892688175073 0.00354182410261284 0.012
    vertex 0.002272258986924624 0.003291935463574625 0.012
    vertex 0.002097517858556133 0.003405938759437417 0.01154564375660048
  endloop
endfacet
facet normal 0.574871 0.818091 -0.0158212
  outer loop
    vertex 0.002097517858556133 0.003405938759437417 0.01154564375660048
    vertex 0.002272258986924624 0.003291935463574625 0.012
    vertex 0.002466875490514175 0.003148733922436199 0.0116667368151564
  endloop
endfacet
facet normal 0.410367 0.911797 0.0150123
  outer loop
    vertex 0.001418419548170144 0.003740064970741659 0.012
    vertex 0.001858892688175073 0.00354182410261284 0.012
    vertex 0.001623856455389893 0.003655556074291375 0.01151709854643569
  endloop
endfacet
facet normal 0.467033 0.884033 -0.019107
  outer loop
    vertex 0.001623856455389893 0.003655556074291375 0.01151709854643569
    vertex 0.001858892688175073 0.00354182410261284 0.012
    vertex 0.002097517858556133 0.003405938759437417 0.01154564375660048
  endloop
endfacet
facet normal 0.29744 0.954519 0.0205856
  outer loop
    vertex 0.000957262657150231 0.003883767269704208 0.012
    vertex 0.001418419548170144 0.003740064970741659 0.012
    vertex 0.001218204434213661 0.003809983983754023 0.01165087129259617
  endloop
endfacet
facet normal 0.35165 0.936024 -0.0142065
  outer loop
    vertex 0.001418419548170144 0.003740064970741659 0.012
    vertex 0.001623856455389893 0.003655556074291375 0.01151709854643569
    vertex 0.001218204434213661 0.003809983983754023 0.01165087129259617
  endloop
endfacet
facet normal 0.180246 0.983573 0.00976729
  outer loop
    vertex 0.0004821467210212943 0.003970835496392216 0.012
    vertex 0.000957262657150231 0.003883767269704208 0.012
    vertex 0.0008549317392700169 0.003907568517785548 0.01149162163104095
  endloop
endfacet
facet normal 0.262558 0.964886 -0.00767611
  outer loop
    vertex 0.0008549317392700169 0.003907568517785548 0.01149162163104095
    vertex 0.000957262657150231 0.003883767269704208 0.012
    vertex 0.001218204434213661 0.003809983983754023 0.01165087129259617
  endloop
endfacet
facet normal 0.153203 0.988138 -0.0106312
  outer loop
    vertex 0.0004821467210212943 0.003970835496392216 0.012
    vertex 0.0008549317392700169 0.003907568517785548 0.01149162163104095
    vertex 0.0003860924178274175 0.003981322976712161 0.01159056757504612
  endloop
endfacet
facet normal 0.357395 0.933936 0.00562412
  outer loop
    vertex 0.001623856455389893 0.003655556074291375 0.01151709854643569
    vertex 0.001261338454734019 0.003795922193961462 0.01124492552131533
    vertex 0.001218204434213661 0.003809983983754023 0.01165087129259617
  endloop
endfacet
facet normal 0.356415 0.934301 0.00711783
  outer loop
    vertex 0.001261338454734019 0.003795922193961462 0.01124492552131533
    vertex 0.001623856455389893 0.003655556074291375 0.01151709854643569
    vertex 0.001574987295368572 0.003676875714438494 0.0111656925889151
  endloop
endfacet
facet normal 0.464487 0.885012 0.0317049
  outer loop
    vertex 0.001623856455389893 0.003655556074291375 0.01151709854643569
    vertex 0.002097517858556133 0.003405938759437417 0.01154564375660048
    vertex 0.001858892688174992 0.003541824102612883 0.01124846517029816
  endloop
endfacet
facet normal 0.430787 0.902439 -0.00515793
  outer loop
    vertex 0.001623856455389893 0.003655556074291375 0.01151709854643569
    vertex 0.001858892688174992 0.003541824102612883 0.01124846517029816
    vertex 0.001574987295368572 0.003676875714438494 0.0111656925889151
  endloop
endfacet
facet normal 0.660334 0.750972 2.09205e-05
  outer loop
    vertex 0.002807276345695337 0.002849420909395352 0.01153562157429788
    vertex 0.002466995207835341 0.003148640126231873 0.01125493175715476
    vertex 0.002466875490514175 0.003148733922436199 0.0116667368151564
  endloop
endfacet
facet normal 0.653559 0.756739 0.0143831
  outer loop
    vertex 0.002466995207835341 0.003148640126231873 0.01125493175715476
    vertex 0.002807276345695337 0.002849420909395352 0.01153562157429788
    vertex 0.002739366454344434 0.00291476781730765 0.01118330023356367
  endloop
endfacet
facet normal 0.744637 0.66715 0.0206685
  outer loop
    vertex 0.002807276345695337 0.002849420909395352 0.01153562157429788
    vertex 0.003148733922436081 0.002466875490514325 0.01158174916137765
    vertex 0.002994042992684338 0.002652490632963256 0.01116349832275514
  endloop
endfacet
facet normal 0.717059 0.696955 -0.0089452
  outer loop
    vertex 0.002807276345695337 0.002849420909395352 0.01153562157429788
    vertex 0.002994042992684338 0.002652490632963256 0.01116349832275514
    vertex 0.002739366454344434 0.00291476781730765 0.01118330023356367
  endloop
endfacet
facet normal 0.822872 0.567988 0.0164851
  outer loop
    vertex 0.003148733922436081 0.002466875490514325 0.01158174916137765
    vertex 0.00342312508920579 0.002069351256710627 0.01158174916137765
    vertex 0.003228835025089026 0.002361064247486364 0.0112290978876801
  endloop
endfacet
facet normal 0.88418 0.466484 0.0248598
  outer loop
    vertex 0.00342312508920579 0.002069351256710627 0.01158174916137765
    vertex 0.003647599383968361 0.001641651221811026 0.01162355536129392
    vertex 0.003569399994328624 0.001805376326555441 0.01133261535444587
  endloop
endfacet
facet normal 0.832294 0.554334 -2.97909e-14
  outer loop
    vertex 0.00342312508920579 0.002069351256710627 0.01158174916137765
    vertex 0.003423125089205929 0.002069351256710396 0.01116986391688115
    vertex 0.003228835025089026 0.002361064247486364 0.0112290978876801
  endloop
endfacet
facet normal 0.874688 0.484686 2.36246e-14
  outer loop
    vertex 0.003423125089205929 0.002069351256710396 0.01116986391688115
    vertex 0.00342312508920579 0.002069351256710627 0.01158174916137765
    vertex 0.003569399994328624 0.001805376326555441 0.01133261535444587
  endloop
endfacet
facet normal 0.935354 0.353433 0.0140509
  outer loop
    vertex 0.003818883466034183 0.001190012215420811 0.01158174916137765
    vertex 0.003700392096048434 0.0015189135378626 0.01119650619972655
    vertex 0.003647599383968361 0.001641651221811026 0.01162355536129392
  endloop
endfacet
facet normal 0.942048 0.335462 -0.00335038
  outer loop
    vertex 0.003700392096048434 0.0015189135378626 0.01119650619972655
    vertex 0.003818883466034183 0.001190012215420811 0.01158174916137765
    vertex 0.003827407605263895 0.001162304187021666 0.01120422777700747
  endloop
endfacet
facet normal 0.969861 0.243625 0.00401792
  outer loop
    vertex 0.003818883466034183 0.001190012215420811 0.01158174916137765
    vertex 0.003926782997960198 0.0007618236586840267 0.01149962600704095
    vertex 0.003827407605263895 0.001162304187021666 0.01120422777700747
  endloop
endfacet
facet normal 0.356943 0.93393 -0.0191465
  outer loop
    vertex 0.00165152386289728 0.00364313998225169 0.01044965173683777
    vertex 0.001190012215420811 0.003818883466034183 0.01041825083862251
    vertex 0.001418891515881282 0.003739885942934639 0.01083183497674026
  endloop
endfacet
facet normal 0.312252 0.94996 0.00864751
  outer loop
    vertex 0.001418891515881282 0.003739885942934639 0.01083183497674026
    vertex 0.001190012215420811 0.003818883466034183 0.01041825083862251
    vertex 0.001092123122376324 0.003848021190894222 0.01075203365971612
  endloop
endfacet
facet normal 0.241633 0.970269 -0.0138358
  outer loop
    vertex 0.001190012215420811 0.003818883466034183 0.01041825083862251
    vertex 0.0007597802491073855 0.003927178882234207 0.01049900142192575
    vertex 0.001092123122376324 0.003848021190894222 0.01075203365971612
  endloop
endfacet
facet normal 0.567977 0.82286 -0.0174409
  outer loop
    vertex 0.002466870920046417 0.003148737503163664 0.01041830678384784
    vertex 0.002069342716158148 0.003423130252135203 0.01041830354592146
    vertex 0.002272258986924492 0.003291935463574716 0.01083667713789211
  endloop
endfacet
facet normal 0.616638 0.787054 0.01745
  outer loop
    vertex 0.002466870920046417 0.003148737503163664 0.01041830678384784
    vertex 0.002272258986924492 0.003291935463574716 0.01083667713789211
    vertex 0.002652561001078949 0.002993980650497769 0.01083655577921517
  endloop
endfacet
facet normal 0.661639 0.749644 -0.0163714
  outer loop
    vertex 0.002466870920046417 0.003148737503163664 0.01041830678384784
    vertex 0.002652561001078949 0.002993980650497769 0.01083655577921517
    vertex 0.002823819058642897 0.0028330276956015 0.01038782396410668
  endloop
endfacet
facet normal 0.74849 0.662804 -0.0213041
  outer loop
    vertex 0.003153261732195061 0.002461085217596946 0.0103906192048948
    vertex 0.002823819058642897 0.0028330276956015 0.01038782396410668
    vertex 0.002994042992684402 0.002652490632963184 0.01075161307825849
  endloop
endfacet
facet normal 0.823884 0.566563 -0.014903
  outer loop
    vertex 0.003423505000882684 0.002068722675694171 0.01041416838760882
    vertex 0.003153261732195061 0.002461085217596946 0.0103906192048948
    vertex 0.003272706102217047 0.002299868424173718 0.01086494130871236
  endloop
endfacet
facet normal 0.782189 0.622867 0.014734
  outer loop
    vertex 0.003272706102217047 0.002299868424173718 0.01086494130871236
    vertex 0.003153261732195061 0.002461085217596946 0.0103906192048948
    vertex 0.002994042992684402 0.002652490632963184 0.01075161307825849
  endloop
endfacet
facet normal 0.923135 0.383617 0.0256906
  outer loop
    vertex 0.00379592219396079 0.001261338454736042 0.0107550744786849
    vertex 0.003647851987337775 0.001641089844729972 0.01040512034448684
    vertex 0.003549441464073121 0.001844306182042032 0.01090681513465594
  endloop
endfacet
facet normal 0.933456 0.358646 -0.00577368
  outer loop
    vertex 0.003647851987337775 0.001641089844729972 0.01040512034448684
    vertex 0.00379592219396079 0.001261338454736042 0.0107550744786849
    vertex 0.003809983983753584 0.001218204434215034 0.01034912870740439
  endloop
endfacet
facet normal 0.885313 0.464766 -0.0145986
  outer loop
    vertex 0.003647851987337775 0.001641089844729972 0.01040512034448684
    vertex 0.003423505000882684 0.002068722675694171 0.01041416838760882
    vertex 0.003549441464073121 0.001844306182042032 0.01090681513465594
  endloop
endfacet
facet normal 0.160944 0.986964 -5.58275e-14
  outer loop
    vertex 0.0004323779406873926 0.003976562500000085 0.01075
    vertex 0.0004323779406879118 0.003976562500000029 0.01125
    vertex 0.0008533423463868213 0.003907915920265306 0.01111882568898473
  endloop
endfacet
facet normal 0.161015 0.986952 0.000233248
  outer loop
    vertex 0.0008533423463868213 0.003907915920265306 0.01111882568898473
    vertex 0.0004323779406879118 0.003976562500000029 0.01125
    vertex 0.0008549317392700169 0.003907568517785548 0.01149162163104095
  endloop
endfacet
facet normal 0.156947 0.987578 0.00752577
  outer loop
    vertex 0.0008549317392700169 0.003907568517785548 0.01149162163104095
    vertex 0.0004323779406879118 0.003976562500000029 0.01125
    vertex 0.0003860924178274175 0.003981322976712161 0.01159056757504612
  endloop
endfacet
facet normal 0.986963 0.160948 8.74099e-14
  outer loop
    vertex 0.003976562499999968 0.0004323779406884739 0.01125
    vertex 0.003976562499999879 0.0004323779406892933 0.01075
    vertex 0.003907908948625115 0.0008533742726704089 0.01088093076309478
  endloop
endfacet
facet normal 0.986952 0.161017 -0.000228719
  outer loop
    vertex 0.003907908948625115 0.0008533742726704089 0.01088093076309478
    vertex 0.003976562499999879 0.0004323779406892933 0.01075
    vertex 0.003907568517785212 0.0008549317392715498 0.01050837836895925
  endloop
endfacet
facet normal 0.987578 0.156947 -0.00752577
  outer loop
    vertex 0.003907568517785212 0.0008549317392715498 0.01050837836895925
    vertex 0.003976562499999879 0.0004323779406892933 0.01075
    vertex 0.003981322976712122 0.0003860924178278071 0.01040943242495194
  endloop
endfacet
facet normal 0.987926 0.15476 -0.00723743
  outer loop
    vertex 0.003976562499999968 0.0004323779406884739 0.01125
    vertex 0.003907908948625115 0.0008533742726704089 0.01088093076309478
    vertex 0.003926782997960198 0.0007618236586840267 0.01149962600704095
  endloop
endfacet
facet normal 0.989602 0.143624 0.00779388
  outer loop
    vertex 0.003976562499999968 0.0004323779406884739 0.01125
    vertex 0.003926782997960198 0.0007618236586840267 0.01149962600704095
    vertex 0.003983104302457564 0.0003672602833741291 0.011619351331771
  endloop
endfacet
facet normal 0.96431 0.264774 0.000225729
  outer loop
    vertex 0.003907908948625115 0.0008533742726704089 0.01088093076309478
    vertex 0.003907568517785212 0.0008549317392715498 0.01050837836895925
    vertex 0.00379592219396079 0.001261338454736042 0.0107550744786849
  endloop
endfacet
facet normal 0.965057 0.261851 -0.0099142
  outer loop
    vertex 0.003907908948625115 0.0008533742726704089 0.01088093076309478
    vertex 0.00379592219396079 0.001261338454736042 0.0107550744786849
    vertex 0.003827407605263895 0.001162304187021666 0.01120422777700747
  endloop
endfacet
facet normal 0.969367 0.245525 0.00675952
  outer loop
    vertex 0.003926782997960198 0.0007618236586840267 0.01149962600704095
    vertex 0.003907908948625115 0.0008533742726704089 0.01088093076309478
    vertex 0.003827407605263895 0.001162304187021666 0.01120422777700747
  endloop
endfacet
facet normal 0.965127 0.261723 0.00562206
  outer loop
    vertex 0.00379592219396079 0.001261338454736042 0.0107550744786849
    vertex 0.003907568517785212 0.0008549317392715498 0.01050837836895925
    vertex 0.003809983983753584 0.001218204434215034 0.01034912870740439
  endloop
endfacet
facet normal 0.917475 0.396442 -0.0327732
  outer loop
    vertex 0.00379592219396079 0.001261338454736042 0.0107550744786849
    vertex 0.003549441464073121 0.001844306182042032 0.01090681513465594
    vertex 0.003700392096048434 0.0015189135378626 0.01119650619972655
  endloop
endfacet
facet normal 0.941946 0.335671 0.0079825
  outer loop
    vertex 0.00379592219396079 0.001261338454736042 0.0107550744786849
    vertex 0.003700392096048434 0.0015189135378626 0.01119650619972655
    vertex 0.003827407605263895 0.001162304187021666 0.01120422777700747
  endloop
endfacet
facet normal 0.154657 0.987941 0.007358
  outer loop
    vertex 0.0004323779406873926 0.003976562500000085 0.01075
    vertex 0.0008533423463868213 0.003907915920265306 0.01111882568898473
    vertex 0.0007597802491073855 0.003927178882234207 0.01049900142192575
  endloop
endfacet
facet normal 0.143333 0.989644 -0.00774829
  outer loop
    vertex 0.0004323779406873926 0.003976562500000085 0.01075
    vertex 0.0007597802491073855 0.003927178882234207 0.01049900142192575
    vertex 0.0003672091314046215 0.003983109018569925 0.01038061677139717
  endloop
endfacet
facet normal 0.264772 0.964311 -0.000230212
  outer loop
    vertex 0.0008533423463868213 0.003907915920265306 0.01111882568898473
    vertex 0.0008549317392700169 0.003907568517785548 0.01149162163104095
    vertex 0.001261338454734019 0.003795922193961462 0.01124492552131533
  endloop
endfacet
facet normal 0.261126 0.965225 0.0123775
  outer loop
    vertex 0.0008533423463868213 0.003907915920265306 0.01111882568898473
    vertex 0.001261338454734019 0.003795922193961462 0.01124492552131533
    vertex 0.001092123122376324 0.003848021190894222 0.01075203365971612
  endloop
endfacet
facet normal 0.235551 0.971847 -0.00535311
  outer loop
    vertex 0.0007597802491073855 0.003927178882234207 0.01049900142192575
    vertex 0.0008533423463868213 0.003907915920265306 0.01111882568898473
    vertex 0.001092123122376324 0.003848021190894222 0.01075203365971612
  endloop
endfacet
facet normal 0.261723 0.965127 -0.00562206
  outer loop
    vertex 0.001261338454734019 0.003795922193961462 0.01124492552131533
    vertex 0.0008549317392700169 0.003907568517785548 0.01149162163104095
    vertex 0.001218204434213661 0.003809983983754023 0.01165087129259617
  endloop
endfacet
facet normal 0.315959 0.948737 -0.00819025
  outer loop
    vertex 0.001261338454734019 0.003795922193961462 0.01124492552131533
    vertex 0.001418891515881282 0.003739885942934639 0.01083183497674026
    vertex 0.001092123122376324 0.003848021190894222 0.01075203365971612
  endloop
endfacet
facet normal 0.356916 0.934089 0.00941758
  outer loop
    vertex 0.001418891515881282 0.003739885942934639 0.01083183497674026
    vertex 0.001261338454734019 0.003795922193961462 0.01124492552131533
    vertex 0.001574987295368572 0.003676875714438494 0.0111656925889151
  endloop
endfacet
facet normal 0.520087 0.853972 0.0155424
  outer loop
    vertex 0.002272258986924492 0.003291935463574716 0.01083667713789211
    vertex 0.002069342716158148 0.003423130252135203 0.01041830354592146
    vertex 0.00185879388201392 0.003541875958328809 0.01093934583445699
  endloop
endfacet
facet normal 0.465065 0.885169 -0.0138012
  outer loop
    vertex 0.00185879388201392 0.003541875958328809 0.01093934583445699
    vertex 0.002069342716158148 0.003423130252135203 0.01041830354592146
    vertex 0.00165152386289728 0.00364313998225169 0.01044965173683777
  endloop
endfacet
facet normal 0.616631 0.787059 -0.0174498
  outer loop
    vertex 0.002652561001078949 0.002993980650497769 0.01083655577921517
    vertex 0.002272258986924492 0.003291935463574716 0.01083667713789211
    vertex 0.002466995207835341 0.003148640126231873 0.01125493175715476
  endloop
endfacet
facet normal 0.514176 0.857518 -0.016898
  outer loop
    vertex 0.002272258986924492 0.003291935463574716 0.01083667713789211
    vertex 0.00185879388201392 0.003541875958328809 0.01093934583445699
    vertex 0.002172266175469999 0.003358758649100727 0.01118513476252466
  endloop
endfacet
facet normal 0.578938 0.815313 0.00977968
  outer loop
    vertex 0.002466995207835341 0.003148640126231873 0.01125493175715476
    vertex 0.002272258986924492 0.003291935463574716 0.01083667713789211
    vertex 0.002172266175469999 0.003358758649100727 0.01118513476252466
  endloop
endfacet
facet normal 0.652871 0.757408 0.00958529
  outer loop
    vertex 0.002652561001078949 0.002993980650497769 0.01083655577921517
    vertex 0.002466995207835341 0.003148640126231873 0.01125493175715476
    vertex 0.002739366454344434 0.00291476781730765 0.01118330023356367
  endloop
endfacet
facet normal 0.709223 0.704757 0.0178893
  outer loop
    vertex 0.002823819058642897 0.0028330276956015 0.01038782396410668
    vertex 0.002652561001078949 0.002993980650497769 0.01083655577921517
    vertex 0.002994042992684402 0.002652490632963184 0.01075161307825849
  endloop
endfacet
facet normal 0.70522 0.708838 -0.0146154
  outer loop
    vertex 0.002994042992684402 0.002652490632963184 0.01075161307825849
    vertex 0.002652561001078949 0.002993980650497769 0.01083655577921517
    vertex 0.002739366454344434 0.00291476781730765 0.01118330023356367
  endloop
endfacet
facet normal 0.40703 0.913264 0.0165728
  outer loop
    vertex 0.00185879388201392 0.003541875958328809 0.01093934583445699
    vertex 0.00165152386289728 0.00364313998225169 0.01044965173683777
    vertex 0.001418891515881282 0.003739885942934639 0.01083183497674026
  endloop
endfacet
facet normal 0.414884 0.909601 -0.0223072
  outer loop
    vertex 0.00185879388201392 0.003541875958328809 0.01093934583445699
    vertex 0.001418891515881282 0.003739885942934639 0.01083183497674026
    vertex 0.001574987295368572 0.003676875714438494 0.0111656925889151
  endloop
endfacet
facet normal 0.504412 0.863463 -1.63803e-05
  outer loop
    vertex 0.00185879388201392 0.003541875958328809 0.01093934583445699
    vertex 0.001858892688174992 0.003541824102612883 0.01124846517029816
    vertex 0.002172266175469999 0.003358758649100727 0.01118513476252466
  endloop
endfacet
facet normal 0.429563 0.903037 1.41825e-05
  outer loop
    vertex 0.001858892688174992 0.003541824102612883 0.01124846517029816
    vertex 0.00185879388201392 0.003541875958328809 0.01093934583445699
    vertex 0.001574987295368572 0.003676875714438494 0.0111656925889151
  endloop
endfacet
facet normal 0.571459 0.820631 -2.07829e-05
  outer loop
    vertex 0.002466995207835341 0.003148640126231873 0.01125493175715476
    vertex 0.002097517858556133 0.003405938759437417 0.01154564375660048
    vertex 0.002466875490514175 0.003148733922436199 0.0116667368151564
  endloop
endfacet
facet normal 0.578381 0.81566 0.013176
  outer loop
    vertex 0.002097517858556133 0.003405938759437417 0.01154564375660048
    vertex 0.002466995207835341 0.003148640126231873 0.01125493175715476
    vertex 0.002172266175469999 0.003358758649100727 0.01118513476252466
  endloop
endfacet
facet normal 0.85375 0.520345 0.0187878
  outer loop
    vertex 0.003549441464073121 0.001844306182042032 0.01090681513465594
    vertex 0.003423505000882684 0.002068722675694171 0.01041416838760882
    vertex 0.003272706102217047 0.002299868424173718 0.01086494130871236
  endloop
endfacet
facet normal 0.908626 0.417587 -0.00441105
  outer loop
    vertex 0.003700392096048434 0.0015189135378626 0.01119650619972655
    vertex 0.003549441464073121 0.001844306182042032 0.01090681513465594
    vertex 0.003569399994328624 0.001805376326555441 0.01133261535444587
  endloop
endfacet
facet normal 0.855523 0.516816 -0.031326
  outer loop
    vertex 0.003549441464073121 0.001844306182042032 0.01090681513465594
    vertex 0.003272706102217047 0.002299868424173718 0.01086494130871236
    vertex 0.003423125089205929 0.002069351256710396 0.01116986391688115
  endloop
endfacet
facet normal 0.873764 0.486337 0.00350865
  outer loop
    vertex 0.003549441464073121 0.001844306182042032 0.01090681513465594
    vertex 0.003423125089205929 0.002069351256710396 0.01116986391688115
    vertex 0.003569399994328624 0.001805376326555441 0.01133261535444587
  endloop
endfacet
facet normal 0.907919 0.419066 -0.00820451
  outer loop
    vertex 0.003647599383968361 0.001641651221811026 0.01162355536129392
    vertex 0.003700392096048434 0.0015189135378626 0.01119650619972655
    vertex 0.003569399994328624 0.001805376326555441 0.01133261535444587
  endloop
endfacet
facet normal 0.784583 0.620024 1.30663e-14
  outer loop
    vertex 0.002994042992684338 0.002652490632963256 0.01116349832275514
    vertex 0.003272706102217047 0.002299868424173718 0.01086494130871236
    vertex 0.002994042992684402 0.002652490632963184 0.01075161307825849
  endloop
endfacet
facet normal 0.779895 0.62581 -0.0112099
  outer loop
    vertex 0.003272706102217047 0.002299868424173718 0.01086494130871236
    vertex 0.002994042992684338 0.002652490632963256 0.01116349832275514
    vertex 0.003228835025089026 0.002361064247486364 0.0112290978876801
  endloop
endfacet
facet normal 0.832962 0.553282 0.0073715
  outer loop
    vertex 0.003423125089205929 0.002069351256710396 0.01116986391688115
    vertex 0.003272706102217047 0.002299868424173718 0.01086494130871236
    vertex 0.003228835025089026 0.002361064247486364 0.0112290978876801
  endloop
endfacet
facet normal 0.503069 0.864201 -0.00879179
  outer loop
    vertex 0.001858892688174992 0.003541824102612883 0.01124846517029816
    vertex 0.002097517858556133 0.003405938759437417 0.01154564375660048
    vertex 0.002172266175469999 0.003358758649100727 0.01118513476252466
  endloop
endfacet
facet normal 0.779839 0.625889 -0.0106624
  outer loop
    vertex 0.002994042992684338 0.002652490632963256 0.01116349832275514
    vertex 0.003148733922436081 0.002466875490514325 0.01158174916137765
    vertex 0.003228835025089026 0.002361064247486364 0.0112290978876801
  endloop
endfacet
facet normal 0.717426 0.696635 -1.07185e-14
  outer loop
    vertex 0.002994042992684338 0.002652490632963256 0.01116349832275514
    vertex 0.002994042992684402 0.002652490632963184 0.01075161307825849
    vertex 0.002739366454344434 0.00291476781730765 0.01118330023356367
  endloop
endfacet
facet normal -0.0603742 0.998105 -0.0118761
  outer loop
    vertex 0 0.004 0.01
    vertex -0.0004821467210212928 0.003970835496392216 0.01
    vertex -0.0003792954429189526 0.003981976263990146 0.01041344135031919
  endloop
endfacet
facet normal -0.0474654 0.998873 0
  outer loop
    vertex 0 0.004 0.0105
    vertex 0 0.004 0.01
    vertex -0.0003792954429189526 0.003981976263990146 0.01041344135031919
  endloop
endfacet
facet normal -0.998111 0.0603746 -0.0114022
  outer loop
    vertex -0.003970835496392216 0.0004821467210212945 0.01
    vertex -0.004 0 0.01
    vertex -0.003981323304174086 0.0003860890410777472 0.01040944223752675
  endloop
endfacet
facet normal -0.998832 0.0483176 0
  outer loop
    vertex -0.004 0 0.01
    vertex -0.004 0 0.0105
    vertex -0.003981323304174086 0.0003860890410777472 0.01040944223752675
  endloop
endfacet
facet normal -0.0483176 0.998832 0
  outer loop
    vertex 0 0.004 0.012
    vertex 0 0.004 0.0115
    vertex -0.0003860890410783679 0.003981323304174026 0.01159055776247588
  endloop
endfacet
facet normal -0.0603746 0.998111 0.0114022
  outer loop
    vertex -0.0004821467210212928 0.003970835496392216 0.012
    vertex 0 0.004 0.012
    vertex -0.0003860890410783679 0.003981323304174026 0.01159055776247588
  endloop
endfacet
facet normal -0.998873 0.0474654 0
  outer loop
    vertex -0.004 0 0.0115
    vertex -0.004 0 0.012
    vertex -0.003981976263990173 0.0003792954429186678 0.01158655864968048
  endloop
endfacet
facet normal -0.998105 0.0603742 0.0118761
  outer loop
    vertex -0.004 0 0.012
    vertex -0.003970835496392216 0.0004821467210212945 0.012
    vertex -0.003981976263990173 0.0003792954429186678 0.01158655864968048
  endloop
endfacet
facet normal -0.18024 0.98354 -0.0127318
  outer loop
    vertex -0.0004821467210212928 0.003970835496392216 0.01
    vertex -0.0009572626571502295 0.003883767269704208 0.01
    vertex -0.0007669839141906755 0.0039257783528076 0.01055166157782736
  endloop
endfacet
facet normal -0.140557 0.990038 0.00828828
  outer loop
    vertex -0.0004821467210212928 0.003970835496392216 0.01
    vertex -0.0007669839141906755 0.0039257783528076 0.01055166157782736
    vertex -0.0003792954429189526 0.003981976263990146 0.01041344135031919
  endloop
endfacet
facet normal -0.297458 0.954576 -0.0174457
  outer loop
    vertex -0.0009572626571502295 0.003883767269704208 0.01
    vertex -0.001418419548170142 0.003740064970741659 0.01
    vertex -0.001190012215420813 0.003818883466034183 0.01041825083862251
  endloop
endfacet
facet normal -0.248515 0.968554 0.0119586
  outer loop
    vertex -0.0009572626571502295 0.003883767269704208 0.01
    vertex -0.001190012215420813 0.003818883466034183 0.01041825083862251
    vertex -0.0007669839141906755 0.0039257783528076 0.01055166157782736
  endloop
endfacet
facet normal -0.410348 0.911756 -0.0177909
  outer loop
    vertex -0.001418419548170142 0.003740064970741659 0.01
    vertex -0.001858892688175072 0.003541824102612841 0.01
    vertex -0.001643528059811426 0.003646754106957651 0.01041010283337807
  endloop
endfacet
facet normal -0.355068 0.934671 0.0177665
  outer loop
    vertex -0.001190012215420813 0.003818883466034183 0.01041825083862251
    vertex -0.001418419548170142 0.003740064970741659 0.01
    vertex -0.001643528059811426 0.003646754106957651 0.01041010283337807
  endloop
endfacet
facet normal -0.517259 0.855651 -0.0174457
  outer loop
    vertex -0.001858892688175072 0.003541824102612841 0.01
    vertex -0.002272258986924622 0.003291935463574626 0.01
    vertex -0.002069351256710627 0.00342312508920579 0.01041825083862251
  endloop
endfacet
facet normal -0.464618 0.885339 0.017468
  outer loop
    vertex -0.001858892688175072 0.003541824102612841 0.01
    vertex -0.002069351256710627 0.00342312508920579 0.01041825083862251
    vertex -0.001643528059811426 0.003646754106957651 0.01041010283337807
  endloop
endfacet
facet normal -0.616648 0.787094 -0.0151088
  outer loop
    vertex -0.002272258986924622 0.003291935463574626 0.01
    vertex -0.002652490632963181 0.002994042992684404 0.01
    vertex -0.002504582460234693 0.003118824570232307 0.01046379724881525
  endloop
endfacet
facet normal -0.57149 0.820367 0.0199309
  outer loop
    vertex -0.002272258986924622 0.003291935463574626 0.01
    vertex -0.002504582460234693 0.003118824570232307 0.01046379724881525
    vertex -0.002069351256710627 0.00342312508920579 0.01041825083862251
  endloop
endfacet
facet normal -0.706937 0.706937 -0.0218862
  outer loop
    vertex -0.002652490632963181 0.002994042992684404 0.01
    vertex -0.002994042992684403 0.002652490632963183 0.01
    vertex -0.00282842712474619 0.002828427124746191 0.010333362239636
  endloop
endfacet
facet normal -0.670753 0.741541 0.0144014
  outer loop
    vertex -0.002504582460234693 0.003118824570232307 0.01046379724881525
    vertex -0.002652490632963181 0.002994042992684404 0.01
    vertex -0.00282842712474619 0.002828427124746191 0.010333362239636
  endloop
endfacet
facet normal -0.787064 0.616625 -0.0174457
  outer loop
    vertex -0.002994042992684403 0.002652490632963183 0.01
    vertex -0.003291935463574625 0.002272258986924624 0.01
    vertex -0.003148733922436199 0.002466875490514175 0.01041825083862251
  endloop
endfacet
facet normal -0.746103 0.665548 0.0194152
  outer loop
    vertex -0.002994042992684403 0.002652490632963183 0.01
    vertex -0.003148733922436199 0.002466875490514175 0.01041825083862251
    vertex -0.00282842712474619 0.002828427124746191 0.010333362239636
  endloop
endfacet
facet normal -0.855576 0.517214 -0.0218862
  outer loop
    vertex -0.003291935463574625 0.002272258986924624 0.01
    vertex -0.00354182410261284 0.001858892688175074 0.01
    vertex -0.003423125089205791 0.002069351256710626 0.01033336223963588
  endloop
endfacet
facet normal -0.824762 0.565146 0.0194152
  outer loop
    vertex -0.003148733922436199 0.002466875490514175 0.01041825083862251
    vertex -0.003291935463574625 0.002272258986924624 0.01
    vertex -0.003423125089205791 0.002069351256710626 0.01033336223963588
  endloop
endfacet
facet normal -0.911761 0.41035 -0.0174457
  outer loop
    vertex -0.00354182410261284 0.001858892688175074 0.01
    vertex -0.003740064970741659 0.001418419548170144 0.01
    vertex -0.00364759938396836 0.001641651221811027 0.01041825083862235
  endloop
endfacet
facet normal -0.883698 0.467654 0.0194152
  outer loop
    vertex -0.00354182410261284 0.001858892688175074 0.01
    vertex -0.00364759938396836 0.001641651221811027 0.01041825083862235
    vertex -0.003423125089205791 0.002069351256710626 0.01033336223963588
  endloop
endfacet
facet normal -0.954519 0.29744 -0.0205595
  outer loop
    vertex -0.003740064970741659 0.001418419548170144 0.01
    vertex -0.003883767269704208 0.0009572626571502312 0.01
    vertex -0.003809919974308114 0.001218404608234909 0.01034949572086441
  endloop
endfacet
facet normal -0.934466 0.355657 0.0167655
  outer loop
    vertex -0.00364759938396836 0.001641651221811027 0.01041825083862235
    vertex -0.003740064970741659 0.001418419548170144 0.01
    vertex -0.003809919974308114 0.001218404608234909 0.01034949572086441
  endloop
endfacet
facet normal -0.983573 0.180246 -0.00977114
  outer loop
    vertex -0.003883767269704208 0.0009572626571502312 0.01
    vertex -0.003970835496392216 0.0004821467210212945 0.01
    vertex -0.003907590319158442 0.0008548320873827956 0.01050853469657225
  endloop
endfacet
facet normal -0.964883 0.262569 0.00768605
  outer loop
    vertex -0.003883767269704208 0.0009572626571502312 0.01
    vertex -0.003907590319158442 0.0008548320873827956 0.01050853469657225
    vertex -0.003809919974308114 0.001218404608234909 0.01034949572086441
  endloop
endfacet
facet normal -0.98814 0.153187 0.0106276
  outer loop
    vertex -0.003907590319158442 0.0008548320873827956 0.01050853469657225
    vertex -0.003970835496392216 0.0004821467210212945 0.01
    vertex -0.003981323304174086 0.0003860890410777472 0.01040944223752675
  endloop
endfacet
facet normal -0.0539332 0.998545 0
  outer loop
    vertex 0 0.004 0.011
    vertex 0 0.004 0.0105
    vertex -0.0004308372778608737 0.003976729716740306 0.01075268027105158
  endloop
endfacet
facet normal -0.0492762 0.998753 0.00795964
  outer loop
    vertex -0.0004308372778608737 0.003976729716740306 0.01075268027105158
    vertex 0 0.004 0.0105
    vertex -0.0003792954429189526 0.003981976263990146 0.01041344135031919
  endloop
endfacet
facet normal -0.0541266 0.998534 0
  outer loop
    vertex 0 0.004 0.0115
    vertex 0 0.004 0.011
    vertex -0.0004323779406897152 0.003976562499999834 0.01125
  endloop
endfacet
facet normal -0.0540295 0.998539 0.000168365
  outer loop
    vertex -0.0004323779406897152 0.003976562499999834 0.01125
    vertex 0 0.004 0.011
    vertex -0.0004308372778608737 0.003976729716740306 0.01075268027105158
  endloop
endfacet
facet normal -0.0499932 0.998724 -0.00716647
  outer loop
    vertex 0 0.004 0.0115
    vertex -0.0004323779406897152 0.003976562499999834 0.01125
    vertex -0.0003860890410783679 0.003981323304174026 0.01159055776247588
  endloop
endfacet
facet normal -0.998534 0.0541266 0
  outer loop
    vertex -0.004 0 0.0105
    vertex -0.004 0 0.011
    vertex -0.003976562500000043 0.0004323779406877778 0.01075
  endloop
endfacet
facet normal -0.998724 0.0499932 0.00716647
  outer loop
    vertex -0.004 0 0.0105
    vertex -0.003976562500000043 0.0004323779406877778 0.01075
    vertex -0.003981323304174086 0.0003860890410777472 0.01040944223752675
  endloop
endfacet
facet normal -0.998545 0.0539332 0
  outer loop
    vertex -0.004 0 0.011
    vertex -0.004 0 0.0115
    vertex -0.003976729716740329 0.000430837277860667 0.01124731972894802
  endloop
endfacet
facet normal -0.998539 0.0540295 -0.000168365
  outer loop
    vertex -0.003976562500000043 0.0004323779406877778 0.01075
    vertex -0.004 0 0.011
    vertex -0.003976729716740329 0.000430837277860667 0.01124731972894802
  endloop
endfacet
facet normal -0.998753 0.0492762 -0.00795964
  outer loop
    vertex -0.003976729716740329 0.000430837277860667 0.01124731972894802
    vertex -0.004 0 0.0115
    vertex -0.003981976263990173 0.0003792954429186678 0.01158655864968048
  endloop
endfacet
facet normal -0.180246 0.983573 0.00977114
  outer loop
    vertex -0.0009572626571502295 0.003883767269704208 0.012
    vertex -0.0004821467210212928 0.003970835496392216 0.012
    vertex -0.0008548320873856954 0.003907590319157808 0.01149146530342616
  endloop
endfacet
facet normal -0.153187 0.98814 -0.0106276
  outer loop
    vertex -0.0008548320873856954 0.003907590319157808 0.01149146530342616
    vertex -0.0004821467210212928 0.003970835496392216 0.012
    vertex -0.0003860890410783679 0.003981323304174026 0.01159055776247588
  endloop
endfacet
facet normal -0.29744 0.954519 0.0205595
  outer loop
    vertex -0.001418419548170142 0.003740064970741659 0.012
    vertex -0.0009572626571502295 0.003883767269704208 0.012
    vertex -0.001218404608238426 0.003809919974306989 0.01165050427913311
  endloop
endfacet
facet normal -0.262569 0.964883 -0.00768605
  outer loop
    vertex -0.0009572626571502295 0.003883767269704208 0.012
    vertex -0.0008548320873856954 0.003907590319157808 0.01149146530342616
    vertex -0.001218404608238426 0.003809919974306989 0.01165050427913311
  endloop
endfacet
facet normal -0.410366 0.911797 0.0150232
  outer loop
    vertex -0.001858892688175072 0.003541824102612841 0.012
    vertex -0.001418419548170142 0.003740064970741659 0.012
    vertex -0.001623839814358998 0.003655563466458014 0.01151745539438141
  endloop
endfacet
facet normal -0.351697 0.936006 -0.0141918
  outer loop
    vertex -0.001623839814358998 0.003655563466458014 0.01151745539438141
    vertex -0.001418419548170142 0.003740064970741659 0.012
    vertex -0.001218404608238426 0.003809919974306989 0.01165050427913311
  endloop
endfacet
facet normal -0.517259 0.855651 0.017446
  outer loop
    vertex -0.002272258986924622 0.003291935463574626 0.012
    vertex -0.001858892688175072 0.003541824102612841 0.012
    vertex -0.002069339537605158 0.003423132173624628 0.01158175703997989
  endloop
endfacet
facet normal -0.46448 0.88541 -0.0175558
  outer loop
    vertex -0.001858892688175072 0.003541824102612841 0.012
    vertex -0.001623839814358998 0.003655563466458014 0.01151745539438141
    vertex -0.002069339537605158 0.003423132173624628 0.01158175703997989
  endloop
endfacet
facet normal -0.616625 0.787064 0.0174467
  outer loop
    vertex -0.002652490632963181 0.002994042992684404 0.012
    vertex -0.002272258986924622 0.003291935463574626 0.012
    vertex -0.002466876601347915 0.003148733052153225 0.01158177336968715
  endloop
endfacet
facet normal -0.567977 0.822859 -0.0174474
  outer loop
    vertex -0.002466876601347915 0.003148733052153225 0.01158177336968715
    vertex -0.002272258986924622 0.003291935463574626 0.012
    vertex -0.002069339537605158 0.003423132173624628 0.01158175703997989
  endloop
endfacet
facet normal -0.706999 0.706999 0.017446
  outer loop
    vertex -0.002994042992684403 0.002652490632963183 0.012
    vertex -0.002652490632963181 0.002994042992684404 0.012
    vertex -0.00282842712444949 0.00282842712504289 0.01158175553160033
  endloop
endfacet
facet normal -0.663021 0.748397 -0.0174462
  outer loop
    vertex -0.00282842712444949 0.00282842712504289 0.01158175553160033
    vertex -0.002652490632963181 0.002994042992684404 0.012
    vertex -0.002466876601347915 0.003148733052153225 0.01158177336968715
  endloop
endfacet
facet normal -0.78706 0.616622 0.0177071
  outer loop
    vertex -0.003291935463574625 0.002272258986924624 0.012
    vertex -0.002994042992684403 0.002652490632963183 0.012
    vertex -0.003147996539931731 0.002467816400095002 0.01158793587143176
  endloop
endfacet
facet normal -0.748446 0.662965 -0.0174892
  outer loop
    vertex -0.002994042992684403 0.002652490632963183 0.012
    vertex -0.00282842712444949 0.00282842712504289 0.01158175553160033
    vertex -0.003147996539931731 0.002467816400095002 0.01158793587143176
  endloop
endfacet
facet normal -0.855651 0.517259 0.0174457
  outer loop
    vertex -0.00354182410261284 0.001858892688175074 0.012
    vertex -0.003291935463574625 0.002272258986924624 0.012
    vertex -0.0034231250892058 0.00206935125671061 0.01158174916137755
  endloop
endfacet
facet normal -0.822642 0.568285 -0.0176622
  outer loop
    vertex -0.0034231250892058 0.00206935125671061 0.01158174916137755
    vertex -0.003291935463574625 0.002272258986924624 0.012
    vertex -0.003147996539931731 0.002467816400095002 0.01158793587143176
  endloop
endfacet
facet normal -0.911756 0.410348 0.0177909
  outer loop
    vertex -0.003740064970741659 0.001418419548170144 0.012
    vertex -0.00354182410261284 0.001858892688175074 0.012
    vertex -0.003646754106957814 0.001643528059811064 0.01158989716662103
  endloop
endfacet
facet normal -0.885339 0.464618 -0.017468
  outer loop
    vertex -0.00354182410261284 0.001858892688175074 0.012
    vertex -0.0034231250892058 0.00206935125671061 0.01158174916137755
    vertex -0.003646754106957814 0.001643528059811064 0.01158989716662103
  endloop
endfacet
facet normal -0.954576 0.297458 0.0174457
  outer loop
    vertex -0.003883767269704208 0.0009572626571502312 0.012
    vertex -0.003740064970741659 0.001418419548170144 0.012
    vertex -0.003818883466034183 0.001190012215420811 0.01158174916137749
  endloop
endfacet
facet normal -0.934671 0.355068 -0.0177665
  outer loop
    vertex -0.003818883466034183 0.001190012215420811 0.01158174916137749
    vertex -0.003740064970741659 0.001418419548170144 0.012
    vertex -0.003646754106957814 0.001643528059811064 0.01158989716662103
  endloop
endfacet
facet normal -0.98354 0.18024 0.0127318
  outer loop
    vertex -0.003970835496392216 0.0004821467210212945 0.012
    vertex -0.003883767269704208 0.0009572626571502312 0.012
    vertex -0.003925778352807661 0.0007669839141903633 0.01144833842216912
  endloop
endfacet
facet normal -0.968554 0.248515 -0.0119586
  outer loop
    vertex -0.003883767269704208 0.0009572626571502312 0.012
    vertex -0.003818883466034183 0.001190012215420811 0.01158174916137749
    vertex -0.003925778352807661 0.0007669839141903633 0.01144833842216912
  endloop
endfacet
facet normal -0.990038 0.140557 -0.00828828
  outer loop
    vertex -0.003970835496392216 0.0004821467210212945 0.012
    vertex -0.003925778352807661 0.0007669839141903633 0.01144833842216912
    vertex -0.003981976263990173 0.0003792954429186678 0.01158655864968048
  endloop
endfacet
facet normal -0.748122 0.663298 0.0187052
  outer loop
    vertex -0.003147996539931731 0.002467816400095002 0.01158793587143176
    vertex -0.00282842712444949 0.00282842712504289 0.01158175553160033
    vertex -0.002990037127111787 0.002657005453229837 0.01119682022890201
  endloop
endfacet
facet normal -0.707338 0.706653 -0.0177247
  outer loop
    vertex -0.002990037127111787 0.002657005453229837 0.01119682022890201
    vertex -0.00282842712444949 0.00282842712504289 0.01158175553160033
    vertex -0.002652490632963086 0.002994042992684489 0.01116349832275522
  endloop
endfacet
facet normal -0.663022 0.748396 0.0174449
  outer loop
    vertex -0.002652490632963086 0.002994042992684489 0.01116349832275522
    vertex -0.00282842712444949 0.00282842712504289 0.01158175553160033
    vertex -0.002466876601347915 0.003148733052153225 0.01158177336968715
  endloop
endfacet
facet normal -0.357387 0.93394 0.00554251
  outer loop
    vertex -0.001260926668406739 0.003796059000713857 0.01124428067348409
    vertex -0.001623839814358998 0.003655563466458014 0.01151745539438141
    vertex -0.001218404608238426 0.003809919974306989 0.01165050427913311
  endloop
endfacet
facet normal -0.356493 0.934272 0.00690065
  outer loop
    vertex -0.001623839814358998 0.003655563466458014 0.01151745539438141
    vertex -0.001260926668406739 0.003796059000713857 0.01124428067348409
    vertex -0.001575914431344938 0.003676478437999979 0.01116166081031852
  endloop
endfacet
facet normal -0.459444 0.887824 0.0260642
  outer loop
    vertex -0.002069339537605158 0.003423132173624628 0.01158175703997989
    vertex -0.001623839814358998 0.003655563466458014 0.01151745539438141
    vertex -0.001858891440245595 0.003541824757576475 0.01124838645397474
  endloop
endfacet
facet normal -0.430924 0.902374 -0.0050003
  outer loop
    vertex -0.001858891440245595 0.003541824757576475 0.01124838645397474
    vertex -0.001623839814358998 0.003655563466458014 0.01151745539438141
    vertex -0.001575914431344938 0.003676478437999979 0.01116166081031852
  endloop
endfacet
facet normal -0.933364 0.358886 -0.00571914
  outer loop
    vertex -0.003796059000714814 0.001260926668403858 0.01075571932651304
    vertex -0.00364759938396836 0.001641651221811027 0.01041825083862235
    vertex -0.003809919974308114 0.001218404608234909 0.01034949572086441
  endloop
endfacet
facet normal -0.931779 0.363027 -0.000350216
  outer loop
    vertex -0.00364759938396836 0.001641651221811027 0.01041825083862235
    vertex -0.003796059000714814 0.001260926668403858 0.01075571932651304
    vertex -0.003648761289438994 0.001639067128793536 0.01083097645047149
  endloop
endfacet
facet normal -0.885456 0.464723 -1.3105e-13
  outer loop
    vertex -0.00364759938396836 0.001641651221811027 0.01041825083862235
    vertex -0.003423125089206254 0.002069351256709859 0.01074524748413252
    vertex -0.003423125089205791 0.002069351256710626 0.01033336223963588
  endloop
endfacet
facet normal -0.885586 0.464474 0.00041499
  outer loop
    vertex -0.003423125089206254 0.002069351256709859 0.01074524748413252
    vertex -0.00364759938396836 0.001641651221811027 0.01041825083862235
    vertex -0.003648761289438994 0.001639067128793536 0.01083097645047149
  endloop
endfacet
facet normal -0.354515 0.934885 -0.0175728
  outer loop
    vertex -0.001190012215420813 0.003818883466034183 0.01041825083862251
    vertex -0.001643528059811426 0.003646754106957651 0.01041010283337807
    vertex -0.001420189082237689 0.003739393396086171 0.01083292489428407
  endloop
endfacet
facet normal -0.31481 0.949127 0.00719648
  outer loop
    vertex -0.001190012215420813 0.003818883466034183 0.01041825083862251
    vertex -0.001420189082237689 0.003739393396086171 0.01083292489428407
    vertex -0.001103883063731539 0.003844664118178163 0.01078582036112798
  endloop
endfacet
facet normal -0.241578 0.970314 -0.0114494
  outer loop
    vertex -0.0007669839141906755 0.0039257783528076 0.01055166157782736
    vertex -0.001190012215420813 0.003818883466034183 0.01041825083862251
    vertex -0.001103883063731539 0.003844664118178163 0.01078582036112798
  endloop
endfacet
facet normal -0.934887 0.354517 0.0174581
  outer loop
    vertex -0.003818883466034183 0.001190012215420811 0.01158174916137749
    vertex -0.003646754106957814 0.001643528059811064 0.01158989716662103
    vertex -0.003736139325203476 0.001428727735668386 0.01116518791986093
  endloop
endfacet
facet normal -0.948463 0.316815 -0.00684452
  outer loop
    vertex -0.003818883466034183 0.001190012215420811 0.01158174916137749
    vertex -0.003736139325203476 0.001428727735668386 0.01116518791986093
    vertex -0.003843169281697565 0.001109076134544526 0.01120078094038546
  endloop
endfacet
facet normal -0.970252 0.241872 0.0104659
  outer loop
    vertex -0.003925778352807661 0.0007669839141903633 0.01144833842216912
    vertex -0.003818883466034183 0.001190012215420811 0.01158174916137749
    vertex -0.003843169281697565 0.001109076134544526 0.01120078094038546
  endloop
endfacet
facet normal -0.667614 0.744508 -3.32758e-14
  outer loop
    vertex -0.002828427124746011 0.002828427124746369 0.01074524748413264
    vertex -0.002504582460234693 0.003118824570232307 0.01046379724881525
    vertex -0.00282842712474619 0.002828427124746191 0.010333362239636
  endloop
endfacet
facet normal -0.672802 0.739742 -0.0108874
  outer loop
    vertex -0.002504582460234693 0.003118824570232307 0.01046379724881525
    vertex -0.002828427124746011 0.002828427124746369 0.01074524748413264
    vertex -0.002561219107623086 0.003072483796986797 0.01081512592315582
  endloop
endfacet
facet normal -0.574746 0.817854 -0.0279745
  outer loop
    vertex -0.002069351256710627 0.00342312508920579 0.01041825083862251
    vertex -0.002504582460234693 0.003118824570232307 0.01046379724881525
    vertex -0.002272258986924622 0.003291935463574626 0.01075164387793072
  endloop
endfacet
facet normal -0.603697 0.797175 0.00782834
  outer loop
    vertex -0.002272258986924622 0.003291935463574626 0.01075164387793072
    vertex -0.002504582460234693 0.003118824570232307 0.01046379724881525
    vertex -0.002561219107623086 0.003072483796986797 0.01081512592315582
  endloop
endfacet
facet normal -0.822984 0.568065 9.47206e-15
  outer loop
    vertex -0.003148733922436199 0.002466875490514175 0.01041825083862251
    vertex -0.003423125089206254 0.002069351256709859 0.01074524748413252
    vertex -0.003148733922436159 0.002466875490514225 0.01083013608311917
  endloop
endfacet
facet normal -0.822984 0.568065 1.31429e-13
  outer loop
    vertex -0.003423125089206254 0.002069351256709859 0.01074524748413252
    vertex -0.003148733922436199 0.002466875490514175 0.01041825083862251
    vertex -0.003423125089205791 0.002069351256710626 0.01033336223963588
  endloop
endfacet
facet normal -0.748511 0.663123 3.69203e-14
  outer loop
    vertex -0.003148733922436199 0.002466875490514175 0.01041825083862251
    vertex -0.002828427124746011 0.002828427124746369 0.01074524748413264
    vertex -0.00282842712474619 0.002828427124746191 0.010333362239636
  endloop
endfacet
facet normal -0.748511 0.663123 -9.31322e-15
  outer loop
    vertex -0.002828427124746011 0.002828427124746369 0.01074524748413264
    vertex -0.003148733922436199 0.002466875490514175 0.01041825083862251
    vertex -0.003148733922436159 0.002466875490514225 0.01083013608311917
  endloop
endfacet
facet normal -0.885036 0.46515 0.018635
  outer loop
    vertex -0.003646754106957814 0.001643528059811064 0.01158989716662103
    vertex -0.0034231250892058 0.00206935125671061 0.01158174916137755
    vertex -0.003538777982988872 0.001864685063787772 0.01119771227889001
  endloop
endfacet
facet normal -0.855721 0.517128 -0.0178942
  outer loop
    vertex -0.003538777982988872 0.001864685063787772 0.01119771227889001
    vertex -0.0034231250892058 0.00206935125671061 0.01158174916137755
    vertex -0.003295793719996046 0.002266659161681488 0.01119465790395519
  endloop
endfacet
facet normal -0.82289 0.56789 0.0187797
  outer loop
    vertex -0.003295793719996046 0.002266659161681488 0.01119465790395519
    vertex -0.0034231250892058 0.00206935125671061 0.01158174916137755
    vertex -0.003147996539931731 0.002467816400095002 0.01158793587143176
  endloop
endfacet
facet normal -0.986988 0.160792 0.00016626
  outer loop
    vertex -0.003976562500000043 0.0004323779406877778 0.01075
    vertex -0.003976729716740329 0.000430837277860667 0.01124731972894802
    vertex -0.003908122257448788 0.0008523968681508574 0.01083567014924336
  endloop
endfacet
facet normal -0.98697 0.160905 -0.00040707
  outer loop
    vertex -0.003976562500000043 0.0004323779406877778 0.01075
    vertex -0.003908122257448788 0.0008523968681508574 0.01083567014924336
    vertex -0.003907590319158442 0.0008548320873827956 0.01050853469657225
  endloop
endfacet
facet normal -0.98758 0.156937 -0.00752514
  outer loop
    vertex -0.003976562500000043 0.0004323779406877778 0.01075
    vertex -0.003907590319158442 0.0008548320873827956 0.01050853469657225
    vertex -0.003981323304174086 0.0003860890410777472 0.01040944223752675
  endloop
endfacet
facet normal -0.160792 0.986988 -0.00016626
  outer loop
    vertex -0.0004323779406897152 0.003976562499999834 0.01125
    vertex -0.0004308372778608737 0.003976729716740306 0.01075268027105158
    vertex -0.0008523968681523656 0.003908122257448459 0.01116432985075007
  endloop
endfacet
facet normal -0.160905 0.98697 0.00040707
  outer loop
    vertex -0.0004323779406897152 0.003976562499999834 0.01125
    vertex -0.0008523968681523656 0.003908122257448459 0.01116432985075007
    vertex -0.0008548320873856954 0.003907590319157808 0.01149146530342616
  endloop
endfacet
facet normal -0.156937 0.98758 0.00752514
  outer loop
    vertex -0.0004323779406897152 0.003976562499999834 0.01125
    vertex -0.0008548320873856954 0.003907590319157808 0.01149146530342616
    vertex -0.0003860890410783679 0.003981323304174026 0.01159055776247588
  endloop
endfacet
facet normal -0.153956 0.988053 0.00701078
  outer loop
    vertex -0.0008523968681523656 0.003908122257448459 0.01116432985075007
    vertex -0.0004308372778608737 0.003976729716740306 0.01075268027105158
    vertex -0.0007669839141906755 0.0039257783528076 0.01055166157782736
  endloop
endfacet
facet normal -0.145848 0.989283 -0.0068594
  outer loop
    vertex -0.0007669839141906755 0.0039257783528076 0.01055166157782736
    vertex -0.0004308372778608737 0.003976729716740306 0.01075268027105158
    vertex -0.0003792954429189526 0.003981976263990146 0.01041344135031919
  endloop
endfacet
facet normal -0.26461 0.964356 -0.000401684
  outer loop
    vertex -0.0008548320873856954 0.003907590319157808 0.01149146530342616
    vertex -0.0008523968681523656 0.003908122257448459 0.01116432985075007
    vertex -0.001260926668406739 0.003796059000713857 0.01124428067348409
  endloop
endfacet
facet normal -0.262246 0.96492 0.0124678
  outer loop
    vertex -0.001260926668406739 0.003796059000713857 0.01124428067348409
    vertex -0.0008523968681523656 0.003908122257448459 0.01116432985075007
    vertex -0.001103883063731539 0.003844664118178163 0.01078582036112798
  endloop
endfacet
facet normal -0.237428 0.971392 -0.00510629
  outer loop
    vertex -0.0008523968681523656 0.003908122257448459 0.01116432985075007
    vertex -0.0007669839141906755 0.0039257783528076 0.01055166157782736
    vertex -0.001103883063731539 0.003844664118178163 0.01078582036112798
  endloop
endfacet
facet normal -0.261697 0.965134 -0.00553835
  outer loop
    vertex -0.0008548320873856954 0.003907590319157808 0.01149146530342616
    vertex -0.001260926668406739 0.003796059000713857 0.01124428067348409
    vertex -0.001218404608238426 0.003809919974306989 0.01165050427913311
  endloop
endfacet
facet normal -0.316843 0.948444 -0.00798089
  outer loop
    vertex -0.001420189082237689 0.003739393396086171 0.01083292489428407
    vertex -0.001260926668406739 0.003796059000713857 0.01124428067348409
    vertex -0.001103883063731539 0.003844664118178163 0.01078582036112798
  endloop
endfacet
facet normal -0.357102 0.934016 0.00959353
  outer loop
    vertex -0.001260926668406739 0.003796059000713857 0.01124428067348409
    vertex -0.001420189082237689 0.003739393396086171 0.01083292489428407
    vertex -0.001575914431344938 0.003676478437999979 0.01116166081031852
  endloop
endfacet
facet normal -0.988053 0.153956 -0.00701078
  outer loop
    vertex -0.003908122257448788 0.0008523968681508574 0.01083567014924336
    vertex -0.003976729716740329 0.000430837277860667 0.01124731972894802
    vertex -0.003925778352807661 0.0007669839141903633 0.01144833842216912
  endloop
endfacet
facet normal -0.989283 0.145848 0.0068594
  outer loop
    vertex -0.003925778352807661 0.0007669839141903633 0.01144833842216912
    vertex -0.003976729716740329 0.000430837277860667 0.01124731972894802
    vertex -0.003981976263990173 0.0003792954429186678 0.01158655864968048
  endloop
endfacet
facet normal -0.964356 0.26461 0.000401684
  outer loop
    vertex -0.003907590319158442 0.0008548320873827956 0.01050853469657225
    vertex -0.003908122257448788 0.0008523968681508574 0.01083567014924336
    vertex -0.003796059000714814 0.001260926668403858 0.01075571932651304
  endloop
endfacet
facet normal -0.964928 0.262207 -0.0126762
  outer loop
    vertex -0.003796059000714814 0.001260926668403858 0.01075571932651304
    vertex -0.003908122257448788 0.0008523968681508574 0.01083567014924336
    vertex -0.003843169281697565 0.001109076134544526 0.01120078094038546
  endloop
endfacet
facet normal -0.971175 0.23831 0.00523544
  outer loop
    vertex -0.003908122257448788 0.0008523968681508574 0.01083567014924336
    vertex -0.003925778352807661 0.0007669839141903633 0.01144833842216912
    vertex -0.003843169281697565 0.001109076134544526 0.01120078094038546
  endloop
endfacet
facet normal -0.965134 0.261697 0.00553835
  outer loop
    vertex -0.003907590319158442 0.0008548320873827956 0.01050853469657225
    vertex -0.003796059000714814 0.001260926668403858 0.01075571932651304
    vertex -0.003809919974308114 0.001218404608234909 0.01034949572086441
  endloop
endfacet
facet normal -0.930808 0.365261 -0.0134747
  outer loop
    vertex -0.003796059000714814 0.001260926668403858 0.01075571932651304
    vertex -0.003736139325203476 0.001428727735668386 0.01116518791986093
    vertex -0.003648761289438994 0.001639067128793536 0.01083097645047149
  endloop
endfacet
facet normal -0.947946 0.318324 0.0082679
  outer loop
    vertex -0.003736139325203476 0.001428727735668386 0.01116518791986093
    vertex -0.003796059000714814 0.001260926668403858 0.01075571932651304
    vertex -0.003843169281697565 0.001109076134544526 0.01120078094038546
  endloop
endfacet
facet normal -0.910365 0.413435 -0.017501
  outer loop
    vertex -0.003646754106957814 0.001643528059811064 0.01158989716662103
    vertex -0.003538777982988872 0.001864685063787772 0.01119771227889001
    vertex -0.003736139325203476 0.001428727735668386 0.01116518791986093
  endloop
endfacet
facet normal -0.855646 0.517335 0.0153007
  outer loop
    vertex -0.003538777982988872 0.001864685063787772 0.01119771227889001
    vertex -0.003295793719996046 0.002266659161681488 0.01119465790395519
    vertex -0.003423125089206254 0.002069351256709859 0.01074524748413252
  endloop
endfacet
facet normal -0.886944 0.461529 -0.0179424
  outer loop
    vertex -0.003538777982988872 0.001864685063787772 0.01119771227889001
    vertex -0.003423125089206254 0.002069351256709859 0.01074524748413252
    vertex -0.003648761289438994 0.001639067128793536 0.01083097645047149
  endloop
endfacet
facet normal -0.911378 0.411064 0.0204316
  outer loop
    vertex -0.003736139325203476 0.001428727735668386 0.01116518791986093
    vertex -0.003538777982988872 0.001864685063787772 0.01119771227889001
    vertex -0.003648761289438994 0.001639067128793536 0.01083097645047149
  endloop
endfacet
facet normal -0.821065 0.570555 -0.0178626
  outer loop
    vertex -0.003423125089206254 0.002069351256709859 0.01074524748413252
    vertex -0.003295793719996046 0.002266659161681488 0.01119465790395519
    vertex -0.003148733922436159 0.002466875490514225 0.01083013608311917
  endloop
endfacet
facet normal -0.787038 0.616592 -0.0196044
  outer loop
    vertex -0.003295793719996046 0.002266659161681488 0.01119465790395519
    vertex -0.003147996539931731 0.002467816400095002 0.01158793587143176
    vertex -0.002990037127111787 0.002657005453229837 0.01119682022890201
  endloop
endfacet
facet normal -0.787125 0.616435 0.0210301
  outer loop
    vertex -0.003295793719996046 0.002266659161681488 0.01119465790395519
    vertex -0.002990037127111787 0.002657005453229837 0.01119682022890201
    vertex -0.003148733922436159 0.002466875490514225 0.01083013608311917
  endloop
endfacet
facet normal -0.70567 0.708352 0.0163508
  outer loop
    vertex -0.002990037127111787 0.002657005453229837 0.01119682022890201
    vertex -0.002652490632963086 0.002994042992684489 0.01116349832275522
    vertex -0.002828427124746011 0.002828427124746369 0.01074524748413264
  endloop
endfacet
facet normal -0.750461 0.660676 -0.0177773
  outer loop
    vertex -0.002990037127111787 0.002657005453229837 0.01119682022890201
    vertex -0.002828427124746011 0.002828427124746369 0.01074524748413264
    vertex -0.003148733922436159 0.002466875490514225 0.01083013608311917
  endloop
endfacet
facet normal -0.672968 0.739607 -0.00978113
  outer loop
    vertex -0.002828427124746011 0.002828427124746369 0.01074524748413264
    vertex -0.002652490632963086 0.002994042992684489 0.01116349832275522
    vertex -0.002561219107623086 0.003072483796986797 0.01081512592315582
  endloop
endfacet
facet normal -0.616622 0.787066 -0.0174468
  outer loop
    vertex -0.002652490632963086 0.002994042992684489 0.01116349832275522
    vertex -0.002466876601347915 0.003148733052153225 0.01158177336968715
    vertex -0.002272247624704543 0.003291943306319925 0.01116355404798372
  endloop
endfacet
facet normal -0.616643 0.787087 0.0156664
  outer loop
    vertex -0.002652490632963086 0.002994042992684489 0.01116349832275522
    vertex -0.002272247624704543 0.003291943306319925 0.01116355404798372
    vertex -0.002561219107623086 0.003072483796986797 0.01081512592315582
  endloop
endfacet
facet normal -0.567977 0.82286 0.0174484
  outer loop
    vertex -0.002272247624704543 0.003291943306319925 0.01116355404798372
    vertex -0.002466876601347915 0.003148733052153225 0.01158177336968715
    vertex -0.002069339537605158 0.003423132173624628 0.01158175703997989
  endloop
endfacet
facet normal -0.514318 0.85738 -0.0194153
  outer loop
    vertex -0.002272247624704543 0.003291943306319925 0.01116355404798372
    vertex -0.002069339537605158 0.003423132173624628 0.01158175703997989
    vertex -0.001858891440245595 0.003541824757576475 0.01124838645397474
  endloop
endfacet
facet normal -0.517338 0.855781 -2.02368e-06
  outer loop
    vertex -0.002272247624704543 0.003291943306319925 0.01116355404798372
    vertex -0.001858892688175072 0.003541824102612841 0.01083650167724502
    vertex -0.002272258986924622 0.003291935463574626 0.01075164387793072
  endloop
endfacet
facet normal -0.517336 0.855782 2.06594e-07
  outer loop
    vertex -0.001858892688175072 0.003541824102612841 0.01083650167724502
    vertex -0.002272247624704543 0.003291943306319925 0.01116355404798372
    vertex -0.001858891440245595 0.003541824757576475 0.01124838645397474
  endloop
endfacet
facet normal -0.604807 0.796372 1.52025e-06
  outer loop
    vertex -0.002272247624704543 0.003291943306319925 0.01116355404798372
    vertex -0.002272258986924622 0.003291935463574626 0.01075164387793072
    vertex -0.002561219107623086 0.003072483796986797 0.01081512592315582
  endloop
endfacet
facet normal -0.46514 0.885072 -0.0171297
  outer loop
    vertex -0.001643528059811426 0.003646754106957651 0.01041010283337807
    vertex -0.002069351256710627 0.00342312508920579 0.01041825083862251
    vertex -0.001858892688175072 0.003541824102612841 0.01083650167724502
  endloop
endfacet
facet normal -0.520156 0.853851 0.0194144
  outer loop
    vertex -0.001858892688175072 0.003541824102612841 0.01083650167724502
    vertex -0.002069351256710627 0.00342312508920579 0.01041825083862251
    vertex -0.002272258986924622 0.003291935463574626 0.01075164387793072
  endloop
endfacet
facet normal -0.410453 0.911722 0.0170495
  outer loop
    vertex -0.001643528059811426 0.003646754106957651 0.01041010283337807
    vertex -0.001858892688175072 0.003541824102612841 0.01083650167724502
    vertex -0.001420189082237689 0.003739393396086171 0.01083292489428407
  endloop
endfacet
facet normal -0.410682 0.911557 -0.020086
  outer loop
    vertex -0.001420189082237689 0.003739393396086171 0.01083292489428407
    vertex -0.001858892688175072 0.003541824102612841 0.01083650167724502
    vertex -0.001575914431344938 0.003676478437999979 0.01116166081031852
  endloop
endfacet
facet normal -0.429681 0.902981 -1.34039e-07
  outer loop
    vertex -0.001858892688175072 0.003541824102612841 0.01083650167724502
    vertex -0.001858891440245595 0.003541824757576475 0.01124838645397474
    vertex -0.001575914431344938 0.003676478437999979 0.01116166081031852
  endloop
endfacet
facet normal -0.998062 -0.0603716 -0.0150661
  outer loop
    vertex -0.004 0 0.01
    vertex -0.003970835496392216 -0.0004821467210212922 0.01
    vertex -0.00398369782379125 -0.0003607653651902612 0.01036568377141697
  endloop
endfacet
facet normal -0.998981 -0.0451417 -0
  outer loop
    vertex -0.004 0 0.0105
    vertex -0.004 0 0.01
    vertex -0.00398369782379125 -0.0003607653651902612 0.01036568377141697
  endloop
endfacet
facet normal -0.0603716 -0.998062 -0.0150661
  outer loop
    vertex -0.0004821467210212929 -0.003970835496392216 0.01
    vertex 0 -0.004 0.01
    vertex -0.0003607653651905316 -0.003983697823791225 0.01036568377141731
  endloop
endfacet
facet normal -0.0451417 -0.998981 0
  outer loop
    vertex 0 -0.004 0.01
    vertex 0 -0.004 0.0105
    vertex -0.0003607653651905316 -0.003983697823791225 0.01036568377141731
  endloop
endfacet
facet normal -0.998981 -0.0451417 -0
  outer loop
    vertex -0.004 0 0.012
    vertex -0.004 0 0.0115
    vertex -0.003983697823791252 -0.0003607653651902417 0.01163431622858305
  endloop
endfacet
facet normal -0.998062 -0.0603716 0.0150661
  outer loop
    vertex -0.003970835496392216 -0.0004821467210212922 0.012
    vertex -0.004 0 0.012
    vertex -0.003983697823791252 -0.0003607653651902417 0.01163431622858305
  endloop
endfacet
facet normal -0.045057 -0.998984 0
  outer loop
    vertex 0 -0.004 0.0115
    vertex 0 -0.004 0.012
    vertex -0.000360090056329052 -0.003983758922341178 0.0116349722585017
  endloop
endfacet
facet normal -0.0603716 -0.998061 0.0151485
  outer loop
    vertex 0 -0.004 0.012
    vertex -0.0004821467210212929 -0.003970835496392216 0.012
    vertex -0.000360090056329052 -0.003983758922341178 0.0116349722585017
  endloop
endfacet
facet normal -0.983464 -0.180226 -0.0178128
  outer loop
    vertex -0.003970835496392216 -0.0004821467210212922 0.01
    vertex -0.003883767269704208 -0.000957262657150231 0.01
    vertex -0.003930875727451211 -0.0007404161095863024 0.01040689823617161
  endloop
endfacet
facet normal -0.99056 -0.136677 0.0105259
  outer loop
    vertex -0.003970835496392216 -0.0004821467210212922 0.01
    vertex -0.003930875727451211 -0.0007404161095863024 0.01040689823617161
    vertex -0.00398369782379125 -0.0003607653651902612 0.01036568377141697
  endloop
endfacet
facet normal -0.954574 -0.297457 -0.0175287
  outer loop
    vertex -0.003883767269704208 -0.000957262657150231 0.01
    vertex -0.003740064970741659 -0.001418419548170142 0.01
    vertex -0.00381662158816739 -0.001197246696689795 0.01041585869248736
  endloop
endfacet
facet normal -0.97006 -0.242284 0.0168111
  outer loop
    vertex -0.003883767269704208 -0.000957262657150231 0.01
    vertex -0.00381662158816739 -0.001197246696689795 0.01041585869248736
    vertex -0.003930875727451211 -0.0007404161095863024 0.01040689823617161
  endloop
endfacet
facet normal -0.911741 -0.410341 -0.0186708
  outer loop
    vertex -0.003740064970741659 -0.001418419548170142 0.01
    vertex -0.00354182410261284 -0.001858892688175074 0.01
    vertex -0.003644260243054902 -0.001649050417934341 0.01039035631009754
  endloop
endfacet
facet normal -0.933825 -0.357272 0.0181035
  outer loop
    vertex -0.00381662158816739 -0.001197246696689795 0.01041585869248736
    vertex -0.003740064970741659 -0.001418419548170142 0.01
    vertex -0.003644260243054902 -0.001649050417934341 0.01039035631009754
  endloop
endfacet
facet normal -0.855651 -0.517259 -0.0174467
  outer loop
    vertex -0.00354182410261284 -0.001858892688175074 0.01
    vertex -0.003291935463574626 -0.002272258986924623 0.01
    vertex -0.00342312435916436 -0.002069352464346177 0.01041822663031297
  endloop
endfacet
facet normal -0.885326 -0.464644 0.0174523
  outer loop
    vertex -0.00354182410261284 -0.001858892688175074 0.01
    vertex -0.00342312435916436 -0.002069352464346177 0.01041822663031297
    vertex -0.003644260243054902 -0.001649050417934341 0.01039035631009754
  endloop
endfacet
facet normal -0.787064 -0.616625 -0.017446
  outer loop
    vertex -0.003291935463574626 -0.002272258986924623 0.01
    vertex -0.002994042992684405 -0.002652490632963181 0.01
    vertex -0.003148733922694947 -0.002466875490183907 0.01041824446839972
  endloop
endfacet
facet normal -0.822859 -0.567978 0.0174462
  outer loop
    vertex -0.003291935463574626 -0.002272258986924623 0.01
    vertex -0.003148733922694947 -0.002466875490183907 0.01041824446839972
    vertex -0.00342312435916436 -0.002069352464346177 0.01041822663031297
  endloop
endfacet
facet normal -0.706999 -0.706999 -0.0174457
  outer loop
    vertex -0.002994042992684405 -0.002652490632963181 0.01
    vertex -0.002652490632963181 -0.002994042992684404 0.01
    vertex -0.002828427124745939 -0.002828427124746441 0.0104182495639721
  endloop
endfacet
facet normal -0.748397 -0.663022 0.0174458
  outer loop
    vertex -0.003148733922694947 -0.002466875490183907 0.01041824446839972
    vertex -0.002994042992684405 -0.002652490632963181 0.01
    vertex -0.002828427124745939 -0.002828427124746441 0.0104182495639721
  endloop
endfacet
facet normal -0.616625 -0.787064 -0.017446
  outer loop
    vertex -0.002652490632963181 -0.002994042992684404 0.01
    vertex -0.002272258986924623 -0.003291935463574625 0.01
    vertex -0.002466875490183864 -0.003148733922694981 0.01041824446839985
  endloop
endfacet
facet normal -0.663022 -0.748397 0.0174458
  outer loop
    vertex -0.002652490632963181 -0.002994042992684404 0.01
    vertex -0.002466875490183864 -0.003148733922694981 0.01041824446839985
    vertex -0.002828427124745939 -0.002828427124746441 0.0104182495639721
  endloop
endfacet
facet normal -0.517259 -0.855651 -0.0174467
  outer loop
    vertex -0.002272258986924623 -0.003291935463574625 0.01
    vertex -0.001858892688175074 -0.003541824102612839 0.01
    vertex -0.002069352464346149 -0.003423124359164376 0.01041822663031277
  endloop
endfacet
facet normal -0.567978 -0.822859 0.0174462
  outer loop
    vertex -0.002466875490183864 -0.003148733922694981 0.01041824446839985
    vertex -0.002272258986924623 -0.003291935463574625 0.01
    vertex -0.002069352464346149 -0.003423124359164376 0.01041822663031277
  endloop
endfacet
facet normal -0.410341 -0.911741 -0.0186734
  outer loop
    vertex -0.001858892688175074 -0.003541824102612839 0.01
    vertex -0.001418419548170143 -0.003740064970741659 0.01
    vertex -0.001649052241897166 -0.003644259417699834 0.01039030315849085
  endloop
endfacet
facet normal -0.464642 -0.885326 0.0174534
  outer loop
    vertex -0.002069352464346149 -0.003423124359164376 0.01041822663031277
    vertex -0.001858892688175074 -0.003541824102612839 0.01
    vertex -0.001649052241897166 -0.003644259417699834 0.01039030315849085
  endloop
endfacet
facet normal -0.297457 -0.954574 -0.0175504
  outer loop
    vertex -0.001418419548170143 -0.003740064970741659 0.01
    vertex -0.0009572626571502313 -0.003883767269704208 0.01
    vertex -0.001197268006015217 -0.003816614903520179 0.01041534297363986
  endloop
endfacet
facet normal -0.35726 -0.933829 0.0181149
  outer loop
    vertex -0.001418419548170143 -0.003740064970741659 0.01
    vertex -0.001197268006015217 -0.003816614903520179 0.01041534297363986
    vertex -0.001649052241897166 -0.003644259417699834 0.01039030315849085
  endloop
endfacet
facet normal -0.180226 -0.983464 -0.0178128
  outer loop
    vertex -0.0009572626571502313 -0.003883767269704208 0.01
    vertex -0.0004821467210212929 -0.003970835496392216 0.01
    vertex -0.0007404161095868789 -0.003930875727451102 0.01040689823617127
  endloop
endfacet
facet normal -0.242304 -0.970054 0.0168226
  outer loop
    vertex -0.001197268006015217 -0.003816614903520179 0.01041534297363986
    vertex -0.0009572626571502313 -0.003883767269704208 0.01
    vertex -0.0007404161095868789 -0.003930875727451102 0.01040689823617127
  endloop
endfacet
facet normal -0.136677 -0.99056 0.0105259
  outer loop
    vertex -0.0007404161095868789 -0.003930875727451102 0.01040689823617127
    vertex -0.0004821467210212929 -0.003970835496392216 0.01
    vertex -0.0003607653651905316 -0.003983697823791225 0.01036568377141731
  endloop
endfacet
facet normal -0.998534 -0.0541266 -0
  outer loop
    vertex -0.004 0 0.011
    vertex -0.004 0 0.0105
    vertex -0.0039765625 -0.0004323779406881774 0.01075
  endloop
endfacet
facet normal -0.99877 -0.0486603 0.00947621
  outer loop
    vertex -0.0039765625 -0.0004323779406881774 0.01075
    vertex -0.004 0 0.0105
    vertex -0.00398369782379125 -0.0003607653651902612 0.01036568377141697
  endloop
endfacet
facet normal -0.998534 -0.0541266 -0
  outer loop
    vertex -0.004 0 0.0115
    vertex -0.004 0 0.011
    vertex -0.003976562500000012 -0.0004323779406880653 0.01125
  endloop
endfacet
facet normal -0.998534 -0.0541266 -1.21189e-14
  outer loop
    vertex -0.004 0 0.011
    vertex -0.0039765625 -0.0004323779406881774 0.01075
    vertex -0.003976562500000012 -0.0004323779406880653 0.01125
  endloop
endfacet
facet normal -0.99877 -0.0486603 -0.00947621
  outer loop
    vertex -0.004 0 0.0115
    vertex -0.003976562500000012 -0.0004323779406880653 0.01125
    vertex -0.003983697823791252 -0.0003607653651902417 0.01163431622858305
  endloop
endfacet
facet normal -0.0541266 -0.998534 0
  outer loop
    vertex 0 -0.004 0.0105
    vertex 0 -0.004 0.011
    vertex -0.0004323779406900287 -0.003976562499999799 0.01075
  endloop
endfacet
facet normal -0.0486603 -0.99877 0.00947621
  outer loop
    vertex 0 -0.004 0.0105
    vertex -0.0004323779406900287 -0.003976562499999799 0.01075
    vertex -0.0003607653651905316 -0.003983697823791225 0.01036568377141731
  endloop
endfacet
facet normal -0.0539619 -0.998543 0
  outer loop
    vertex 0 -0.004 0.011
    vertex 0 -0.004 0.0115
    vertex -0.000431066253148341 -0.003976704902981443 0.01124771807069127
  endloop
endfacet
facet normal -0.054044 -0.998539 -0.000143266
  outer loop
    vertex -0.0004323779406900287 -0.003976562499999799 0.01075
    vertex 0 -0.004 0.011
    vertex -0.000431066253148341 -0.003976704902981443 0.01124771807069127
  endloop
endfacet
facet normal -0.0485329 -0.998778 -0.00929808
  outer loop
    vertex -0.000431066253148341 -0.003976704902981443 0.01124771807069127
    vertex 0 -0.004 0.0115
    vertex -0.000360090056329052 -0.003983758922341178 0.0116349722585017
  endloop
endfacet
facet normal -0.983464 -0.180226 0.0178128
  outer loop
    vertex -0.003883767269704208 -0.000957262657150231 0.012
    vertex -0.003970835496392216 -0.0004821467210212922 0.012
    vertex -0.003930875727451218 -0.0007404161095862678 0.01159310176382837
  endloop
endfacet
facet normal -0.99056 -0.136677 -0.0105259
  outer loop
    vertex -0.003930875727451218 -0.0007404161095862678 0.01159310176382837
    vertex -0.003970835496392216 -0.0004821467210212922 0.012
    vertex -0.003983697823791252 -0.0003607653651902417 0.01163431622858305
  endloop
endfacet
facet normal -0.954576 -0.297458 0.0174457
  outer loop
    vertex -0.003740064970741659 -0.001418419548170142 0.012
    vertex -0.003883767269704208 -0.000957262657150231 0.012
    vertex -0.003818883466034183 -0.001190012215420812 0.01158174916137758
  endloop
endfacet
facet normal -0.970317 -0.241291 -0.0162522
  outer loop
    vertex -0.003818883466034183 -0.001190012215420812 0.01158174916137758
    vertex -0.003883767269704208 -0.000957262657150231 0.012
    vertex -0.003930875727451218 -0.0007404161095862678 0.01159310176382837
  endloop
endfacet
facet normal -0.911761 -0.41035 0.0174457
  outer loop
    vertex -0.00354182410261284 -0.001858892688175074 0.012
    vertex -0.003740064970741659 -0.001418419548170142 0.012
    vertex -0.00364759938396836 -0.001641651221811027 0.01158174916137749
  endloop
endfacet
facet normal -0.934874 -0.354551 -0.0174457
  outer loop
    vertex -0.003740064970741659 -0.001418419548170142 0.012
    vertex -0.003818883466034183 -0.001190012215420812 0.01158174916137758
    vertex -0.00364759938396836 -0.001641651221811027 0.01158174916137749
  endloop
endfacet
facet normal -0.855684 -0.517279 0.0151103
  outer loop
    vertex -0.003291935463574626 -0.002272258986924623 0.012
    vertex -0.00354182410261284 -0.001858892688175074 0.012
    vertex -0.003397969738521756 -0.002110403197517097 0.01153626276616375
  endloop
endfacet
facet normal -0.883269 -0.468443 -0.0199334
  outer loop
    vertex -0.003397969738521756 -0.002110403197517097 0.01153626276616375
    vertex -0.00354182410261284 -0.001858892688175074 0.012
    vertex -0.00364759938396836 -0.001641651221811027 0.01158174916137749
  endloop
endfacet
facet normal -0.786995 -0.616571 0.0218862
  outer loop
    vertex -0.002994042992684405 -0.002652490632963181 0.012
    vertex -0.003291935463574626 -0.002272258986924623 0.012
    vertex -0.003148733922436201 -0.002466875490514172 0.0116666377603641
  endloop
endfacet
facet normal -0.816984 -0.57648 -0.0144012
  outer loop
    vertex -0.003291935463574626 -0.002272258986924623 0.012
    vertex -0.003397969738521756 -0.002110403197517097 0.01153626276616375
    vertex -0.003148733922436201 -0.002466875490514172 0.0116666377603641
  endloop
endfacet
facet normal -0.706999 -0.706999 0.0174457
  outer loop
    vertex -0.002652490632963181 -0.002994042992684404 0.012
    vertex -0.002994042992684405 -0.002652490632963181 0.012
    vertex -0.00282842712474619 -0.00282842712474619 0.01158174916137765
  endloop
endfacet
facet normal -0.750628 -0.66044 -0.0194152
  outer loop
    vertex -0.00282842712474619 -0.00282842712474619 0.01158174916137765
    vertex -0.002994042992684405 -0.002652490632963181 0.012
    vertex -0.003148733922436201 -0.002466875490514172 0.0116666377603641
  endloop
endfacet
facet normal -0.616571 -0.786995 0.0218862
  outer loop
    vertex -0.002272258986924623 -0.003291935463574625 0.012
    vertex -0.002652490632963181 -0.002994042992684404 0.012
    vertex -0.002466875490514173 -0.003148733922436201 0.01166663776036425
  endloop
endfacet
facet normal -0.66044 -0.750628 -0.0194152
  outer loop
    vertex -0.002652490632963181 -0.002994042992684404 0.012
    vertex -0.00282842712474619 -0.00282842712474619 0.01158174916137765
    vertex -0.002466875490514173 -0.003148733922436201 0.01166663776036425
  endloop
endfacet
facet normal -0.517279 -0.855684 0.0151088
  outer loop
    vertex -0.001858892688175074 -0.003541824102612839 0.012
    vertex -0.002272258986924623 -0.003291935463574625 0.012
    vertex -0.002110388474190672 -0.003397978882807127 0.01153620275118409
  endloop
endfacet
facet normal -0.57648 -0.816984 -0.0144014
  outer loop
    vertex -0.002110388474190672 -0.003397978882807127 0.01153620275118409
    vertex -0.002272258986924623 -0.003291935463574625 0.012
    vertex -0.002466875490514173 -0.003148733922436201 0.01166663776036425
  endloop
endfacet
facet normal -0.41035 -0.911761 0.0174457
  outer loop
    vertex -0.001418419548170143 -0.003740064970741659 0.012
    vertex -0.001858892688175074 -0.003541824102612839 0.012
    vertex -0.001641651221811132 -0.003647599383968314 0.01158174916137742
  endloop
endfacet
facet normal -0.468439 -0.883271 -0.0199309
  outer loop
    vertex -0.001858892688175074 -0.003541824102612839 0.012
    vertex -0.002110388474190672 -0.003397978882807127 0.01153620275118409
    vertex -0.001641651221811132 -0.003647599383968314 0.01158174916137742
  endloop
endfacet
facet normal -0.297458 -0.954576 0.0174457
  outer loop
    vertex -0.0009572626571502313 -0.003883767269704208 0.012
    vertex -0.001418419548170143 -0.003740064970741659 0.012
    vertex -0.001190012215420813 -0.003818883466034183 0.01158174916137758
  endloop
endfacet
facet normal -0.354551 -0.934874 -0.0174457
  outer loop
    vertex -0.001190012215420813 -0.003818883466034183 0.01158174916137758
    vertex -0.001418419548170143 -0.003740064970741659 0.012
    vertex -0.001641651221811132 -0.003647599383968314 0.01158174916137742
  endloop
endfacet
facet normal -0.180226 -0.983464 0.0177961
  outer loop
    vertex -0.0004821467210212929 -0.003970835496392216 0.012
    vertex -0.0009572626571502313 -0.003883767269704208 0.012
    vertex -0.0007391999711968257 -0.003931104603363107 0.0115923894974438
  endloop
endfacet
facet normal -0.241164 -0.970347 -0.0163275
  outer loop
    vertex -0.0009572626571502313 -0.003883767269704208 0.012
    vertex -0.001190012215420813 -0.003818883466034183 0.01158174916137758
    vertex -0.0007391999711968257 -0.003931104603363107 0.0115923894974438
  endloop
endfacet
facet normal -0.1364 -0.990598 -0.0105378
  outer loop
    vertex -0.0004821467210212929 -0.003970835496392216 0.012
    vertex -0.0007391999711968257 -0.003931104603363107 0.0115923894974438
    vertex -0.000360090056329052 -0.003983758922341178 0.0116349722585017
  endloop
endfacet
facet normal -0.81955 -0.573007 -7.83068e-15
  outer loop
    vertex -0.003397969738521756 -0.002110403197517097 0.01153626276616375
    vertex -0.003148733922436167 -0.002466875490514215 0.01125475251586751
    vertex -0.003148733922436201 -0.002466875490514172 0.0116666377603641
  endloop
endfacet
facet normal -0.81544 -0.578739 0.0108976
  outer loop
    vertex -0.003148733922436167 -0.002466875490514215 0.01125475251586751
    vertex -0.003397969738521756 -0.002110403197517097 0.01153626276616375
    vertex -0.00335873812001154 -0.002172297917225293 0.01118481962256003
  endloop
endfacet
facet normal -0.881169 -0.471973 0.0279737
  outer loop
    vertex -0.003397969738521756 -0.002110403197517097 0.01153626276616375
    vertex -0.00364759938396836 -0.001641651221811027 0.01158174916137749
    vertex -0.003541824102612789 -0.001858892688175172 0.01124835612206949
  endloop
endfacet
facet normal -0.864124 -0.503218 -0.00783761
  outer loop
    vertex -0.003397969738521756 -0.002110403197517097 0.01153626276616375
    vertex -0.003541824102612789 -0.001858892688175172 0.01124835612206949
    vertex -0.00335873812001154 -0.002172297917225293 0.01118481962256003
  endloop
endfacet
facet normal -0.573006 -0.819551 1.70121e-13
  outer loop
    vertex -0.002466875490513156 -0.003148733922436997 0.01125475251586778
    vertex -0.002110388474190672 -0.003397978882807127 0.01153620275118409
    vertex -0.002466875490514173 -0.003148733922436201 0.01166663776036425
  endloop
endfacet
facet normal -0.578731 -0.815446 0.0108874
  outer loop
    vertex -0.002110388474190672 -0.003397978882807127 0.01153620275118409
    vertex -0.002466875490513156 -0.003148733922436997 0.01125475251586778
    vertex -0.002172197939619458 -0.003358802779430936 0.01118487407684382
  endloop
endfacet
facet normal -0.471974 -0.881168 0.0279745
  outer loop
    vertex -0.001641651221811132 -0.003647599383968314 0.01158174916137742
    vertex -0.002110388474190672 -0.003397978882807127 0.01153620275118409
    vertex -0.001858892688175267 -0.003541824102612738 0.01124835612206911
  endloop
endfacet
facet normal -0.503207 -0.864131 -0.00782834
  outer loop
    vertex -0.001858892688175267 -0.003541824102612738 0.01124835612206911
    vertex -0.002110388474190672 -0.003397978882807127 0.01153620275118409
    vertex -0.002172197939619458 -0.003358802779430936 0.01118487407684382
  endloop
endfacet
facet normal -0.934507 -0.355326 -0.020985
  outer loop
    vertex -0.00381662158816739 -0.001197246696689795 0.01041585869248736
    vertex -0.003644260243054902 -0.001649050417934341 0.01039035631009754
    vertex -0.003740065470508596 -0.001418418230392333 0.01075161354602527
  endloop
endfacet
facet normal -0.969939 -0.24288 -0.0150936
  outer loop
    vertex -0.003930875727451211 -0.0007404161095863024 0.01040689823617161
    vertex -0.00381662158816739 -0.001197246696689795 0.01041585869248736
    vertex -0.003849059596445678 -0.001088457726790267 0.01074979372441722
  endloop
endfacet
facet normal -0.949506 -0.313591 0.00992743
  outer loop
    vertex -0.00381662158816739 -0.001197246696689795 0.01041585869248736
    vertex -0.003740065470508596 -0.001418418230392333 0.01075161354602527
    vertex -0.003849059596445678 -0.001088457726790267 0.01074979372441722
  endloop
endfacet
facet normal -0.748511 -0.663123 7.55985e-15
  outer loop
    vertex -0.003148733922436167 -0.002466875490514215 0.01125475251586751
    vertex -0.00282842712474619 -0.00282842712474619 0.01158174916137765
    vertex -0.003148733922436201 -0.002466875490514172 0.0116666377603641
  endloop
endfacet
facet normal -0.748511 -0.663123 4.21662e-14
  outer loop
    vertex -0.00282842712474619 -0.00282842712474619 0.01158174916137765
    vertex -0.003148733922436167 -0.002466875490514215 0.01125475251586751
    vertex -0.002828427124746394 -0.002828427124745987 0.01116986391688107
  endloop
endfacet
facet normal -0.663123 -0.748511 -4.21756e-14
  outer loop
    vertex -0.002466875490513156 -0.003148733922436997 0.01125475251586778
    vertex -0.00282842712474619 -0.00282842712474619 0.01158174916137765
    vertex -0.002828427124746394 -0.002828427124745987 0.01116986391688107
  endloop
endfacet
facet normal -0.663123 -0.748511 -1.89657e-13
  outer loop
    vertex -0.00282842712474619 -0.00282842712474619 0.01158174916137765
    vertex -0.002466875490513156 -0.003148733922436997 0.01125475251586778
    vertex -0.002466875490514173 -0.003148733922436201 0.01166663776036425
  endloop
endfacet
facet normal -0.355349 -0.934499 -0.0209656
  outer loop
    vertex -0.001649052241897166 -0.003644259417699834 0.01039030315849085
    vertex -0.001197268006015217 -0.003816614903520179 0.01041534297363986
    vertex -0.001418418230392295 -0.00374006547050861 0.01075161354602527
  endloop
endfacet
facet normal -0.242867 -0.969942 -0.015129
  outer loop
    vertex -0.001197268006015217 -0.003816614903520179 0.01041534297363986
    vertex -0.0007404161095868789 -0.003930875727451102 0.01040689823617127
    vertex -0.001088054954428151 -0.0038491734718176 0.0107495152127084
  endloop
endfacet
facet normal -0.313533 -0.949525 0.00995521
  outer loop
    vertex -0.001418418230392295 -0.00374006547050861 0.01075161354602527
    vertex -0.001197268006015217 -0.003816614903520179 0.01041534297363986
    vertex -0.001088054954428151 -0.0038491734718176 0.0107495152127084
  endloop
endfacet
facet normal -0.74838 -0.663007 -0.018662
  outer loop
    vertex -0.003148733922694947 -0.002466875490183907 0.01041824446839972
    vertex -0.002828427124745939 -0.002828427124746441 0.0104182495639721
    vertex -0.00299891243692294 -0.00264698398099968 0.01080886736539285
  endloop
endfacet
facet normal -0.787002 -0.616702 0.017502
  outer loop
    vertex -0.003148733922694947 -0.002466875490183907 0.01041824446839972
    vertex -0.00299891243692294 -0.00264698398099968 0.01080886736539285
    vertex -0.003291935463574613 -0.002272258986924641 0.01083650167724502
  endloop
endfacet
facet normal -0.822858 -0.567979 -0.0174449
  outer loop
    vertex -0.003148733922694947 -0.002466875490183907 0.01041824446839972
    vertex -0.003291935463574613 -0.002272258986924641 0.01083650167724502
    vertex -0.00342312435916436 -0.002069352464346177 0.01041822663031297
  endloop
endfacet
facet normal -0.663006 -0.748378 -0.0188028
  outer loop
    vertex -0.002828427124745939 -0.002828427124746441 0.0104182495639721
    vertex -0.002466875490183864 -0.003148733922694981 0.01041824446839985
    vertex -0.002647612960018605 -0.002998357152498935 0.01080601900054782
  endloop
endfacet
facet normal -0.61687 -0.786868 0.0176265
  outer loop
    vertex -0.002647612960018605 -0.002998357152498935 0.01080601900054782
    vertex -0.002466875490183864 -0.003148733922694981 0.01041824446839985
    vertex -0.002272258986924172 -0.003291935463574937 0.01083650167724481
  endloop
endfacet
facet normal -0.567979 -0.822858 -0.0174449
  outer loop
    vertex -0.002272258986924172 -0.003291935463574937 0.01083650167724481
    vertex -0.002466875490183864 -0.003148733922694981 0.01041824446839985
    vertex -0.002069352464346149 -0.003423124359164376 0.01041822663031277
  endloop
endfacet
facet normal -0.354551 -0.934874 0.0174457
  outer loop
    vertex -0.001190012215420813 -0.003818883466034183 0.01158174916137758
    vertex -0.001641651221811132 -0.003647599383968314 0.01158174916137742
    vertex -0.001418419548170069 -0.003740064970741688 0.01116349832275499
  endloop
endfacet
facet normal -0.312631 -0.949839 -0.0082667
  outer loop
    vertex -0.001190012215420813 -0.003818883466034183 0.01158174916137758
    vertex -0.001418419548170069 -0.003740064970741688 0.01116349832275499
    vertex -0.001095587616758894 -0.003847036232478785 0.01124552009598241
  endloop
endfacet
facet normal -0.241834 -0.970226 0.0133227
  outer loop
    vertex -0.0007391999711968257 -0.003931104603363107 0.0115923894974438
    vertex -0.001190012215420813 -0.003818883466034183 0.01158174916137758
    vertex -0.001095587616758894 -0.003847036232478785 0.01124552009598241
  endloop
endfacet
facet normal -0.934874 -0.354551 0.0174457
  outer loop
    vertex -0.00364759938396836 -0.001641651221811027 0.01158174916137749
    vertex -0.003818883466034183 -0.001190012215420812 0.01158174916137758
    vertex -0.003740064970741685 -0.001418419548170075 0.01116349832275503
  endloop
endfacet
facet normal -0.949838 -0.312632 -0.00826655
  outer loop
    vertex -0.003740064970741685 -0.001418419548170075 0.01116349832275503
    vertex -0.003818883466034183 -0.001190012215420812 0.01158174916137758
    vertex -0.003847007791385845 -0.00109568747962939 0.01124601954703103
  endloop
endfacet
facet normal -0.970184 -0.242004 0.0132811
  outer loop
    vertex -0.003818883466034183 -0.001190012215420812 0.01158174916137758
    vertex -0.003930875727451218 -0.0007404161095862678 0.01159310176382837
    vertex -0.003847007791385845 -0.00109568747962939 0.01124601954703103
  endloop
endfacet
facet normal -0.988814 -0.149156 9.41216e-15
  outer loop
    vertex -0.003976562500000012 -0.0004323779406880653 0.01125
    vertex -0.0039765625 -0.0004323779406881774 0.01075
    vertex -0.003927165460250165 -0.0007598496218450813 0.01099906903072977
  endloop
endfacet
facet normal -0.988962 -0.148164 0.00133402
  outer loop
    vertex -0.003927165460250165 -0.0007598496218450813 0.01099906903072977
    vertex -0.0039765625 -0.0004323779406881774 0.01075
    vertex -0.003930875727451211 -0.0007404161095863024 0.01040689823617161
  endloop
endfacet
facet normal -0.990321 -0.138594 -0.00743875
  outer loop
    vertex -0.003930875727451211 -0.0007404161095863024 0.01040689823617161
    vertex -0.0039765625 -0.0004323779406881774 0.01075
    vertex -0.00398369782379125 -0.0003607653651902612 0.01036568377141697
  endloop
endfacet
facet normal -0.149006 -0.988836 0.000109774
  outer loop
    vertex -0.0004323779406900287 -0.003976562499999799 0.01075
    vertex -0.000431066253148341 -0.003976704902981443 0.01124771807069127
    vertex -0.0007593001072484318 -0.003927271743479501 0.01099623688742665
  endloop
endfacet
facet normal -0.148129 -0.988967 0.0013014
  outer loop
    vertex -0.0004323779406900287 -0.003976562499999799 0.01075
    vertex -0.0007593001072484318 -0.003927271743479501 0.01099623688742665
    vertex -0.0007404161095868789 -0.003930875727451102 0.01040689823617127
  endloop
endfacet
facet normal -0.138594 -0.990321 -0.00743875
  outer loop
    vertex -0.0004323779406900287 -0.003976562499999799 0.01075
    vertex -0.0007404161095868789 -0.003930875727451102 0.01040689823617127
    vertex -0.0003607653651905316 -0.003983697823791225 0.01036568377141731
  endloop
endfacet
facet normal -0.147896 -0.989002 -0.0013721
  outer loop
    vertex -0.0007593001072484318 -0.003927271743479501 0.01099623688742665
    vertex -0.000431066253148341 -0.003976704902981443 0.01124771807069127
    vertex -0.0007391999711968257 -0.003931104603363107 0.0115923894974438
  endloop
endfacet
facet normal -0.138372 -0.990353 0.00732112
  outer loop
    vertex -0.0007391999711968257 -0.003931104603363107 0.0115923894974438
    vertex -0.000431066253148341 -0.003976704902981443 0.01124771807069127
    vertex -0.000360090056329052 -0.003983758922341178 0.0116349722585017
  endloop
endfacet
facet normal -0.231002 -0.972952 0.00153314
  outer loop
    vertex -0.0007593001072484318 -0.003927271743479501 0.01099623688742665
    vertex -0.0007391999711968257 -0.003931104603363107 0.0115923894974438
    vertex -0.001095587616758894 -0.003847036232478785 0.01124552009598241
  endloop
endfacet
facet normal -0.230115 -0.973162 -0.00142232
  outer loop
    vertex -0.0007404161095868789 -0.003930875727451102 0.01040689823617127
    vertex -0.0007593001072484318 -0.003927271743479501 0.01099623688742665
    vertex -0.001088054954428151 -0.0038491734718176 0.0107495152127084
  endloop
endfacet
facet normal -0.231605 -0.97281 0.000674444
  outer loop
    vertex -0.0007593001072484318 -0.003927271743479501 0.01099623688742665
    vertex -0.001095587616758894 -0.003847036232478785 0.01124552009598241
    vertex -0.001088054954428151 -0.0038491734718176 0.0107495152127084
  endloop
endfacet
facet normal -0.988963 -0.14816 -0.00132998
  outer loop
    vertex -0.003976562500000012 -0.0004323779406880653 0.01125
    vertex -0.003927165460250165 -0.0007598496218450813 0.01099906903072977
    vertex -0.003930875727451218 -0.0007404161095862678 0.01159310176382837
  endloop
endfacet
facet normal -0.990321 -0.138594 0.00743875
  outer loop
    vertex -0.003976562500000012 -0.0004323779406880653 0.01125
    vertex -0.003930875727451218 -0.0007404161095862678 0.01159310176382837
    vertex -0.003983697823791252 -0.0003607653651902417 0.01163431622858305
  endloop
endfacet
facet normal -0.972923 -0.231125 0.00148439
  outer loop
    vertex -0.003930875727451218 -0.0007404161095862678 0.01159310176382837
    vertex -0.003927165460250165 -0.0007598496218450813 0.01099906903072977
    vertex -0.003847007791385845 -0.00109568747962939 0.01124601954703103
  endloop
endfacet
facet normal -0.973143 -0.230198 -0.00145724
  outer loop
    vertex -0.003927165460250165 -0.0007598496218450813 0.01099906903072977
    vertex -0.003930875727451211 -0.0007404161095863024 0.01040689823617161
    vertex -0.003849059596445678 -0.001088457726790267 0.01074979372441722
  endloop
endfacet
facet normal -0.972785 -0.231709 0.000646417
  outer loop
    vertex -0.003847007791385845 -0.00109568747962939 0.01124601954703103
    vertex -0.003927165460250165 -0.0007598496218450813 0.01099906903072977
    vertex -0.003849059596445678 -0.001088457726790267 0.01074979372441722
  endloop
endfacet
facet normal -0.706961 -0.706974 0.0198379
  outer loop
    vertex -0.00299891243692294 -0.00264698398099968 0.01080886736539285
    vertex -0.002828427124745939 -0.002828427124746441 0.0104182495639721
    vertex -0.002647612960018605 -0.002998357152498935 0.01080601900054782
  endloop
endfacet
facet normal -0.78823 -0.615164 -0.0163664
  outer loop
    vertex -0.003291935463574613 -0.002272258986924641 0.01083650167724502
    vertex -0.00299891243692294 -0.00264698398099968 0.01080886736539285
    vertex -0.003148733922436167 -0.002466875490514215 0.01125475251586751
  endloop
endfacet
facet normal -0.746287 -0.665381 0.0180114
  outer loop
    vertex -0.003148733922436167 -0.002466875490514215 0.01125475251586751
    vertex -0.00299891243692294 -0.00264698398099968 0.01080886736539285
    vertex -0.002828427124746394 -0.002828427124745987 0.01116986391688107
  endloop
endfacet
facet normal -0.707107 -0.706786 -0.0213025
  outer loop
    vertex -0.00299891243692294 -0.00264698398099968 0.01080886736539285
    vertex -0.002647612960018605 -0.002998357152498935 0.01080601900054782
    vertex -0.002828427124746394 -0.002828427124745987 0.01116986391688107
  endloop
endfacet
facet normal -0.815323 -0.578923 0.00977282
  outer loop
    vertex -0.003291935463574613 -0.002272258986924641 0.01083650167724502
    vertex -0.003148733922436167 -0.002466875490514215 0.01125475251586751
    vertex -0.00335873812001154 -0.002172297917225293 0.01118481962256003
  endloop
endfacet
facet normal -0.855653 -0.517256 0.0174468
  outer loop
    vertex -0.00342312435916436 -0.002069352464346177 0.01041822663031297
    vertex -0.003291935463574613 -0.002272258986924641 0.01083650167724502
    vertex -0.003541830518611355 -0.001858880463459988 0.01083644595201655
  endloop
endfacet
facet normal -0.855676 -0.517274 -0.0156585
  outer loop
    vertex -0.003541830518611355 -0.001858880463459988 0.01083644595201655
    vertex -0.003291935463574613 -0.002272258986924641 0.01083650167724502
    vertex -0.00335873812001154 -0.002172297917225293 0.01118481962256003
  endloop
endfacet
facet normal -0.88442 -0.466406 -0.0163087
  outer loop
    vertex -0.00342312435916436 -0.002069352464346177 0.01041822663031297
    vertex -0.003541830518611355 -0.001858880463459988 0.01083644595201655
    vertex -0.003644260243054902 -0.001649050417934341 0.01039035631009754
  endloop
endfacet
facet normal -0.913045 -0.407461 0.0179904
  outer loop
    vertex -0.003644260243054902 -0.001649050417934341 0.01039035631009754
    vertex -0.003541830518611355 -0.001858880463459988 0.01083644595201655
    vertex -0.003740065470508596 -0.001418418230392333 0.01075161354602527
  endloop
endfacet
facet normal -0.9119 -0.410412 2.02368e-06
  outer loop
    vertex -0.003740064970741685 -0.001418419548170075 0.01116349832275503
    vertex -0.003541830518611355 -0.001858880463459988 0.01083644595201655
    vertex -0.003541824102612789 -0.001858892688175172 0.01124835612206949
  endloop
endfacet
facet normal -0.911901 -0.410411 -2.06594e-07
  outer loop
    vertex -0.003541830518611355 -0.001858880463459988 0.01083644595201655
    vertex -0.003740064970741685 -0.001418419548170075 0.01116349832275503
    vertex -0.003740065470508596 -0.001418418230392333 0.01075161354602527
  endloop
endfacet
facet normal -0.86346 -0.504418 -1.52075e-06
  outer loop
    vertex -0.003541824102612789 -0.001858892688175172 0.01124835612206949
    vertex -0.003541830518611355 -0.001858880463459988 0.01083644595201655
    vertex -0.00335873812001154 -0.002172297917225293 0.01118481962256003
  endloop
endfacet
facet normal -0.61517 -0.788224 -0.0163713
  outer loop
    vertex -0.002647612960018605 -0.002998357152498935 0.01080601900054782
    vertex -0.002272258986924172 -0.003291935463574937 0.01083650167724481
    vertex -0.002466875490513156 -0.003148733922436997 0.01125475251586778
  endloop
endfacet
facet normal -0.665367 -0.746302 0.0178956
  outer loop
    vertex -0.002647612960018605 -0.002998357152498935 0.01080601900054782
    vertex -0.002466875490513156 -0.003148733922436997 0.01125475251586778
    vertex -0.002828427124746394 -0.002828427124745987 0.01116986391688107
  endloop
endfacet
facet normal -0.578912 -0.815332 0.00978113
  outer loop
    vertex -0.002466875490513156 -0.003148733922436997 0.01125475251586778
    vertex -0.002272258986924172 -0.003291935463574937 0.01083650167724481
    vertex -0.002172197939619458 -0.003358802779430936 0.01118487407684382
  endloop
endfacet
facet normal -0.517256 -0.855653 0.0174468
  outer loop
    vertex -0.002272258986924172 -0.003291935463574937 0.01083650167724481
    vertex -0.002069352464346149 -0.003423124359164376 0.01041822663031277
    vertex -0.001858880463459535 -0.003541830518611593 0.01083644595201592
  endloop
endfacet
facet normal -0.517274 -0.855676 -0.0156664
  outer loop
    vertex -0.002272258986924172 -0.003291935463574937 0.01083650167724481
    vertex -0.001858880463459535 -0.003541830518611593 0.01083644595201592
    vertex -0.002172197939619458 -0.003358802779430936 0.01118487407684382
  endloop
endfacet
facet normal -0.466408 -0.884419 -0.0163076
  outer loop
    vertex -0.001858880463459535 -0.003541830518611593 0.01083644595201592
    vertex -0.002069352464346149 -0.003423124359164376 0.01041822663031277
    vertex -0.001649052241897166 -0.003644259417699834 0.01039030315849085
  endloop
endfacet
facet normal -0.407462 -0.913045 0.0179881
  outer loop
    vertex -0.001858880463459535 -0.003541830518611593 0.01083644595201592
    vertex -0.001649052241897166 -0.003644259417699834 0.01039030315849085
    vertex -0.001418418230392295 -0.00374006547050861 0.01075161354602527
  endloop
endfacet
facet normal -0.410412 -0.9119 2.02368e-06
  outer loop
    vertex -0.001858880463459535 -0.003541830518611593 0.01083644595201592
    vertex -0.001418419548170069 -0.003740064970741688 0.01116349832275499
    vertex -0.001858892688175267 -0.003541824102612738 0.01124835612206911
  endloop
endfacet
facet normal -0.410411 -0.911901 -2.06594e-07
  outer loop
    vertex -0.001418419548170069 -0.003740064970741688 0.01116349832275499
    vertex -0.001858880463459535 -0.003541830518611593 0.01083644595201592
    vertex -0.001418418230392295 -0.00374006547050861 0.01075161354602527
  endloop
endfacet
facet normal -0.504405 -0.863467 -1.52025e-06
  outer loop
    vertex -0.001858880463459535 -0.003541830518611593 0.01083644595201592
    vertex -0.001858892688175267 -0.003541824102612738 0.01124835612206911
    vertex -0.002172197939619458 -0.003358802779430936 0.01118487407684382
  endloop
endfacet
facet normal -0.413443 -0.910323 -0.0194144
  outer loop
    vertex -0.001418419548170069 -0.003740064970741688 0.01116349832275499
    vertex -0.001641651221811132 -0.003647599383968314 0.01158174916137742
    vertex -0.001858892688175267 -0.003541824102612738 0.01124835612206911
  endloop
endfacet
facet normal -0.313606 -0.949553 1.4881e-07
  outer loop
    vertex -0.001418419548170069 -0.003740064970741688 0.01116349832275499
    vertex -0.001418418230392295 -0.00374006547050861 0.01075161354602527
    vertex -0.001088054954428151 -0.0038491734718176 0.0107495152127084
  endloop
endfacet
facet normal -0.314379 -0.949297 -0.000683929
  outer loop
    vertex -0.001095587616758894 -0.003847036232478785 0.01124552009598241
    vertex -0.001418419548170069 -0.003740064970741688 0.01116349832275499
    vertex -0.001088054954428151 -0.0038491734718176 0.0107495152127084
  endloop
endfacet
facet normal -0.910323 -0.413443 -0.0194144
  outer loop
    vertex -0.00364759938396836 -0.001641651221811027 0.01158174916137749
    vertex -0.003740064970741685 -0.001418419548170075 0.01116349832275503
    vertex -0.003541824102612789 -0.001858892688175172 0.01124835612206949
  endloop
endfacet
facet normal -0.949537 -0.313656 1.48631e-07
  outer loop
    vertex -0.003740065470508596 -0.001418418230392333 0.01075161354602527
    vertex -0.003740064970741685 -0.001418419548170075 0.01116349832275503
    vertex -0.003849059596445678 -0.001088457726790267 0.01074979372441722
  endloop
endfacet
facet normal -0.949292 -0.314396 -0.000655443
  outer loop
    vertex -0.003740064970741685 -0.001418419548170075 0.01116349832275503
    vertex -0.003847007791385845 -0.00109568747962939 0.01124601954703103
    vertex -0.003849059596445678 -0.001088457726790267 0.01074979372441722
  endloop
endfacet
facet normal 0.998062 -0.0603716 -0.0150661
  outer loop
    vertex 0.003970835496392216 -0.000482146721021294 0.01
    vertex 0.004 0 0.01
    vertex 0.003983697823791261 -0.0003607653651901285 0.01036568377141699
  endloop
endfacet
facet normal 0.998981 -0.0451417 0
  outer loop
    vertex 0.004 0 0.01
    vertex 0.004 0 0.0105
    vertex 0.003983697823791261 -0.0003607653651901285 0.01036568377141699
  endloop
endfacet
facet normal 0.0603742 -0.998105 -0.0118761
  outer loop
    vertex 0 -0.004 0.01
    vertex 0.0004821467210212915 -0.003970835496392216 0.01
    vertex 0.0003792954429189221 -0.003981976263990148 0.0104134413503194
  endloop
endfacet
facet normal 0.0474654 -0.998873 0
  outer loop
    vertex 0 -0.004 0.0105
    vertex 0 -0.004 0.01
    vertex 0.0003792954429189221 -0.003981976263990148 0.0104134413503194
  endloop
endfacet
facet normal 0.998981 -0.0451417 0
  outer loop
    vertex 0.004 0 0.0115
    vertex 0.004 0 0.012
    vertex 0.003983697823791246 -0.0003607653651903036 0.01163431622858284
  endloop
endfacet
facet normal 0.998062 -0.0603716 0.0150661
  outer loop
    vertex 0.004 0 0.012
    vertex 0.003970835496392216 -0.000482146721021294 0.012
    vertex 0.003983697823791246 -0.0003607653651903036 0.01163431622858284
  endloop
endfacet
facet normal 0.0483176 -0.998832 0
  outer loop
    vertex 0 -0.004 0.012
    vertex 0 -0.004 0.0115
    vertex 0.0003860890410781182 -0.003981323304174051 0.01159055776247479
  endloop
endfacet
facet normal 0.0603746 -0.998111 0.0114022
  outer loop
    vertex 0.0004821467210212915 -0.003970835496392216 0.012
    vertex 0 -0.004 0.012
    vertex 0.0003860890410781182 -0.003981323304174051 0.01159055776247479
  endloop
endfacet
facet normal 0.18024 -0.98354 -0.0127318
  outer loop
    vertex 0.0004821467210212915 -0.003970835496392216 0.01
    vertex 0.0009572626571502309 -0.003883767269704208 0.01
    vertex 0.0007669839141905747 -0.003925778352807619 0.01055166157782886
  endloop
endfacet
facet normal 0.140557 -0.990038 0.00828828
  outer loop
    vertex 0.0004821467210212915 -0.003970835496392216 0.01
    vertex 0.0007669839141905747 -0.003925778352807619 0.01055166157782886
    vertex 0.0003792954429189221 -0.003981976263990148 0.0104134413503194
  endloop
endfacet
facet normal 0.297458 -0.954576 -0.0174457
  outer loop
    vertex 0.0009572626571502309 -0.003883767269704208 0.01
    vertex 0.001418419548170142 -0.003740064970741659 0.01
    vertex 0.001190012215420811 -0.003818883466034183 0.01041825083862251
  endloop
endfacet
facet normal 0.248515 -0.968554 0.0119586
  outer loop
    vertex 0.0009572626571502309 -0.003883767269704208 0.01
    vertex 0.001190012215420811 -0.003818883466034183 0.01041825083862251
    vertex 0.0007669839141905747 -0.003925778352807619 0.01055166157782886
  endloop
endfacet
facet normal 0.41035 -0.911761 -0.0174457
  outer loop
    vertex 0.001418419548170142 -0.003740064970741659 0.01
    vertex 0.001858892688175074 -0.00354182410261284 0.01
    vertex 0.001641651221811032 -0.003647599383968358 0.01041825083862251
  endloop
endfacet
facet normal 0.354551 -0.934874 0.0174457
  outer loop
    vertex 0.001190012215420811 -0.003818883466034183 0.01041825083862251
    vertex 0.001418419548170142 -0.003740064970741659 0.01
    vertex 0.001641651221811032 -0.003647599383968358 0.01041825083862251
  endloop
endfacet
facet normal 0.517255 -0.855645 -0.0178693
  outer loop
    vertex 0.001858892688175074 -0.00354182410261284 0.01
    vertex 0.002272258986924623 -0.003291935463574626 0.01
    vertex 0.002071712145340613 -0.003421696770149014 0.01040827932257254
  endloop
endfacet
facet normal 0.465279 -0.884984 0.0178563
  outer loop
    vertex 0.001641651221811032 -0.003647599383968358 0.01041825083862251
    vertex 0.001858892688175074 -0.00354182410261284 0.01
    vertex 0.002071712145340613 -0.003421696770149014 0.01040827932257254
  endloop
endfacet
facet normal 0.616625 -0.787064 -0.017446
  outer loop
    vertex 0.002272258986924623 -0.003291935463574626 0.01
    vertex 0.002652490632963181 -0.002994042992684405 0.01
    vertex 0.002466875490183887 -0.003148733922694963 0.01041824446839977
  endloop
endfacet
facet normal 0.567964 -0.822868 0.017456
  outer loop
    vertex 0.002272258986924623 -0.003291935463574626 0.01
    vertex 0.002466875490183887 -0.003148733922694963 0.01041824446839977
    vertex 0.002071712145340613 -0.003421696770149014 0.01040827932257254
  endloop
endfacet
facet normal 0.706996 -0.706996 -0.0176846
  outer loop
    vertex 0.002652490632963181 -0.002994042992684405 0.01
    vertex 0.002994042992684404 -0.002652490632963182 0.01
    vertex 0.002827702132057764 -0.002829151931649478 0.01041259054335487
  endloop
endfacet
facet normal 0.663079 -0.748345 0.0174904
  outer loop
    vertex 0.002466875490183887 -0.003148733922694963 0.01041824446839977
    vertex 0.002652490632963181 -0.002994042992684405 0.01
    vertex 0.002827702132057764 -0.002829151931649478 0.01041259054335487
  endloop
endfacet
facet normal 0.787064 -0.616625 -0.0174457
  outer loop
    vertex 0.002994042992684404 -0.002652490632963182 0.01
    vertex 0.003291935463574625 -0.002272258986924623 0.01
    vertex 0.0031487339224362 -0.002466875490514173 0.01041825083862251
  endloop
endfacet
facet normal 0.748173 -0.66327 0.0176387
  outer loop
    vertex 0.002994042992684404 -0.002652490632963182 0.01
    vertex 0.0031487339224362 -0.002466875490514173 0.01041825083862251
    vertex 0.002827702132057764 -0.002829151931649478 0.01041259054335487
  endloop
endfacet
facet normal 0.855651 -0.517259 -0.0174457
  outer loop
    vertex 0.003291935463574625 -0.002272258986924623 0.01
    vertex 0.003541824102612839 -0.001858892688175075 0.01
    vertex 0.003423125089205797 -0.002069351256710616 0.01041825083862244
  endloop
endfacet
facet normal 0.822859 -0.567978 0.0174457
  outer loop
    vertex 0.003291935463574625 -0.002272258986924623 0.01
    vertex 0.003423125089205797 -0.002069351256710616 0.01041825083862244
    vertex 0.0031487339224362 -0.002466875490514173 0.01041825083862251
  endloop
endfacet
facet normal 0.911741 -0.410341 -0.0186721
  outer loop
    vertex 0.003541824102612839 -0.001858892688175075 0.01
    vertex 0.003740064970741659 -0.001418419548170143 0.01
    vertex 0.003644253158435219 -0.001649066074247763 0.01039032876192488
  endloop
endfacet
facet normal 0.885326 -0.464644 0.0174511
  outer loop
    vertex 0.003423125089205797 -0.002069351256710616 0.01041825083862244
    vertex 0.003541824102612839 -0.001858892688175075 0.01
    vertex 0.003644253158435219 -0.001649066074247763 0.01039032876192488
  endloop
endfacet
facet normal 0.954574 -0.297457 -0.0175465
  outer loop
    vertex 0.003740064970741659 -0.001418419548170143 0.01
    vertex 0.003883767269704208 -0.0009572626571502308 0.01
    vertex 0.003816609943030579 -0.001197283818799921 0.01041543304215277
  endloop
endfacet
facet normal 0.933827 -0.357265 0.0181121
  outer loop
    vertex 0.003740064970741659 -0.001418419548170143 0.01
    vertex 0.003816609943030579 -0.001197283818799921 0.01041543304215277
    vertex 0.003644253158435219 -0.001649066074247763 0.01039032876192488
  endloop
endfacet
facet normal 0.983464 -0.180226 -0.0178128
  outer loop
    vertex 0.003883767269704208 -0.0009572626571502308 0.01
    vertex 0.003970835496392216 -0.000482146721021294 0.01
    vertex 0.00393087572745122 -0.0007404161095862498 0.01040689823617163
  endloop
endfacet
facet normal 0.970055 -0.242303 0.016822
  outer loop
    vertex 0.003816609943030579 -0.001197283818799921 0.01041543304215277
    vertex 0.003883767269704208 -0.0009572626571502308 0.01
    vertex 0.00393087572745122 -0.0007404161095862498 0.01040689823617163
  endloop
endfacet
facet normal 0.99056 -0.136677 0.0105259
  outer loop
    vertex 0.00393087572745122 -0.0007404161095862498 0.01040689823617163
    vertex 0.003970835496392216 -0.000482146721021294 0.01
    vertex 0.003983697823791261 -0.0003607653651901285 0.01036568377141699
  endloop
endfacet
facet normal 0.998534 -0.0541266 0
  outer loop
    vertex 0.004 0 0.0105
    vertex 0.004 0 0.011
    vertex 0.003976562500000002 -0.0004323779406881623 0.01075
  endloop
endfacet
facet normal 0.99877 -0.0486603 0.00947621
  outer loop
    vertex 0.004 0 0.0105
    vertex 0.003976562500000002 -0.0004323779406881623 0.01075
    vertex 0.003983697823791261 -0.0003607653651901285 0.01036568377141699
  endloop
endfacet
facet normal 0.998534 -0.0541266 0
  outer loop
    vertex 0.004 0 0.011
    vertex 0.004 0 0.0115
    vertex 0.003976562499999895 -0.0004323779406891424 0.01125
  endloop
endfacet
facet normal 0.998534 -0.0541266 1.06953e-13
  outer loop
    vertex 0.004 0 0.011
    vertex 0.003976562499999895 -0.0004323779406891424 0.01125
    vertex 0.003976562500000002 -0.0004323779406881623 0.01075
  endloop
endfacet
facet normal 0.99877 -0.0486603 -0.00947621
  outer loop
    vertex 0.003976562499999895 -0.0004323779406891424 0.01125
    vertex 0.004 0 0.0115
    vertex 0.003983697823791246 -0.0003607653651903036 0.01163431622858284
  endloop
endfacet
facet normal 0.0539332 -0.998545 0
  outer loop
    vertex 0 -0.004 0.011
    vertex 0 -0.004 0.0105
    vertex 0.000430837277860815 -0.003976729716740312 0.01075268027105175
  endloop
endfacet
facet normal 0.0492762 -0.998753 0.00795964
  outer loop
    vertex 0.000430837277860815 -0.003976729716740312 0.01075268027105175
    vertex 0 -0.004 0.0105
    vertex 0.0003792954429189221 -0.003981976263990148 0.0104134413503194
  endloop
endfacet
facet normal 0.0541266 -0.998534 0
  outer loop
    vertex 0 -0.004 0.0115
    vertex 0 -0.004 0.011
    vertex 0.0004323779406889218 -0.003976562499999919 0.01125
  endloop
endfacet
facet normal 0.0540295 -0.998539 0.000168365
  outer loop
    vertex 0.0004323779406889218 -0.003976562499999919 0.01125
    vertex 0 -0.004 0.011
    vertex 0.000430837277860815 -0.003976729716740312 0.01075268027105175
  endloop
endfacet
facet normal 0.0499932 -0.998724 -0.00716647
  outer loop
    vertex 0 -0.004 0.0115
    vertex 0.0004323779406889218 -0.003976562499999919 0.01125
    vertex 0.0003860890410781182 -0.003981323304174051 0.01159055776247479
  endloop
endfacet
facet normal 0.180246 -0.983573 0.00977114
  outer loop
    vertex 0.0009572626571502309 -0.003883767269704208 0.012
    vertex 0.0004821467210212915 -0.003970835496392216 0.012
    vertex 0.0008548320873844907 -0.003907590319158071 0.01149146530342683
  endloop
endfacet
facet normal 0.153187 -0.98814 -0.0106276
  outer loop
    vertex 0.0008548320873844907 -0.003907590319158071 0.01149146530342683
    vertex 0.0004821467210212915 -0.003970835496392216 0.012
    vertex 0.0003860890410781182 -0.003981323304174051 0.01159055776247479
  endloop
endfacet
facet normal 0.29744 -0.954519 0.0205595
  outer loop
    vertex 0.001418419548170142 -0.003740064970741659 0.012
    vertex 0.0009572626571502309 -0.003883767269704208 0.012
    vertex 0.001218404608236966 -0.003809919974307456 0.01165050427913417
  endloop
endfacet
facet normal 0.262569 -0.964883 -0.00768605
  outer loop
    vertex 0.0009572626571502309 -0.003883767269704208 0.012
    vertex 0.0008548320873844907 -0.003907590319158071 0.01149146530342683
    vertex 0.001218404608236966 -0.003809919974307456 0.01165050427913417
  endloop
endfacet
facet normal 0.41035 -0.911761 0.0174457
  outer loop
    vertex 0.001858892688175074 -0.00354182410261284 0.012
    vertex 0.001418419548170142 -0.003740064970741659 0.012
    vertex 0.001641651221811027 -0.00364759938396836 0.01158174916137765
  endloop
endfacet
facet normal 0.355657 -0.934466 -0.0167655
  outer loop
    vertex 0.001641651221811027 -0.00364759938396836 0.01158174916137765
    vertex 0.001418419548170142 -0.003740064970741659 0.012
    vertex 0.001218404608236966 -0.003809919974307456 0.01165050427913417
  endloop
endfacet
facet normal 0.517214 -0.855576 0.0218862
  outer loop
    vertex 0.002272258986924623 -0.003291935463574626 0.012
    vertex 0.001858892688175074 -0.00354182410261284 0.012
    vertex 0.002069351256710628 -0.00342312508920579 0.01166663776036416
  endloop
endfacet
facet normal 0.467654 -0.883698 -0.0194152
  outer loop
    vertex 0.001858892688175074 -0.00354182410261284 0.012
    vertex 0.001641651221811027 -0.00364759938396836 0.01158174916137765
    vertex 0.002069351256710628 -0.00342312508920579 0.01166663776036416
  endloop
endfacet
facet normal 0.616571 -0.786995 0.0218862
  outer loop
    vertex 0.002652490632963181 -0.002994042992684405 0.012
    vertex 0.002272258986924623 -0.003291935463574626 0.012
    vertex 0.002466875490514171 -0.003148733922436202 0.01166663776036417
  endloop
endfacet
facet normal 0.567929 -0.822787 -0.0218862
  outer loop
    vertex 0.002272258986924623 -0.003291935463574626 0.012
    vertex 0.002069351256710628 -0.00342312508920579 0.01166663776036416
    vertex 0.002466875490514171 -0.003148733922436202 0.01166663776036417
  endloop
endfacet
facet normal 0.706999 -0.706999 0.0174457
  outer loop
    vertex 0.002994042992684404 -0.002652490632963182 0.012
    vertex 0.002652490632963181 -0.002994042992684405 0.012
    vertex 0.002828427124746189 -0.002828427124746192 0.01158174916137765
  endloop
endfacet
facet normal 0.66044 -0.750628 -0.0194152
  outer loop
    vertex 0.002828427124746189 -0.002828427124746192 0.01158174916137765
    vertex 0.002652490632963181 -0.002994042992684405 0.012
    vertex 0.002466875490514171 -0.003148733922436202 0.01166663776036417
  endloop
endfacet
facet normal 0.786995 -0.616571 0.0218862
  outer loop
    vertex 0.003291935463574625 -0.002272258986924623 0.012
    vertex 0.002994042992684404 -0.002652490632963182 0.012
    vertex 0.0031487339224362 -0.002466875490514173 0.01166663776036407
  endloop
endfacet
facet normal 0.750628 -0.66044 -0.0194152
  outer loop
    vertex 0.002994042992684404 -0.002652490632963182 0.012
    vertex 0.002828427124746189 -0.002828427124746192 0.01158174916137765
    vertex 0.0031487339224362 -0.002466875490514173 0.01166663776036407
  endloop
endfacet
facet normal 0.855684 -0.517279 0.015109
  outer loop
    vertex 0.003541824102612839 -0.001858892688175075 0.012
    vertex 0.003291935463574625 -0.002272258986924623 0.012
    vertex 0.003397977821216623 -0.002110390183477912 0.01153620820182086
  endloop
endfacet
facet normal 0.816984 -0.57648 -0.0144013
  outer loop
    vertex 0.003397977821216623 -0.002110390183477912 0.01153620820182086
    vertex 0.003291935463574625 -0.002272258986924623 0.012
    vertex 0.0031487339224362 -0.002466875490514173 0.01166663776036407
  endloop
endfacet
facet normal 0.911761 -0.41035 0.0174457
  outer loop
    vertex 0.003740064970741659 -0.001418419548170143 0.012
    vertex 0.003541824102612839 -0.001858892688175075 0.012
    vertex 0.003647599383968685 -0.001641651221810305 0.01158174916137713
  endloop
endfacet
facet normal 0.883271 -0.468439 -0.0199312
  outer loop
    vertex 0.003541824102612839 -0.001858892688175075 0.012
    vertex 0.003397977821216623 -0.002110390183477912 0.01153620820182086
    vertex 0.003647599383968685 -0.001641651221810305 0.01158174916137713
  endloop
endfacet
facet normal 0.954576 -0.297458 0.0174457
  outer loop
    vertex 0.003883767269704208 -0.0009572626571502308 0.012
    vertex 0.003740064970741659 -0.001418419548170143 0.012
    vertex 0.003818883466034183 -0.001190012215420812 0.01158174916137765
  endloop
endfacet
facet normal 0.934874 -0.354551 -0.0174457
  outer loop
    vertex 0.003818883466034183 -0.001190012215420812 0.01158174916137765
    vertex 0.003740064970741659 -0.001418419548170143 0.012
    vertex 0.003647599383968685 -0.001641651221810305 0.01158174916137713
  endloop
endfacet
facet normal 0.983464 -0.180226 0.0178128
  outer loop
    vertex 0.003970835496392216 -0.000482146721021294 0.012
    vertex 0.003883767269704208 -0.0009572626571502308 0.012
    vertex 0.003930875727451161 -0.000740416109586564 0.01159310176382856
  endloop
endfacet
facet normal 0.970317 -0.241291 -0.0162522
  outer loop
    vertex 0.003883767269704208 -0.0009572626571502308 0.012
    vertex 0.003818883466034183 -0.001190012215420812 0.01158174916137765
    vertex 0.003930875727451161 -0.000740416109586564 0.01159310176382856
  endloop
endfacet
facet normal 0.99056 -0.136677 -0.0105259
  outer loop
    vertex 0.003970835496392216 -0.000482146721021294 0.012
    vertex 0.003930875727451161 -0.000740416109586564 0.01159310176382856
    vertex 0.003983697823791246 -0.0003607653651903036 0.01163431622858284
  endloop
endfacet
facet normal 0.748511 -0.663123 -6.13342e-14
  outer loop
    vertex 0.002828427124746189 -0.002828427124746192 0.01158174916137765
    vertex 0.003148733922436457 -0.002466875490513846 0.01125475251586744
    vertex 0.0031487339224362 -0.002466875490514173 0.01166663776036407
  endloop
endfacet
facet normal 0.748511 -0.663123 2.81392e-14
  outer loop
    vertex 0.003148733922436457 -0.002466875490513846 0.01125475251586744
    vertex 0.002828427124746189 -0.002828427124746192 0.01158174916137765
    vertex 0.002828427124746328 -0.002828427124746052 0.01116986391688103
  endloop
endfacet
facet normal 0.663123 -0.748511 -2.96481e-14
  outer loop
    vertex 0.002828427124746189 -0.002828427124746192 0.01158174916137765
    vertex 0.002466875490514276 -0.00314873392243612 0.01125475251586763
    vertex 0.002828427124746328 -0.002828427124746052 0.01116986391688103
  endloop
endfacet
facet normal 0.663123 -0.748511 2.00129e-14
  outer loop
    vertex 0.002466875490514276 -0.00314873392243612 0.01125475251586763
    vertex 0.002828427124746189 -0.002828427124746192 0.01158174916137765
    vertex 0.002466875490514171 -0.003148733922436202 0.01166663776036417
  endloop
endfacet
facet normal 0.934874 -0.354551 0.0174457
  outer loop
    vertex 0.003818883466034183 -0.001190012215420812 0.01158174916137765
    vertex 0.003647599383968685 -0.001641651221810305 0.01158174916137713
    vertex 0.003740064970741961 -0.001418419548169348 0.01116349832275488
  endloop
endfacet
facet normal 0.94983 -0.312659 -0.00824976
  outer loop
    vertex 0.003818883466034183 -0.001190012215420812 0.01158174916137765
    vertex 0.003740064970741961 -0.001418419548169348 0.01116349832275488
    vertex 0.003846970316252432 -0.001095819047960321 0.01124566116371248
  endloop
endfacet
facet normal 0.970185 -0.242003 0.0132537
  outer loop
    vertex 0.003930875727451161 -0.000740416109586564 0.01159310176382856
    vertex 0.003818883466034183 -0.001190012215420812 0.01158174916137765
    vertex 0.003846970316252432 -0.001095819047960321 0.01124566116371248
  endloop
endfacet
facet normal 0.358886 -0.933364 0.00571914
  outer loop
    vertex 0.001260926668405532 -0.003796059000714257 0.0112442806734853
    vertex 0.001641651221811027 -0.00364759938396836 0.01158174916137765
    vertex 0.001218404608236966 -0.003809919974307456 0.01165050427913417
  endloop
endfacet
facet normal 0.363027 -0.931779 0.000350216
  outer loop
    vertex 0.001641651221811027 -0.00364759938396836 0.01158174916137765
    vertex 0.001260926668405532 -0.003796059000714257 0.0112442806734853
    vertex 0.001639067128795037 -0.00364876128943832 0.01116902354952899
  endloop
endfacet
facet normal 0.464723 -0.885456 -2.43474e-14
  outer loop
    vertex 0.001641651221811027 -0.00364759938396836 0.01158174916137765
    vertex 0.002069351256710774 -0.003423125089205702 0.01125475251586761
    vertex 0.002069351256710628 -0.00342312508920579 0.01166663776036416
  endloop
endfacet
facet normal 0.464474 -0.885586 -0.00041499
  outer loop
    vertex 0.002069351256710774 -0.003423125089205702 0.01125475251586761
    vertex 0.001641651221811027 -0.00364759938396836 0.01158174916137765
    vertex 0.001639067128795037 -0.00364876128943832 0.01116902354952899
  endloop
endfacet
facet normal 0.822859 -0.567978 -0.0174457
  outer loop
    vertex 0.0031487339224362 -0.002466875490514173 0.01041825083862251
    vertex 0.003423125089205797 -0.002069351256710616 0.01041825083862244
    vertex 0.003291935463574704 -0.002272258986924509 0.01083650167724478
  endloop
endfacet
facet normal 0.855651 -0.517259 0.0174457
  outer loop
    vertex 0.003291935463574704 -0.002272258986924509 0.01083650167724478
    vertex 0.003423125089205797 -0.002069351256710616 0.01041825083862244
    vertex 0.003541824102612888 -0.001858892688174982 0.01083650167724476
  endloop
endfacet
facet normal 0.884419 -0.46641 -0.0163053
  outer loop
    vertex 0.003541824102612888 -0.001858892688174982 0.01083650167724476
    vertex 0.003423125089205797 -0.002069351256710616 0.01041825083862244
    vertex 0.003644253158435219 -0.001649066074247763 0.01039032876192488
  endloop
endfacet
facet normal 0.662747 -0.74861 -0.0187019
  outer loop
    vertex 0.002466875490183887 -0.003148733922694963 0.01041824446839977
    vertex 0.002827702132057764 -0.002829151931649478 0.01041259054335487
    vertex 0.00264796541931534 -0.002998045886591821 0.01080377265604371
  endloop
endfacet
facet normal 0.616842 -0.786885 0.0178205
  outer loop
    vertex 0.002466875490183887 -0.003148733922694963 0.01041824446839977
    vertex 0.00264796541931534 -0.002998045886591821 0.01080377265604371
    vertex 0.002271849829516749 -0.003292217847002947 0.01083319587977308
  endloop
endfacet
facet normal 0.568558 -0.822464 -0.0171754
  outer loop
    vertex 0.002466875490183887 -0.003148733922694963 0.01041824446839977
    vertex 0.002271849829516749 -0.003292217847002947 0.01083319587977308
    vertex 0.002071712145340613 -0.003421696770149014 0.01040827932257254
  endloop
endfacet
facet normal 0.354551 -0.934875 -0.0173812
  outer loop
    vertex 0.001190012215420811 -0.003818883466034183 0.01041825083862251
    vertex 0.001641651221811032 -0.003647599383968358 0.01041825083862251
    vertex 0.001428073582378413 -0.00373638941269682 0.01083728756480359
  endloop
endfacet
facet normal 0.316687 -0.948506 0.00681343
  outer loop
    vertex 0.001190012215420811 -0.003818883466034183 0.01041825083862251
    vertex 0.001428073582378413 -0.00373638941269682 0.01083728756480359
    vertex 0.001109068026938239 -0.003843171621411581 0.01079934183462966
  endloop
endfacet
facet normal 0.241873 -0.970252 -0.0104632
  outer loop
    vertex 0.0007669839141905747 -0.003925778352807619 0.01055166157782886
    vertex 0.001190012215420811 -0.003818883466034183 0.01041825083862251
    vertex 0.001109068026938239 -0.003843171621411581 0.01079934183462966
  endloop
endfacet
facet normal 0.934498 -0.35535 -0.0209691
  outer loop
    vertex 0.003644253158435219 -0.001649066074247763 0.01039032876192488
    vertex 0.003816609943030579 -0.001197283818799921 0.01041543304215277
    vertex 0.00374006497074168 -0.001418419548170087 0.01075161307825833
  endloop
endfacet
facet normal 0.969941 -0.242871 -0.0151226
  outer loop
    vertex 0.003816609943030579 -0.001197283818799921 0.01041543304215277
    vertex 0.00393087572745122 -0.0007404161095862498 0.01040689823617163
    vertex 0.00384911813916569 -0.00108825068377909 0.0107493694902599
  endloop
endfacet
facet normal 0.949518 -0.313554 0.00994386
  outer loop
    vertex 0.00374006497074168 -0.001418419548170087 0.01075161307825833
    vertex 0.003816609943030579 -0.001197283818799921 0.01041543304215277
    vertex 0.00384911813916569 -0.00108825068377909 0.0107493694902599
  endloop
endfacet
facet normal 0.819551 -0.573006 5.44731e-14
  outer loop
    vertex 0.003148733922436457 -0.002466875490513846 0.01125475251586744
    vertex 0.003397977821216623 -0.002110390183477912 0.01153620820182086
    vertex 0.0031487339224362 -0.002466875490514173 0.01166663776036407
  endloop
endfacet
facet normal 0.815446 -0.578731 0.0108866
  outer loop
    vertex 0.003397977821216623 -0.002110390183477912 0.01153620820182086
    vertex 0.003148733922436457 -0.002466875490513846 0.01125475251586744
    vertex 0.003358804252345291 -0.002172195662095657 0.01118487564089939
  endloop
endfacet
facet normal 0.881168 -0.471974 0.0279772
  outer loop
    vertex 0.003647599383968685 -0.001641651221810305 0.01158174916137713
    vertex 0.003397977821216623 -0.002110390183477912 0.01153620820182086
    vertex 0.00354182410261288 -0.001858892688174998 0.01124838692174152
  endloop
endfacet
facet normal 0.864131 -0.503206 -0.00782792
  outer loop
    vertex 0.00354182410261288 -0.001858892688174998 0.01124838692174152
    vertex 0.003397977821216623 -0.002110390183477912 0.01153620820182086
    vertex 0.003358804252345291 -0.002172195662095657 0.01118487564089939
  endloop
endfacet
facet normal 0.160792 -0.986988 -0.00016626
  outer loop
    vertex 0.0004323779406889218 -0.003976562499999919 0.01125
    vertex 0.000430837277860815 -0.003976729716740312 0.01075268027105175
    vertex 0.0008523968681517387 -0.003908122257448596 0.01116432985075281
  endloop
endfacet
facet normal 0.160905 -0.98697 0.00040707
  outer loop
    vertex 0.0004323779406889218 -0.003976562499999919 0.01125
    vertex 0.0008523968681517387 -0.003908122257448596 0.01116432985075281
    vertex 0.0008548320873844907 -0.003907590319158071 0.01149146530342683
  endloop
endfacet
facet normal 0.156937 -0.98758 0.00752514
  outer loop
    vertex 0.0004323779406889218 -0.003976562499999919 0.01125
    vertex 0.0008548320873844907 -0.003907590319158071 0.01149146530342683
    vertex 0.0003860890410781182 -0.003981323304174051 0.01159055776247479
  endloop
endfacet
facet normal 0.988814 -0.149157 -8.13985e-14
  outer loop
    vertex 0.003976562500000002 -0.0004323779406881623 0.01075
    vertex 0.003976562499999895 -0.0004323779406891424 0.01125
    vertex 0.003927164799149856 -0.0007598530386319926 0.01099894404430446
  endloop
endfacet
facet normal 0.988963 -0.14816 -0.00132995
  outer loop
    vertex 0.003927164799149856 -0.0007598530386319926 0.01099894404430446
    vertex 0.003976562499999895 -0.0004323779406891424 0.01125
    vertex 0.003930875727451161 -0.000740416109586564 0.01159310176382856
  endloop
endfacet
facet normal 0.990321 -0.138594 0.00743875
  outer loop
    vertex 0.003930875727451161 -0.000740416109586564 0.01159310176382856
    vertex 0.003976562499999895 -0.0004323779406891424 0.01125
    vertex 0.003983697823791246 -0.0003607653651903036 0.01163431622858284
  endloop
endfacet
facet normal 0.153956 -0.988053 0.00701078
  outer loop
    vertex 0.0008523968681517387 -0.003908122257448596 0.01116432985075281
    vertex 0.000430837277860815 -0.003976729716740312 0.01075268027105175
    vertex 0.0007669839141905747 -0.003925778352807619 0.01055166157782886
  endloop
endfacet
facet normal 0.145848 -0.989283 -0.0068594
  outer loop
    vertex 0.0007669839141905747 -0.003925778352807619 0.01055166157782886
    vertex 0.000430837277860815 -0.003976729716740312 0.01075268027105175
    vertex 0.0003792954429189221 -0.003981976263990148 0.0104134413503194
  endloop
endfacet
facet normal 0.26461 -0.964356 -0.000401684
  outer loop
    vertex 0.0008548320873844907 -0.003907590319158071 0.01149146530342683
    vertex 0.0008523968681517387 -0.003908122257448596 0.01116432985075281
    vertex 0.001260926668405532 -0.003796059000714257 0.0112442806734853
  endloop
endfacet
facet normal 0.262207 -0.964928 0.0126803
  outer loop
    vertex 0.001260926668405532 -0.003796059000714257 0.0112442806734853
    vertex 0.0008523968681517387 -0.003908122257448596 0.01116432985075281
    vertex 0.001109068026938239 -0.003843171621411581 0.01079934183462966
  endloop
endfacet
facet normal 0.238311 -0.971175 -0.00523558
  outer loop
    vertex 0.0008523968681517387 -0.003908122257448596 0.01116432985075281
    vertex 0.0007669839141905747 -0.003925778352807619 0.01055166157782886
    vertex 0.001109068026938239 -0.003843171621411581 0.01079934183462966
  endloop
endfacet
facet normal 0.261697 -0.965134 -0.00553835
  outer loop
    vertex 0.0008548320873844907 -0.003907590319158071 0.01149146530342683
    vertex 0.001260926668405532 -0.003796059000714257 0.0112442806734853
    vertex 0.001218404608236966 -0.003809919974307456 0.01165050427913417
  endloop
endfacet
facet normal 0.365273 -0.930802 0.0135474
  outer loop
    vertex 0.001260926668405532 -0.003796059000714257 0.0112442806734853
    vertex 0.001428073582378413 -0.00373638941269682 0.01083728756480359
    vertex 0.001639067128795037 -0.00364876128943832 0.01116902354952899
  endloop
endfacet
facet normal 0.318296 -0.947955 -0.00826034
  outer loop
    vertex 0.001428073582378413 -0.00373638941269682 0.01083728756480359
    vertex 0.001260926668405532 -0.003796059000714257 0.0112442806734853
    vertex 0.001109068026938239 -0.003843171621411581 0.01079934183462966
  endloop
endfacet
facet normal 0.988962 -0.148165 0.00133453
  outer loop
    vertex 0.003976562500000002 -0.0004323779406881623 0.01075
    vertex 0.003927164799149856 -0.0007598530386319926 0.01099894404430446
    vertex 0.00393087572745122 -0.0007404161095862498 0.01040689823617163
  endloop
endfacet
facet normal 0.990321 -0.138594 -0.00743875
  outer loop
    vertex 0.003976562500000002 -0.0004323779406881623 0.01075
    vertex 0.00393087572745122 -0.0007404161095862498 0.01040689823617163
    vertex 0.003983697823791261 -0.0003607653651901285 0.01036568377141699
  endloop
endfacet
facet normal 0.973149 -0.230171 -0.00145685
  outer loop
    vertex 0.00393087572745122 -0.0007404161095862498 0.01040689823617163
    vertex 0.003927164799149856 -0.0007598530386319926 0.01099894404430446
    vertex 0.00384911813916569 -0.00108825068377909 0.0107493694902599
  endloop
endfacet
facet normal 0.972919 -0.231143 0.00148494
  outer loop
    vertex 0.003927164799149856 -0.0007598530386319926 0.01099894404430446
    vertex 0.003930875727451161 -0.000740416109586564 0.01159310176382856
    vertex 0.003846970316252432 -0.001095819047960321 0.01124566116371248
  endloop
endfacet
facet normal 0.972786 -0.231705 0.000676498
  outer loop
    vertex 0.003927164799149856 -0.0007598530386319926 0.01099894404430446
    vertex 0.003846970316252432 -0.001095819047960321 0.01124566116371248
    vertex 0.00384911813916569 -0.00108825068377909 0.0107493694902599
  endloop
endfacet
facet normal 0.787002 -0.616702 0.0175023
  outer loop
    vertex 0.0031487339224362 -0.002466875490514173 0.01041825083862251
    vertex 0.003291935463574704 -0.002272258986924509 0.01083650167724478
    vertex 0.002998912149678412 -0.002646984306434627 0.01080887004351626
  endloop
endfacet
facet normal 0.74844 -0.662941 -0.0186084
  outer loop
    vertex 0.0031487339224362 -0.002466875490514173 0.01041825083862251
    vertex 0.002998912149678412 -0.002646984306434627 0.01080887004351626
    vertex 0.002827702132057764 -0.002829151931649478 0.01041259054335487
  endloop
endfacet
facet normal 0.855676 -0.517274 -0.0156666
  outer loop
    vertex 0.003291935463574704 -0.002272258986924509 0.01083650167724478
    vertex 0.003541824102612888 -0.001858892688174982 0.01083650167724476
    vertex 0.003358804252345291 -0.002172195662095657 0.01118487564089939
  endloop
endfacet
facet normal 0.78823 -0.615164 -0.0163665
  outer loop
    vertex 0.002998912149678412 -0.002646984306434627 0.01080887004351626
    vertex 0.003291935463574704 -0.002272258986924509 0.01083650167724478
    vertex 0.003148733922436457 -0.002466875490513846 0.01125475251586744
  endloop
endfacet
facet normal 0.815332 -0.578911 0.00978132
  outer loop
    vertex 0.003148733922436457 -0.002466875490513846 0.01125475251586744
    vertex 0.003291935463574704 -0.002272258986924509 0.01083650167724478
    vertex 0.003358804252345291 -0.002172195662095657 0.01118487564089939
  endloop
endfacet
facet normal 0.913045 -0.407461 0.0179888
  outer loop
    vertex 0.003541824102612888 -0.001858892688174982 0.01083650167724476
    vertex 0.003644253158435219 -0.001649066074247763 0.01039032876192488
    vertex 0.00374006497074168 -0.001418419548170087 0.01075161307825833
  endloop
endfacet
facet normal 0.9119 -0.410413 2.47017e-15
  outer loop
    vertex 0.003541824102612888 -0.001858892688174982 0.01083650167724476
    vertex 0.003740064970741961 -0.001418419548169348 0.01116349832275488
    vertex 0.00354182410261288 -0.001858892688174998 0.01124838692174152
  endloop
endfacet
facet normal 0.9119 -0.410413 1.15346e-13
  outer loop
    vertex 0.003740064970741961 -0.001418419548169348 0.01116349832275488
    vertex 0.003541824102612888 -0.001858892688174982 0.01083650167724476
    vertex 0.00374006497074168 -0.001418419548170087 0.01075161307825833
  endloop
endfacet
facet normal 0.863467 -0.504405 -2.111e-15
  outer loop
    vertex 0.003541824102612888 -0.001858892688174982 0.01083650167724476
    vertex 0.00354182410261288 -0.001858892688174998 0.01124838692174152
    vertex 0.003358804252345291 -0.002172195662095657 0.01118487564089939
  endloop
endfacet
facet normal 0.746287 -0.665381 0.0180115
  outer loop
    vertex 0.002998912149678412 -0.002646984306434627 0.01080887004351626
    vertex 0.003148733922436457 -0.002466875490513846 0.01125475251586744
    vertex 0.002828427124746328 -0.002828427124746052 0.01116986391688103
  endloop
endfacet
facet normal 0.706945 -0.706998 0.0195722
  outer loop
    vertex 0.002827702132057764 -0.002829151931649478 0.01041259054335487
    vertex 0.002998912149678412 -0.002646984306434627 0.01080887004351626
    vertex 0.00264796541931534 -0.002998045886591821 0.01080377265604371
  endloop
endfacet
facet normal 0.707217 -0.706678 -0.0211963
  outer loop
    vertex 0.00264796541931534 -0.002998045886591821 0.01080377265604371
    vertex 0.002998912149678412 -0.002646984306434627 0.01080887004351626
    vertex 0.002828427124746328 -0.002828427124746052 0.01116986391688103
  endloop
endfacet
facet normal 0.6152 -0.788202 -0.0163335
  outer loop
    vertex 0.002271849829516749 -0.003292217847002947 0.01083319587977308
    vertex 0.00264796541931534 -0.002998045886591821 0.01080377265604371
    vertex 0.002466875490514276 -0.00314873392243612 0.01125475251586763
  endloop
endfacet
facet normal 0.665356 -0.746314 0.0178029
  outer loop
    vertex 0.002466875490514276 -0.00314873392243612 0.01125475251586763
    vertex 0.00264796541931534 -0.002998045886591821 0.01080377265604371
    vertex 0.002828427124746328 -0.002828427124746052 0.01116986391688103
  endloop
endfacet
facet normal 0.56798 -0.822861 0.0173088
  outer loop
    vertex 0.002271849829516749 -0.003292217847002947 0.01083319587977308
    vertex 0.002466875490514276 -0.00314873392243612 0.01125475251586763
    vertex 0.002069351256710774 -0.003423125089205702 0.01125475251586761
  endloop
endfacet
facet normal 0.518795 -0.854745 -0.0162188
  outer loop
    vertex 0.002271849829516749 -0.003292217847002947 0.01083319587977308
    vertex 0.002069351256710774 -0.003423125089205702 0.01125475251586761
    vertex 0.001865224397239991 -0.003538493739988911 0.01080532501108992
  endloop
endfacet
facet normal 0.51711 -0.855746 0.0171981
  outer loop
    vertex 0.002271849829516749 -0.003292217847002947 0.01083319587977308
    vertex 0.001865224397239991 -0.003538493739988911 0.01080532501108992
    vertex 0.002071712145340613 -0.003421696770149014 0.01040827932257254
  endloop
endfacet
facet normal 0.568065 -0.822984 -1.90256e-14
  outer loop
    vertex 0.002069351256710774 -0.003423125089205702 0.01125475251586761
    vertex 0.002466875490514276 -0.00314873392243612 0.01125475251586763
    vertex 0.002466875490514171 -0.003148733922436202 0.01166663776036417
  endloop
endfacet
facet normal 0.461508 -0.886952 0.0180681
  outer loop
    vertex 0.001865224397239991 -0.003538493739988911 0.01080532501108992
    vertex 0.002069351256710774 -0.003423125089205702 0.01125475251586761
    vertex 0.001639067128795037 -0.00364876128943832 0.01116902354952899
  endloop
endfacet
facet normal 0.568065 -0.822984 2.56618e-14
  outer loop
    vertex 0.002069351256710628 -0.00342312508920579 0.01166663776036416
    vertex 0.002069351256710774 -0.003423125089205702 0.01125475251586761
    vertex 0.002466875490514171 -0.003148733922436202 0.01166663776036417
  endloop
endfacet
facet normal 0.464604 -0.885319 -0.0188074
  outer loop
    vertex 0.001865224397239991 -0.003538493739988911 0.01080532501108992
    vertex 0.001641651221811032 -0.003647599383968358 0.01041825083862251
    vertex 0.002071712145340613 -0.003421696770149014 0.01040827932257254
  endloop
endfacet
facet normal 0.41342 -0.910366 0.0178168
  outer loop
    vertex 0.001641651221811032 -0.003647599383968358 0.01041825083862251
    vertex 0.001865224397239991 -0.003538493739988911 0.01080532501108992
    vertex 0.001428073582378413 -0.00373638941269682 0.01083728756480359
  endloop
endfacet
facet normal 0.41106 -0.911373 -0.0207062
  outer loop
    vertex 0.001428073582378413 -0.00373638941269682 0.01083728756480359
    vertex 0.001865224397239991 -0.003538493739988911 0.01080532501108992
    vertex 0.001639067128795037 -0.00364876128943832 0.01116902354952899
  endloop
endfacet
facet normal 0.910322 -0.413445 -0.0194152
  outer loop
    vertex 0.003740064970741961 -0.001418419548169348 0.01116349832275488
    vertex 0.003647599383968685 -0.001641651221810305 0.01158174916137713
    vertex 0.00354182410261288 -0.001858892688174998 0.01124838692174152
  endloop
endfacet
facet normal 0.949545 -0.31363 -8.39945e-14
  outer loop
    vertex 0.003740064970741961 -0.001418419548169348 0.01116349832275488
    vertex 0.00374006497074168 -0.001418419548170087 0.01075161307825833
    vertex 0.00384911813916569 -0.00108825068377909 0.0107493694902599
  endloop
endfacet
facet normal 0.949288 -0.314406 -0.000686366
  outer loop
    vertex 0.003846970316252432 -0.001095819047960321 0.01124566116371248
    vertex 0.003740064970741961 -0.001418419548169348 0.01116349832275488
    vertex 0.00384911813916569 -0.00108825068377909 0.0107493694902599
  endloop
endfacet
facet normal -8.35575e-15 -5.0543e-16 1
  outer loop
    vertex 0.003970835496392216 0.0004821467210212913 0.012
    vertex 0.003570342470351605 0.0002387347687351465 0.012
    vertex 0.004 0 0.012
  endloop
endfacet
facet normal -8.00542e-15 4.84239e-16 1
  outer loop
    vertex 0.004 0 0.012
    vertex 0.003555017994283535 -0.0001916846415905057 0.012
    vertex 0.003970835496392216 -0.000482146721021294 0.012
  endloop
endfacet
facet normal -7.91827e-15 2.81919e-16 1
  outer loop
    vertex 0.003570342470351605 0.0002387347687351465 0.012
    vertex 0.003555017994283535 -0.0001916846415905057 0.012
    vertex 0.004 0 0.012
  endloop
endfacet
facet normal -4.98849e-16 -8.24695e-15 1
  outer loop
    vertex 0 0.004 0.012
    vertex 0.000186396433389735 0.003568030482604037 0.012
    vertex 0.0004821467210212943 0.003970835496392216 0.012
  endloop
endfacet
facet normal 5.48802e-16 -9.07278e-15 1
  outer loop
    vertex -0.0004821467210212928 0.003970835496392216 0.012
    vertex -0.0002807085641843631 0.003600618663219656 0.012
    vertex 0 0.004 0.012
  endloop
endfacet
facet normal -5.77734e-16 -8.28099e-15 1
  outer loop
    vertex 0 0.004 0.012
    vertex -0.0002807085641843631 0.003600618663219656 0.012
    vertex 0.000186396433389735 0.003568030482604037 0.012
  endloop
endfacet
facet normal 8.01667e-15 -4.84919e-16 1
  outer loop
    vertex -0.004 0 0.012
    vertex -0.003554632439011813 0.0002081103383669103 0.012
    vertex -0.003970835496392216 0.0004821467210212945 0.012
  endloop
endfacet
facet normal 8.27591e-15 5.006e-16 1
  outer loop
    vertex -0.003970835496392216 -0.0004821467210212922 0.012
    vertex -0.003564179328452835 -0.0002743994007506028 0.012
    vertex -0.004 0 0.012
  endloop
endfacet
facet normal 7.86277e-15 -1.55572e-16 1
  outer loop
    vertex -0.004 0 0.012
    vertex -0.003564179328452835 -0.0002743994007506028 0.012
    vertex -0.003554632439011813 0.0002081103383669103 0.012
  endloop
endfacet
facet normal 5.30133e-16 8.76414e-15 1
  outer loop
    vertex 0 -0.004 0.012
    vertex -0.0002297143715765962 -0.003590236328867415 0.012
    vertex -0.0004821467210212929 -0.003970835496392216 0.012
  endloop
endfacet
facet normal -4.31549e-16 7.13436e-15 1
  outer loop
    vertex 0.0004821467210212915 -0.003970835496392216 0.012
    vertex 0.0002112788543658285 -0.003500919013098274 0.012
    vertex 0 -0.004 0.012
  endloop
endfacet
facet normal -1.54001e-15 7.60361e-15 1
  outer loop
    vertex 0 -0.004 0.012
    vertex 0.0002112788543658285 -0.003500919013098274 0.012
    vertex -0.0002297143715765962 -0.003590236328867415 0.012
  endloop
endfacet
facet normal -1.05371e-14 -1.93099e-15 1
  outer loop
    vertex 0.003883767269704208 0.0009572626571502298 0.012
    vertex 0.003607477968224465 0.0006682075541430089 0.012
    vertex 0.003970835496392216 0.0004821467210212913 0.012
  endloop
endfacet
facet normal -9.14346e-15 7.90613e-16 1
  outer loop
    vertex 0.003970835496392216 0.0004821467210212913 0.012
    vertex 0.003607477968224465 0.0006682075541430089 0.012
    vertex 0.003570342470351605 0.0002387347687351465 0.012
  endloop
endfacet
facet normal -8.51272e-15 -2.65267e-15 1
  outer loop
    vertex 0.003740064970741659 0.001418419548170142 0.012
    vertex 0.00345041753511648 0.001040023537380262 0.012
    vertex 0.003883767269704208 0.0009572626571502298 0.012
  endloop
endfacet
facet normal -8.70866e-15 -3.67866e-15 1
  outer loop
    vertex 0.00345041753511648 0.001040023537380262 0.012
    vertex 0.003607477968224465 0.0006682075541430089 0.012
    vertex 0.003883767269704208 0.0009572626571502298 0.012
  endloop
endfacet
facet normal -7.52542e-15 -3.38692e-15 1
  outer loop
    vertex 0.00354182410261284 0.001858892688175074 0.012
    vertex 0.003267376347881976 0.001444323215007373 0.012
    vertex 0.003740064970741659 0.001418419548170142 0.012
  endloop
endfacet
facet normal -7.52655e-15 -3.40754e-15 1
  outer loop
    vertex 0.003740064970741659 0.001418419548170142 0.012
    vertex 0.003267376347881976 0.001444323215007373 0.012
    vertex 0.00345041753511648 0.001040023537380262 0.012
  endloop
endfacet
facet normal -7.09894e-15 -4.29146e-15 1
  outer loop
    vertex 0.003291935463574626 0.002272258986924622 0.012
    vertex 0.003062259810575247 0.001843734386319089 0.012
    vertex 0.00354182410261284 0.001858892688175074 0.012
  endloop
endfacet
facet normal -7.11902e-15 -3.65595e-15 1
  outer loop
    vertex 0.003062259810575247 0.001843734386319089 0.012
    vertex 0.003267376347881976 0.001444323215007373 0.012
    vertex 0.00354182410261284 0.001858892688175074 0.012
  endloop
endfacet
facet normal -6.38253e-15 -5.0004e-15 1
  outer loop
    vertex 0.002994042992684405 0.00265249063296318 0.012
    vertex 0.002806408979060464 0.00219815334429218 0.012
    vertex 0.003291935463574626 0.002272258986924622 0.012
  endloop
endfacet
facet normal -6.43655e-15 -4.64647e-15 1
  outer loop
    vertex 0.003291935463574626 0.002272258986924622 0.012
    vertex 0.002806408979060464 0.00219815334429218 0.012
    vertex 0.003062259810575247 0.001843734386319089 0.012
  endloop
endfacet
facet normal -5.59065e-15 -5.59065e-15 1
  outer loop
    vertex 0.002652490632963182 0.002994042992684403 0.012
    vertex 0.00250726905556177 0.002518683980638792 0.012
    vertex 0.002994042992684405 0.00265249063296318 0.012
  endloop
endfacet
facet normal -5.67227e-15 -5.29373e-15 1
  outer loop
    vertex 0.00250726905556177 0.002518683980638792 0.012
    vertex 0.002806408979060464 0.00219815334429218 0.012
    vertex 0.002994042992684405 0.00265249063296318 0.012
  endloop
endfacet
facet normal -5.59805e-15 -7.14538e-15 1
  outer loop
    vertex 0.002272258986924624 0.003291935463574625 0.012
    vertex 0.002216006924059204 0.002850455267816549 0.012
    vertex 0.002652490632963182 0.002994042992684403 0.012
  endloop
endfacet
facet normal -6.16747e-15 -5.41443e-15 1
  outer loop
    vertex 0.002652490632963182 0.002994042992684403 0.012
    vertex 0.002216006924059204 0.002850455267816549 0.012
    vertex 0.00250726905556177 0.002518683980638792 0.012
  endloop
endfacet
facet normal -5.12251e-15 -8.47367e-15 1
  outer loop
    vertex 0.001858892688175073 0.00354182410261284 0.012
    vertex 0.001852186297920141 0.003136439548306526 0.012
    vertex 0.002272258986924624 0.003291935463574625 0.012
  endloop
endfacet
facet normal -5.61499e-15 -7.14322e-15 1
  outer loop
    vertex 0.002272258986924624 0.003291935463574625 0.012
    vertex 0.001852186297920141 0.003136439548306526 0.012
    vertex 0.002216006924059204 0.002850455267816549 0.012
  endloop
endfacet
facet normal -3.52267e-15 -7.82705e-15 1
  outer loop
    vertex 0.001418419548170144 0.003740064970741659 0.012
    vertex 0.001473436029568926 0.00327204031329746 0.012
    vertex 0.001858892688175073 0.00354182410261284 0.012
  endloop
endfacet
facet normal -3.04605e-15 -8.50802e-15 1
  outer loop
    vertex 0.001473436029568926 0.00327204031329746 0.012
    vertex 0.001852186297920141 0.003136439548306526 0.012
    vertex 0.001858892688175073 0.00354182410261284 0.012
  endloop
endfacet
facet normal -2.39157e-15 -7.67481e-15 1
  outer loop
    vertex 0.000957262657150231 0.003883767269704208 0.012
    vertex 0.001053577270607999 0.003401698152866355 0.012
    vertex 0.001418419548170144 0.003740064970741659 0.012
  endloop
endfacet
facet normal -2.37545e-15 -7.69219e-15 1
  outer loop
    vertex 0.001418419548170144 0.003740064970741659 0.012
    vertex 0.001053577270607999 0.003401698152866355 0.012
    vertex 0.001473436029568926 0.00327204031329746 0.012
  endloop
endfacet
facet normal -1.4656e-15 -7.99754e-15 1
  outer loop
    vertex 0.0004821467210212943 0.003970835496392216 0.012
    vertex 0.0006092312667680694 0.003513732241012332 0.012
    vertex 0.000957262657150231 0.003883767269704208 0.012
  endloop
endfacet
facet normal -1.91085e-15 -7.57877e-15 1
  outer loop
    vertex 0.000957262657150231 0.003883767269704208 0.012
    vertex 0.0006092312667680694 0.003513732241012332 0.012
    vertex 0.001053577270607999 0.003401698152866355 0.012
  endloop
endfacet
facet normal -1.01076e-15 -7.87109e-15 1
  outer loop
    vertex 0.000186396433389735 0.003568030482604037 0.012
    vertex 0.0006092312667680694 0.003513732241012332 0.012
    vertex 0.0004821467210212943 0.003970835496392216 0.012
  endloop
endfacet
facet normal 2.17108e-15 -1.18472e-14 1
  outer loop
    vertex -0.0009572626571502295 0.003883767269704208 0.012
    vertex -0.0006671344922915512 0.00364408580663111 0.012
    vertex -0.0004821467210212928 0.003970835496392216 0.012
  endloop
endfacet
facet normal -1.12287e-15 -9.98235e-15 1
  outer loop
    vertex -0.0004821467210212928 0.003970835496392216 0.012
    vertex -0.0006671344922915512 0.00364408580663111 0.012
    vertex -0.0002807085641843631 0.003600618663219656 0.012
  endloop
endfacet
facet normal 2.81818e-15 -9.04386e-15 1
  outer loop
    vertex -0.001418419548170142 0.003740064970741659 0.012
    vertex -0.001016614080021277 0.003481648137059422 0.012
    vertex -0.0009572626571502295 0.003883767269704208 0.012
  endloop
endfacet
facet normal 4.30562e-15 -9.2634e-15 1
  outer loop
    vertex -0.001016614080021277 0.003481648137059422 0.012
    vertex -0.0006671344922915512 0.00364408580663111 0.012
    vertex -0.0009572626571502295 0.003883767269704208 0.012
  endloop
endfacet
facet normal 3.37264e-15 -7.49371e-15 1
  outer loop
    vertex -0.001858892688175072 0.003541824102612841 0.012
    vertex -0.001424743136545855 0.003274237614624931 0.012
    vertex -0.001418419548170142 0.003740064970741659 0.012
  endloop
endfacet
facet normal 3.81132e-15 -7.49966e-15 1
  outer loop
    vertex -0.001418419548170142 0.003740064970741659 0.012
    vertex -0.001424743136545855 0.003274237614624931 0.012
    vertex -0.001016614080021277 0.003481648137059422 0.012
  endloop
endfacet
facet normal 4.29073e-15 -7.09774e-15 1
  outer loop
    vertex -0.002272258986924622 0.003291935463574626 0.012
    vertex -0.001849165928025635 0.003058894067308277 0.012
    vertex -0.001858892688175072 0.003541824102612841 0.012
  endloop
endfacet
facet normal 3.60822e-15 -7.11149e-15 1
  outer loop
    vertex -0.001849165928025635 0.003058894067308277 0.012
    vertex -0.001424743136545855 0.003274237614624931 0.012
    vertex -0.001858892688175072 0.003541824102612841 0.012
  endloop
endfacet
facet normal 5.16423e-15 -6.59165e-15 1
  outer loop
    vertex -0.002652490632963181 0.002994042992684404 0.012
    vertex -0.002244972533779544 0.002786973361536236 0.012
    vertex -0.002272258986924622 0.003291935463574626 0.012
  endloop
endfacet
facet normal 4.55125e-15 -6.62477e-15 1
  outer loop
    vertex -0.002272258986924622 0.003291935463574626 0.012
    vertex -0.002244972533779544 0.002786973361536236 0.012
    vertex -0.001849165928025635 0.003058894067308277 0.012
  endloop
endfacet
facet normal 6.9931e-15 -6.9931e-15 1
  outer loop
    vertex -0.002994042992684403 0.002652490632963183 0.012
    vertex -0.002623138040911326 0.002527271427640922 0.012
    vertex -0.002652490632963181 0.002994042992684404 0.012
  endloop
endfacet
facet normal 4.89314e-15 -7.12516e-15 1
  outer loop
    vertex -0.002623138040911326 0.002527271427640922 0.012
    vertex -0.002244972533779544 0.002786973361536236 0.012
    vertex -0.002652490632963181 0.002994042992684404 0.012
  endloop
endfacet
facet normal 9.70861e-15 -7.60621e-15 1
  outer loop
    vertex -0.003291935463574625 0.002272258986924624 0.012
    vertex -0.002920333023130354 0.002290441134112974 0.012
    vertex -0.002994042992684403 0.002652490632963183 0.012
  endloop
endfacet
facet normal 6.57042e-15 -8.24512e-15 1
  outer loop
    vertex -0.002994042992684403 0.002652490632963183 0.012
    vertex -0.002920333023130354 0.002290441134112974 0.012
    vertex -0.002623138040911326 0.002527271427640922 0.012
  endloop
endfacet
facet normal 7.79684e-15 -4.71336e-15 1
  outer loop
    vertex -0.00354182410261284 0.001858892688175074 0.012
    vertex -0.003055121884779449 0.001927907907091124 0.012
    vertex -0.003291935463574625 0.002272258986924624 0.012
  endloop
endfacet
facet normal 9.50944e-15 -3.53558e-15 1
  outer loop
    vertex -0.003055121884779449 0.001927907907091124 0.012
    vertex -0.002920333023130354 0.002290441134112974 0.012
    vertex -0.003291935463574625 0.002272258986924624 0.012
  endloop
endfacet
facet normal 6.6249e-15 -2.98163e-15 1
  outer loop
    vertex -0.003740064970741659 0.001418419548170144 0.012
    vertex -0.003211481256751635 0.001429275757763694 0.012
    vertex -0.00354182410261284 0.001858892688175074 0.012
  endloop
endfacet
facet normal 7.4602e-15 -2.33935e-15 1
  outer loop
    vertex -0.003211481256751635 0.001429275757763694 0.012
    vertex -0.003055121884779449 0.001927907907091124 0.012
    vertex -0.00354182410261284 0.001858892688175074 0.012
  endloop
endfacet
facet normal 9.80838e-15 -3.05641e-15 1
  outer loop
    vertex -0.003883767269704208 0.0009572626571502312 0.012
    vertex -0.00348950054898517 0.001087372347426538 0.012
    vertex -0.003740064970741659 0.001418419548170144 0.012
  endloop
endfacet
facet normal 6.67515e-15 -5.42791e-15 1
  outer loop
    vertex -0.003740064970741659 0.001418419548170144 0.012
    vertex -0.00348950054898517 0.001087372347426538 0.012
    vertex -0.003211481256751635 0.001429275757763694 0.012
  endloop
endfacet
facet normal 8.28572e-15 -1.51842e-15 1
  outer loop
    vertex -0.003970835496392216 0.0004821467210212945 0.012
    vertex -0.003517098171531787 0.0006731983195017521 0.012
    vertex -0.003883767269704208 0.0009572626571502312 0.012
  endloop
endfacet
facet normal 8.9976e-15 -5.99536e-16 1
  outer loop
    vertex -0.003517098171531787 0.0006731983195017521 0.012
    vertex -0.00348950054898517 0.001087372347426538 0.012
    vertex -0.003883767269704208 0.0009572626571502312 0.012
  endloop
endfacet
facet normal 7.91535e-15 -6.38797e-16 1
  outer loop
    vertex -0.003554632439011813 0.0002081103383669103 0.012
    vertex -0.003517098171531787 0.0006731983195017521 0.012
    vertex -0.003970835496392216 0.0004821467210212945 0.012
  endloop
endfacet
facet normal 1.00328e-14 1.83857e-15 1
  outer loop
    vertex -0.003883767269704208 -0.000957262657150231 0.012
    vertex -0.003587649114560328 -0.0006860941117202598 0.012
    vertex -0.003970835496392216 -0.0004821467210212922 0.012
  endloop
endfacet
facet normal 8.78757e-15 -5.0096e-16 1
  outer loop
    vertex -0.003970835496392216 -0.0004821467210212922 0.012
    vertex -0.003587649114560328 -0.0006860941117202598 0.012
    vertex -0.003564179328452835 -0.0002743994007506028 0.012
  endloop
endfacet
facet normal 7.85095e-15 2.44645e-15 1
  outer loop
    vertex -0.003740064970741659 -0.001418419548170142 0.012
    vertex -0.003412939586079264 -0.001050048324744338 0.012
    vertex -0.003883767269704208 -0.000957262657150231 0.012
  endloop
endfacet
facet normal 8.13875e-15 3.90686e-15 1
  outer loop
    vertex -0.003412939586079264 -0.001050048324744338 0.012
    vertex -0.003587649114560328 -0.0006860941117202598 0.012
    vertex -0.003883767269704208 -0.000957262657150231 0.012
  endloop
endfacet
facet normal 6.39102e-15 2.87636e-15 1
  outer loop
    vertex -0.00354182410261284 -0.001858892688175074 0.012
    vertex -0.003174570113589703 -0.001468705997497093 0.012
    vertex -0.003740064970741659 -0.001418419548170142 0.012
  endloop
endfacet
facet normal 6.46244e-15 3.67949e-15 1
  outer loop
    vertex -0.003740064970741659 -0.001418419548170142 0.012
    vertex -0.003174570113589703 -0.001468705997497093 0.012
    vertex -0.003412939586079264 -0.001050048324744338 0.012
  endloop
endfacet
facet normal 8.4528e-15 5.1099e-15 1
  outer loop
    vertex -0.003291935463574626 -0.002272258986924623 0.012
    vertex -0.003105732964757159 -0.001901309323258123 0.012
    vertex -0.00354182410261284 -0.001858892688175074 0.012
  endloop
endfacet
facet normal 8.08085e-15 1.28585e-15 1
  outer loop
    vertex -0.00354182410261284 -0.001858892688175074 0.012
    vertex -0.003105732964757159 -0.001901309323258123 0.012
    vertex -0.003174570113589703 -0.001468705997497093 0.012
  endloop
endfacet
facet normal 6.0984e-15 4.77779e-15 1
  outer loop
    vertex -0.002994042992684405 -0.002652490632963181 0.012
    vertex -0.002804047442951482 -0.002168840779578067 0.012
    vertex -0.003291935463574626 -0.002272258986924623 0.012
  endloop
endfacet
facet normal 5.73928e-15 6.47198e-15 1
  outer loop
    vertex -0.002804047442951482 -0.002168840779578067 0.012
    vertex -0.003105732964757159 -0.001901309323258123 0.012
    vertex -0.003291935463574626 -0.002272258986924623 0.012
  endloop
endfacet
facet normal 4.56503e-15 4.56503e-15 1
  outer loop
    vertex -0.002652490632963181 -0.002994042992684404 0.012
    vertex -0.002443553925201617 -0.002442973697292102 0.012
    vertex -0.002994042992684405 -0.002652490632963181 0.012
  endloop
endfacet
facet normal 4.20025e-15 5.52346e-15 1
  outer loop
    vertex -0.002994042992684405 -0.002652490632963181 0.012
    vertex -0.002443553925201617 -0.002442973697292102 0.012
    vertex -0.002804047442951482 -0.002168840779578067 0.012
  endloop
endfacet
facet normal 5.11499e-15 6.5288e-15 1
  outer loop
    vertex -0.002272258986924623 -0.003291935463574625 0.012
    vertex -0.002204392362556855 -0.002813698963337352 0.012
    vertex -0.002652490632963181 -0.002994042992684404 0.012
  endloop
endfacet
facet normal 6.14669e-15 3.96534e-15 1
  outer loop
    vertex -0.002204392362556855 -0.002813698963337352 0.012
    vertex -0.002443553925201617 -0.002442973697292102 0.012
    vertex -0.002652490632963181 -0.002994042992684404 0.012
  endloop
endfacet
facet normal 4.5246e-15 7.4846e-15 1
  outer loop
    vertex -0.001858892688175074 -0.003541824102612839 0.012
    vertex -0.001835542701274505 -0.003092395028676738 0.012
    vertex -0.002272258986924623 -0.003291935463574625 0.012
  endloop
endfacet
facet normal 4.95066e-15 6.55212e-15 1
  outer loop
    vertex -0.002272258986924623 -0.003291935463574625 0.012
    vertex -0.001835542701274505 -0.003092395028676738 0.012
    vertex -0.002204392362556855 -0.002813698963337352 0.012
  endloop
endfacet
facet normal 3.94463e-15 8.76461e-15 1
  outer loop
    vertex -0.001418419548170143 -0.003740064970741659 0.012
    vertex -0.001450413954770911 -0.003329818302953902 0.012
    vertex -0.001858892688175074 -0.003541824102612839 0.012
  endloop
endfacet
facet normal 4.61131e-15 7.4801e-15 1
  outer loop
    vertex -0.001450413954770911 -0.003329818302953902 0.012
    vertex -0.001835542701274505 -0.003092395028676738 0.012
    vertex -0.001858892688175074 -0.003541824102612839 0.012
  endloop
endfacet
facet normal 3.4119e-15 1.09492e-14 1
  outer loop
    vertex -0.0009572626571502313 -0.003883767269704208 0.012
    vertex -0.001108251744073476 -0.003519849129499546 0.012
    vertex -0.001418419548170143 -0.003740064970741659 0.012
  endloop
endfacet
facet normal 4.9095e-15 8.83986e-15 1
  outer loop
    vertex -0.001418419548170143 -0.003740064970741659 0.012
    vertex -0.001108251744073476 -0.003519849129499546 0.012
    vertex -0.001450413954770911 -0.003329818302953902 0.012
  endloop
endfacet
facet normal 1.34228e-15 7.3246e-15 1
  outer loop
    vertex -0.0004821467210212929 -0.003970835496392216 0.012
    vertex -0.0006744317315658988 -0.003461927340146304 0.012
    vertex -0.0009572626571502313 -0.003883767269704208 0.012
  endloop
endfacet
facet normal -1.20607e-15 9.03319e-15 1
  outer loop
    vertex -0.0006744317315658988 -0.003461927340146304 0.012
    vertex -0.001108251744073476 -0.003519849129499546 0.012
    vertex -0.0009572626571502313 -0.003883767269704208 0.012
  endloop
endfacet
facet normal 2.20761e-15 7.65155e-15 1
  outer loop
    vertex -0.0002297143715765962 -0.003590236328867415 0.012
    vertex -0.0006744317315658988 -0.003461927340146304 0.012
    vertex -0.0004821467210212929 -0.003970835496392216 0.012
  endloop
endfacet
facet normal -1.89967e-15 1.03662e-14 1
  outer loop
    vertex 0.0009572626571502309 -0.003883767269704208 0.012
    vertex 0.0006602365020318746 -0.003603509720181088 0.012
    vertex 0.0004821467210212915 -0.003970835496392216 0.012
  endloop
endfacet
facet normal 1.94303e-15 8.50311e-15 1
  outer loop
    vertex 0.0004821467210212915 -0.003970835496392216 0.012
    vertex 0.0006602365020318746 -0.003603509720181088 0.012
    vertex 0.0002112788543658285 -0.003500919013098274 0.012
  endloop
endfacet
facet normal -2.66865e-15 8.564e-15 1
  outer loop
    vertex 0.001418419548170142 -0.003740064970741659 0.012
    vertex 0.001027935724722697 -0.003456624930873409 0.012
    vertex 0.0009572626571502309 -0.003883767269704208 0.012
  endloop
endfacet
facet normal -3.47431e-15 8.69731e-15 1
  outer loop
    vertex 0.001027935724722697 -0.003456624930873409 0.012
    vertex 0.0006602365020318746 -0.003603509720181088 0.012
    vertex 0.0009572626571502309 -0.003883767269704208 0.012
  endloop
endfacet
facet normal -3.69941e-15 8.21975e-15 1
  outer loop
    vertex 0.001858892688175074 -0.00354182410261284 0.012
    vertex 0.001475088189792053 -0.003292473583253721 0.012
    vertex 0.001418419548170142 -0.003740064970741659 0.012
  endloop
endfacet
facet normal -2.98426e-15 8.1292e-15 1
  outer loop
    vertex 0.001418419548170142 -0.003740064970741659 0.012
    vertex 0.001475088189792053 -0.003292473583253721 0.012
    vertex 0.001027935724722697 -0.003456624930873409 0.012
  endloop
endfacet
facet normal -3.91501e-15 6.47622e-15 1
  outer loop
    vertex 0.002272258986924623 -0.003291935463574626 0.012
    vertex 0.001836606033468493 -0.003019575547585774 0.012
    vertex 0.001858892688175074 -0.00354182410261284 0.012
  endloop
endfacet
facet normal -4.8583e-15 6.43596e-15 1
  outer loop
    vertex 0.001858892688175074 -0.00354182410261284 0.012
    vertex 0.001836606033468493 -0.003019575547585774 0.012
    vertex 0.001475088189792053 -0.003292473583253721 0.012
  endloop
endfacet
facet normal -5.08912e-15 6.49578e-15 1
  outer loop
    vertex 0.002652490632963181 -0.002994042992684405 0.012
    vertex 0.002226424859038262 -0.002793736629096783 0.012
    vertex 0.002272258986924623 -0.003291935463574626 0.012
  endloop
endfacet
facet normal -3.83038e-15 6.61159e-15 1
  outer loop
    vertex 0.002226424859038262 -0.002793736629096783 0.012
    vertex 0.001836606033468493 -0.003019575547585774 0.012
    vertex 0.002272258986924623 -0.003291935463574626 0.012
  endloop
endfacet
facet normal -7.70787e-15 7.70787e-15 1
  outer loop
    vertex 0.002994042992684404 -0.002652490632963182 0.012
    vertex 0.002607179081586566 -0.002589237065849418 0.012
    vertex 0.002652490632963181 -0.002994042992684405 0.012
  endloop
endfacet
facet normal -4.34217e-15 8.08461e-15 1
  outer loop
    vertex 0.002652490632963181 -0.002994042992684405 0.012
    vertex 0.002607179081586566 -0.002589237065849418 0.012
    vertex 0.002226424859038262 -0.002793736629096783 0.012
  endloop
endfacet
facet normal -7.14436e-15 5.59725e-15 1
  outer loop
    vertex 0.003291935463574625 -0.002272258986924623 0.012
    vertex 0.002825599583378854 -0.002247644389722751 0.012
    vertex 0.002994042992684404 -0.002652490632963182 0.012
  endloop
endfacet
facet normal -8.11929e-15 5.19162e-15 1
  outer loop
    vertex 0.002825599583378854 -0.002247644389722751 0.012
    vertex 0.002607179081586566 -0.002589237065849418 0.012
    vertex 0.002994042992684404 -0.002652490632963182 0.012
  endloop
endfacet
facet normal -7.15821e-15 4.32729e-15 1
  outer loop
    vertex 0.003541824102612839 -0.001858892688175075 0.012
    vertex 0.003087119615345862 -0.001809305386853021 0.012
    vertex 0.003291935463574625 -0.002272258986924623 0.012
  endloop
endfacet
facet normal -7.21267e-15 4.30319e-15 1
  outer loop
    vertex 0.003087119615345862 -0.001809305386853021 0.012
    vertex 0.002825599583378854 -0.002247644389722751 0.012
    vertex 0.003291935463574625 -0.002272258986924623 0.012
  endloop
endfacet
facet normal -1.18175e-14 5.31863e-15 1
  outer loop
    vertex 0.003740064970741659 -0.001418419548170143 0.012
    vertex 0.003399585090546171 -0.001522614857511806 0.012
    vertex 0.003541824102612839 -0.001858892688175075 0.012
  endloop
endfacet
facet normal -6.81955e-15 7.43267e-15 1
  outer loop
    vertex 0.003541824102612839 -0.001858892688175075 0.012
    vertex 0.003399585090546171 -0.001522614857511806 0.012
    vertex 0.003087119615345862 -0.001809305386853021 0.012
  endloop
endfacet
facet normal -9.18409e-15 2.86188e-15 1
  outer loop
    vertex 0.003883767269704208 -0.0009572626571502308 0.012
    vertex 0.003456722936695215 -0.001115399432428586 0.012
    vertex 0.003740064970741659 -0.001418419548170143 0.012
  endloop
endfacet
facet normal -1.06471e-14 1.49393e-15 1
  outer loop
    vertex 0.003456722936695215 -0.001115399432428586 0.012
    vertex 0.003399585090546171 -0.001522614857511806 0.012
    vertex 0.003740064970741659 -0.001418419548170143 0.012
  endloop
endfacet
facet normal -8.15802e-15 1.49501e-15 1
  outer loop
    vertex 0.003970835496392216 -0.000482146721021294 0.012
    vertex 0.003515838912617728 -0.0006443013929114855 0.012
    vertex 0.003883767269704208 -0.0009572626571502308 0.012
  endloop
endfacet
facet normal -8.52024e-15 1.06917e-15 1
  outer loop
    vertex 0.003515838912617728 -0.0006443013929114855 0.012
    vertex 0.003456722936695215 -0.001115399432428586 0.012
    vertex 0.003883767269704208 -0.0009572626571502308 0.012
  endloop
endfacet
facet normal -7.86794e-15 6.81059e-16 1
  outer loop
    vertex 0.003970835496392216 -0.000482146721021294 0.012
    vertex 0.003555017994283535 -0.0001916846415905057 0.012
    vertex 0.003515838912617728 -0.0006443013929114855 0.012
  endloop
endfacet
facet normal 0 0 1
  outer loop
    vertex -0.001016614080021277 0.003481648137059422 0.012
    vertex -0.001012030801210764 0.003041489852973586 0.012
    vertex -0.0005989404390805931 0.003283559466780049 0.012
  endloop
endfacet
facet normal 0 0 1
  outer loop
    vertex -0.0005989404390805931 0.003283559466780049 0.012
    vertex -0.0006671344922915512 0.00364408580663111 0.012
    vertex -0.001016614080021277 0.003481648137059422 0.012
  endloop
endfacet
facet normal -0 0 1
  outer loop
    vertex -0.001424743136545855 0.003274237614624931 0.012
    vertex -0.001012030801210764 0.003041489852973586 0.012
    vertex -0.001016614080021277 0.003481648137059422 0.012
  endloop
endfacet
facet normal 0 -0 1
  outer loop
    vertex 0.001027935724722697 -0.003456624930873409 0.012
    vertex 0.001042520567235881 -0.002993700621091896 0.012
    vertex 0.0006225585528993247 -0.00320540189083733 0.012
  endloop
endfacet
facet normal 0 0 1
  outer loop
    vertex 0.0006225585528993247 -0.00320540189083733 0.012
    vertex 0.0006602365020318746 -0.003603509720181088 0.012
    vertex 0.001027935724722697 -0.003456624930873409 0.012
  endloop
endfacet
facet normal 0 0 1
  outer loop
    vertex 0.001027935724722697 -0.003456624930873409 0.012
    vertex 0.001475088189792053 -0.003292473583253721 0.012
    vertex 0.001042520567235881 -0.002993700621091896 0.012
  endloop
endfacet
facet normal 0 0 1
  outer loop
    vertex 0.003162027069557819 0.0006228700864281154 0.012
    vertex 0.003607477968224465 0.0006682075541430089 0.012
    vertex 0.00345041753511648 0.001040023537380262 0.012
  endloop
endfacet
facet normal 0 0 1
  outer loop
    vertex 0.00345041753511648 0.001040023537380262 0.012
    vertex 0.003055901487376521 0.001088561795355193 0.012
    vertex 0.003162027069557819 0.0006228700864281154 0.012
  endloop
endfacet
facet normal 0 0 1
  outer loop
    vertex 0.003267376347881976 0.001444323215007373 0.012
    vertex 0.003055901487376521 0.001088561795355193 0.012
    vertex 0.00345041753511648 0.001040023537380262 0.012
  endloop
endfacet
facet normal 0 0 1
  outer loop
    vertex -0.00315283601887734 -0.0006054645711402826 0.012
    vertex -0.003587649114560328 -0.0006860941117202598 0.012
    vertex -0.003412939586079264 -0.001050048324744338 0.012
  endloop
endfacet
facet normal 0 0 1
  outer loop
    vertex -0.003412939586079264 -0.001050048324744338 0.012
    vertex -0.003021703204287029 -0.001029176250053616 0.012
    vertex -0.00315283601887734 -0.0006054645711402826 0.012
  endloop
endfacet
facet normal 0 -0 1
  outer loop
    vertex -0.003174570113589703 -0.001468705997497093 0.012
    vertex -0.003021703204287029 -0.001029176250053616 0.012
    vertex -0.003412939586079264 -0.001050048324744338 0.012
  endloop
endfacet
facet normal 0 0 1
  outer loop
    vertex 0.001473436029568926 0.00327204031329746 0.012
    vertex 0.001053577270607999 0.003401698152866355 0.012
    vertex 0.001146998146955167 0.002881054442658352 0.012
  endloop
endfacet
facet normal 0 0 1
  outer loop
    vertex 0.001146998146955167 0.002881054442658352 0.012
    vertex 0.001573202118524408 0.002914422909090822 0.012
    vertex 0.001473436029568926 0.00327204031329746 0.012
  endloop
endfacet
facet normal 0 0 1
  outer loop
    vertex 0.001473436029568926 0.00327204031329746 0.012
    vertex 0.001573202118524408 0.002914422909090822 0.012
    vertex 0.001852186297920141 0.003136439548306526 0.012
  endloop
endfacet
facet normal -0 0 1
  outer loop
    vertex -0.003211481256751635 0.001429275757763694 0.012
    vertex -0.002714499270266698 0.001149178563991874 0.012
    vertex -0.002699657683575096 0.001624814653994428 0.012
  endloop
endfacet
facet normal 0 0 1
  outer loop
    vertex -0.002699657683575096 0.001624814653994428 0.012
    vertex -0.003055121884779449 0.001927907907091124 0.012
    vertex -0.003211481256751635 0.001429275757763694 0.012
  endloop
endfacet
facet normal 0 -0 1
  outer loop
    vertex -0.003117178173846691 0.0009036583644487001 0.012
    vertex -0.002714499270266698 0.001149178563991874 0.012
    vertex -0.003211481256751635 0.001429275757763694 0.012
  endloop
endfacet
facet normal 0 0 1
  outer loop
    vertex -0.003211481256751635 0.001429275757763694 0.012
    vertex -0.00348950054898517 0.001087372347426538 0.012
    vertex -0.003117178173846691 0.0009036583644487001 0.012
  endloop
endfacet
facet normal 0 0 1
  outer loop
    vertex 0.003087119615345862 -0.001809305386853021 0.012
    vertex 0.003084425917284079 -0.001306904350048327 0.012
    vertex 0.00271263905998817 -0.001536280925018289 0.012
  endloop
endfacet
facet normal 0 0 1
  outer loop
    vertex 0.00271263905998817 -0.001536280925018289 0.012
    vertex 0.002661260574456442 -0.001911639132472049 0.012
    vertex 0.003087119615345862 -0.001809305386853021 0.012
  endloop
endfacet
facet normal 0 -0 1
  outer loop
    vertex 0.003087119615345862 -0.001809305386853021 0.012
    vertex 0.003399585090546171 -0.001522614857511806 0.012
    vertex 0.003084425917284079 -0.001306904350048327 0.012
  endloop
endfacet
facet normal 0 0 1
  outer loop
    vertex 0.003087119615345862 -0.001809305386853021 0.012
    vertex 0.002661260574456442 -0.001911639132472049 0.012
    vertex 0.002825599583378854 -0.002247644389722751 0.012
  endloop
endfacet
facet normal 0 0 1
  outer loop
    vertex -0.001049936378026234 -0.003139897892136731 0.012
    vertex -0.001435337343028828 -0.002909405519730334 0.012
    vertex -0.001450413954770911 -0.003329818302953902 0.012
  endloop
endfacet
facet normal -0 0 1
  outer loop
    vertex -0.001450413954770911 -0.003329818302953902 0.012
    vertex -0.001108251744073476 -0.003519849129499546 0.012
    vertex -0.001049936378026234 -0.003139897892136731 0.012
  endloop
endfacet
facet normal 0 -0 1
  outer loop
    vertex -0.001450413954770911 -0.003329818302953902 0.012
    vertex -0.001435337343028828 -0.002909405519730334 0.012
    vertex -0.001835542701274505 -0.003092395028676738 0.012
  endloop
endfacet
facet normal -0 0 1
  outer loop
    vertex -0.002623138040911326 0.002527271427640922 0.012
    vertex -0.002242104787782206 0.002312712828319233 0.012
    vertex -0.002244972533779544 0.002786973361536236 0.012
  endloop
endfacet
facet normal 0 0 1
  outer loop
    vertex -0.002637426733701966 0.002072276715945017 0.012
    vertex -0.002242104787782206 0.002312712828319233 0.012
    vertex -0.002623138040911326 0.002527271427640922 0.012
  endloop
endfacet
facet normal 0 0 1
  outer loop
    vertex -0.002623138040911326 0.002527271427640922 0.012
    vertex -0.002920333023130354 0.002290441134112974 0.012
    vertex -0.002637426733701966 0.002072276715945017 0.012
  endloop
endfacet
facet normal -0 0 1
  outer loop
    vertex 0.001992932519687563 0.002386412244229771 0.012
    vertex 0.002329305324591014 0.00207278168539825 0.012
    vertex 0.00250726905556177 0.002518683980638792 0.012
  endloop
endfacet
facet normal 0 0 1
  outer loop
    vertex 0.00250726905556177 0.002518683980638792 0.012
    vertex 0.002216006924059204 0.002850455267816549 0.012
    vertex 0.001992932519687563 0.002386412244229771 0.012
  endloop
endfacet
facet normal 0 0 1
  outer loop
    vertex 0.002329305324591014 0.00207278168539825 0.012
    vertex 0.002806408979060464 0.00219815334429218 0.012
    vertex 0.00250726905556177 0.002518683980638792 0.012
  endloop
endfacet
facet normal 0 0 1
  outer loop
    vertex 0.003134487892566828 -0.0003748778391288024 0.012
    vertex 0.003106590331977997 -0.0008309496509488047 0.012
    vertex 0.003515838912617728 -0.0006443013929114855 0.012
  endloop
endfacet
facet normal 0 -0 1
  outer loop
    vertex 0.003515838912617728 -0.0006443013929114855 0.012
    vertex 0.003555017994283535 -0.0001916846415905057 0.012
    vertex 0.003134487892566828 -0.0003748778391288024 0.012
  endloop
endfacet
facet normal -0 0 1
  outer loop
    vertex 0.003106590331977997 -0.0008309496509488047 0.012
    vertex 0.003456722936695215 -0.001115399432428586 0.012
    vertex 0.003515838912617728 -0.0006443013929114855 0.012
  endloop
endfacet
facet normal 0 0 1
  outer loop
    vertex 0.000186396433389735 0.003568030482604037 0.012
    vertex -0.0002807085641843631 0.003600618663219656 0.012
    vertex -0.000119287029281998 0.003123721714870938 0.012
  endloop
endfacet
facet normal 0 0 1
  outer loop
    vertex -0.000119287029281998 0.003123721714870938 0.012
    vertex 0.0003044930676906808 0.003192666563151028 0.012
    vertex 0.000186396433389735 0.003568030482604037 0.012
  endloop
endfacet
facet normal 0 0 1
  outer loop
    vertex 0.000186396433389735 0.003568030482604037 0.012
    vertex 0.0003044930676906808 0.003192666563151028 0.012
    vertex 0.0006092312667680694 0.003513732241012332 0.012
  endloop
endfacet
facet normal 0 -0 1
  outer loop
    vertex -0.003128771261605365 -6.806198819816183e-05 0.012
    vertex -0.003120590446758741 0.0004206424379453957 0.012
    vertex -0.003554632439011813 0.0002081103383669103 0.012
  endloop
endfacet
facet normal 0 0 1
  outer loop
    vertex -0.003554632439011813 0.0002081103383669103 0.012
    vertex -0.003564179328452835 -0.0002743994007506028 0.012
    vertex -0.003128771261605365 -6.806198819816183e-05 0.012
  endloop
endfacet
facet normal 0 0 1
  outer loop
    vertex -0.003120590446758741 0.0004206424379453957 0.012
    vertex -0.003517098171531787 0.0006731983195017521 0.012
    vertex -0.003554632439011813 0.0002081103383669103 0.012
  endloop
endfacet
facet normal 0 0 1
  outer loop
    vertex -0.00233411714138639 -0.001977163621747763 0.012
    vertex -0.002716287701057144 -0.001737848164115757 0.012
    vertex -0.002804047442951482 -0.002168840779578067 0.012
  endloop
endfacet
facet normal -0 0 1
  outer loop
    vertex -0.002804047442951482 -0.002168840779578067 0.012
    vertex -0.002443553925201617 -0.002442973697292102 0.012
    vertex -0.00233411714138639 -0.001977163621747763 0.012
  endloop
endfacet
facet normal 0 0 1
  outer loop
    vertex -0.002716287701057144 -0.001737848164115757 0.012
    vertex -0.003105732964757159 -0.001901309323258123 0.012
    vertex -0.002804047442951482 -0.002168840779578067 0.012
  endloop
endfacet
facet normal 0 0 1
  outer loop
    vertex 0.0002112788543658285 -0.003500919013098274 0.012
    vertex -0.0002572244457552366 -0.003153697116790697 0.012
    vertex -0.0002297143715765962 -0.003590236328867415 0.012
  endloop
endfacet
facet normal 0 0 1
  outer loop
    vertex -0.0002297143715765962 -0.003590236328867415 0.012
    vertex -0.0002572244457552366 -0.003153697116790697 0.012
    vertex -0.0006744317315658988 -0.003461927340146304 0.012
  endloop
endfacet
facet normal 0 0 1
  outer loop
    vertex 0.002337337339868128 -0.002258270684779967 0.012
    vertex 0.001867807510182054 -0.002493939600189577 0.012
    vertex 0.002226424859038262 -0.002793736629096783 0.012
  endloop
endfacet
facet normal 0 0 1
  outer loop
    vertex 0.002226424859038262 -0.002793736629096783 0.012
    vertex 0.002607179081586566 -0.002589237065849418 0.012
    vertex 0.002337337339868128 -0.002258270684779967 0.012
  endloop
endfacet
facet normal 0 0 1
  outer loop
    vertex 0.001867807510182054 -0.002493939600189577 0.012
    vertex 0.001836606033468493 -0.003019575547585774 0.012
    vertex 0.002226424859038262 -0.002793736629096783 0.012
  endloop
endfacet
facet normal -0 0 1
  outer loop
    vertex -0.002244972533779544 0.002786973361536236 0.012
    vertex -0.001839483986840858 0.002562807441305846 0.012
    vertex -0.001849165928025635 0.003058894067308277 0.012
  endloop
endfacet
facet normal 0 -0 1
  outer loop
    vertex -0.001839483986840858 0.002562807441305846 0.012
    vertex -0.001430613200138178 0.002823227531949078 0.012
    vertex -0.001849165928025635 0.003058894067308277 0.012
  endloop
endfacet
facet normal 0 -0 1
  outer loop
    vertex -0.001430613200138178 0.002823227531949078 0.012
    vertex -0.001424743136545855 0.003274237614624931 0.012
    vertex -0.001849165928025635 0.003058894067308277 0.012
  endloop
endfacet
facet normal 0 0 1
  outer loop
    vertex 0.002775352872780997 0.001403148228722181 0.012
    vertex 0.003267376347881976 0.001444323215007373 0.012
    vertex 0.003062259810575247 0.001843734386319089 0.012
  endloop
endfacet
facet normal 0 0 1
  outer loop
    vertex 0.003062259810575247 0.001843734386319089 0.012
    vertex 0.002653641227375724 0.001828970393509146 0.012
    vertex 0.002775352872780997 0.001403148228722181 0.012
  endloop
endfacet
facet normal 0 0 1
  outer loop
    vertex 0.002806408979060464 0.00219815334429218 0.012
    vertex 0.002653641227375724 0.001828970393509146 0.012
    vertex 0.003062259810575247 0.001843734386319089 0.012
  endloop
endfacet
facet normal 0 0 1
  outer loop
    vertex 0.003162027069557819 0.0006228700864281154 0.012
    vertex 0.003138603193772838 0.0001124833347834016 0.012
    vertex 0.003570342470351605 0.0002387347687351465 0.012
  endloop
endfacet
facet normal 0 -0 1
  outer loop
    vertex 0.003570342470351605 0.0002387347687351465 0.012
    vertex 0.003607477968224465 0.0006682075541430089 0.012
    vertex 0.003162027069557819 0.0006228700864281154 0.012
  endloop
endfacet
facet normal -0 0 1
  outer loop
    vertex 0.003138603193772838 0.0001124833347834016 0.012
    vertex 0.003555017994283535 -0.0001916846415905057 0.012
    vertex 0.003570342470351605 0.0002387347687351465 0.012
  endloop
endfacet
facet normal 0 0 1
  outer loop
    vertex -0.001940282586616059 -0.002309762147624449 0.012
    vertex -0.002443553925201617 -0.002442973697292102 0.012
    vertex -0.002204392362556855 -0.002813698963337352 0.012
  endloop
endfacet
facet normal 0 0 1
  outer loop
    vertex -0.002204392362556855 -0.002813698963337352 0.012
    vertex -0.001782526178516054 -0.002710648217813935 0.012
    vertex -0.001940282586616059 -0.002309762147624449 0.012
  endloop
endfacet
facet normal 0 -0 1
  outer loop
    vertex -0.001835542701274505 -0.003092395028676738 0.012
    vertex -0.001782526178516054 -0.002710648217813935 0.012
    vertex -0.002204392362556855 -0.002813698963337352 0.012
  endloop
endfacet
facet normal 0 0 1
  outer loop
    vertex -0.002244972533779544 0.002786973361536236 0.012
    vertex -0.002242104787782206 0.002312712828319233 0.012
    vertex -0.001839483986840858 0.002562807441305846 0.012
  endloop
endfacet
facet normal -0 0 1
  outer loop
    vertex -0.001839483986840858 0.002562807441305846 0.012
    vertex -0.001432096189888658 0.00233726902280142 0.012
    vertex -0.001430613200138178 0.002823227531949078 0.012
  endloop
endfacet
facet normal 0 0 1
  outer loop
    vertex -0.001839483986840858 0.002562807441305846 0.012
    vertex -0.001844353919539761 0.002084181804893592 0.012
    vertex -0.001432096189888658 0.00233726902280142 0.012
  endloop
endfacet
facet normal 0 0 1
  outer loop
    vertex -0.001839483986840858 0.002562807441305846 0.012
    vertex -0.002242104787782206 0.002312712828319233 0.012
    vertex -0.001844353919539761 0.002084181804893592 0.012
  endloop
endfacet
facet normal 0 0 1
  outer loop
    vertex -0.001432096189888658 0.00233726902280142 0.012
    vertex -0.001007569245934005 0.002568274987142005 0.012
    vertex -0.001430613200138178 0.002823227531949078 0.012
  endloop
endfacet
facet normal 0 0 1
  outer loop
    vertex -0.001007569245934005 0.002568274987142005 0.012
    vertex -0.001012030801210764 0.003041489852973586 0.012
    vertex -0.001430613200138178 0.002823227531949078 0.012
  endloop
endfacet
facet normal 0 0 1
  outer loop
    vertex -0.001430613200138178 0.002823227531949078 0.012
    vertex -0.001012030801210764 0.003041489852973586 0.012
    vertex -0.001424743136545855 0.003274237614624931 0.012
  endloop
endfacet
facet normal -0 0 1
  outer loop
    vertex -0.001432096189888658 0.00233726902280142 0.012
    vertex -0.001015830854091373 0.002093960040754623 0.012
    vertex -0.001007569245934005 0.002568274987142005 0.012
  endloop
endfacet
facet normal 0 0 1
  outer loop
    vertex -0.001432096189888658 0.00233726902280142 0.012
    vertex -0.001436903750874201 0.001857375416480575 0.012
    vertex -0.001015830854091373 0.002093960040754623 0.012
  endloop
endfacet
facet normal 0 0 1
  outer loop
    vertex -0.001432096189888658 0.00233726902280142 0.012
    vertex -0.001844353919539761 0.002084181804893592 0.012
    vertex -0.001436903750874201 0.001857375416480575 0.012
  endloop
endfacet
facet normal 0 0 1
  outer loop
    vertex -0.001015830854091373 0.002093960040754623 0.012
    vertex -0.0005955645848503531 0.002332148183635996 0.012
    vertex -0.001007569245934005 0.002568274987142005 0.012
  endloop
endfacet
facet normal -0 0 1
  outer loop
    vertex -0.001007569245934005 0.002568274987142005 0.012
    vertex -0.0005955645848503531 0.002332148183635996 0.012
    vertex -0.0005937047055446779 0.002817991380286027 0.012
  endloop
endfacet
facet normal 0 0 1
  outer loop
    vertex -0.0005937047055446779 0.002817991380286027 0.012
    vertex -0.001012030801210764 0.003041489852973586 0.012
    vertex -0.001007569245934005 0.002568274987142005 0.012
  endloop
endfacet
facet normal -0 0 1
  outer loop
    vertex -0.001436903750874201 0.001857375416480575 0.012
    vertex -0.001020284956095823 0.001612914842312561 0.012
    vertex -0.001015830854091373 0.002093960040754623 0.012
  endloop
endfacet
facet normal 0 0 1
  outer loop
    vertex -0.001020284956095823 0.001612914842312561 0.012
    vertex -0.0006002714140392901 0.00185146715517572 0.012
    vertex -0.001015830854091373 0.002093960040754623 0.012
  endloop
endfacet
facet normal 0 -0 1
  outer loop
    vertex -0.0006002714140392901 0.00185146715517572 0.012
    vertex -0.0005955645848503531 0.002332148183635996 0.012
    vertex -0.001015830854091373 0.002093960040754623 0.012
  endloop
endfacet
facet normal 0 0 1
  outer loop
    vertex -0.001436903750874201 0.001857375416480575 0.012
    vertex -0.001440284458458696 0.001374201873143704 0.012
    vertex -0.001020284956095823 0.001612914842312561 0.012
  endloop
endfacet
facet normal 0 0 1
  outer loop
    vertex -0.001844353919539761 0.002084181804893592 0.012
    vertex -0.001855952323102583 0.001616234226370982 0.012
    vertex -0.001436903750874201 0.001857375416480575 0.012
  endloop
endfacet
facet normal -0 0 1
  outer loop
    vertex -0.001855952323102583 0.001616234226370982 0.012
    vertex -0.001440284458458696 0.001374201873143704 0.012
    vertex -0.001436903750874201 0.001857375416480575 0.012
  endloop
endfacet
facet normal -0 0 1
  outer loop
    vertex -0.001020284956095823 0.001612914842312561 0.012
    vertex -0.0006039415288158833 0.001368943590515803 0.012
    vertex -0.0006002714140392901 0.00185146715517572 0.012
  endloop
endfacet
facet normal 0 0 1
  outer loop
    vertex -0.001020284956095823 0.001612914842312561 0.012
    vertex -0.001023909725822557 0.00113030979820048 0.012
    vertex -0.0006039415288158833 0.001368943590515803 0.012
  endloop
endfacet
facet normal 0 0 1
  outer loop
    vertex -0.001020284956095823 0.001612914842312561 0.012
    vertex -0.001440284458458696 0.001374201873143704 0.012
    vertex -0.001023909725822557 0.00113030979820048 0.012
  endloop
endfacet
facet normal 0 0 1
  outer loop
    vertex -0.0006039415288158833 0.001368943590515803 0.012
    vertex -0.0001838883422034379 0.001607414061565179 0.012
    vertex -0.0006002714140392901 0.00185146715517572 0.012
  endloop
endfacet
facet normal 0 0 1
  outer loop
    vertex -0.0006002714140392901 0.00185146715517572 0.012
    vertex -0.0001803692263320518 0.002090241467397001 0.012
    vertex -0.0005955645848503531 0.002332148183635996 0.012
  endloop
endfacet
facet normal 0 -0 1
  outer loop
    vertex -0.0001838883422034379 0.001607414061565179 0.012
    vertex -0.0001803692263320518 0.002090241467397001 0.012
    vertex -0.0006002714140392901 0.00185146715517572 0.012
  endloop
endfacet
facet normal -0 0 1
  outer loop
    vertex -0.001023909725822557 0.00113030979820048 0.012
    vertex -0.0006073468002401211 0.0008859141840133312 0.012
    vertex -0.0006039415288158833 0.001368943590515803 0.012
  endloop
endfacet
facet normal 0 0 1
  outer loop
    vertex -0.0006073468002401211 0.0008859141840133312 0.012
    vertex -0.0001873424739161302 0.00112447832748003 0.012
    vertex -0.0006039415288158833 0.001368943590515803 0.012
  endloop
endfacet
facet normal 0 -0 1
  outer loop
    vertex -0.0001873424739161302 0.00112447832748003 0.012
    vertex -0.0001838883422034379 0.001607414061565179 0.012
    vertex -0.0006039415288158833 0.001368943590515803 0.012
  endloop
endfacet
facet normal 0 0 1
  outer loop
    vertex -0.001023909725822557 0.00113030979820048 0.012
    vertex -0.001027355595486619 0.0006473586496610435 0.012
    vertex -0.0006073468002401211 0.0008859141840133312 0.012
  endloop
endfacet
facet normal 0 0 1
  outer loop
    vertex -0.001440284458458696 0.001374201873143704 0.012
    vertex -0.001443931697186515 0.0008917527294598004 0.012
    vertex -0.001023909725822557 0.00113030979820048 0.012
  endloop
endfacet
facet normal 0 0 1
  outer loop
    vertex -0.001023909725822557 0.00113030979820048 0.012
    vertex -0.001443931697186515 0.0008917527294598004 0.012
    vertex -0.001027355595486619 0.0006473586496610435 0.012
  endloop
endfacet
facet normal -0 0 1
  outer loop
    vertex -0.0006073468002401211 0.0008859141840133312 0.012
    vertex -0.0001907545174756742 0.00064146198201983 0.012
    vertex -0.0001873424739161302 0.00112447832748003 0.012
  endloop
endfacet
facet normal 0 0 1
  outer loop
    vertex -0.0006073468002401211 0.0008859141840133312 0.012
    vertex -0.0006107646799908431 0.0004029090677027859 0.012
    vertex -0.0001907545174756742 0.00064146198201983 0.012
  endloop
endfacet
facet normal 0 0 1
  outer loop
    vertex -0.0006073468002401211 0.0008859141840133312 0.012
    vertex -0.001027355595486619 0.0006473586496610435 0.012
    vertex -0.0006107646799908431 0.0004029090677027859 0.012
  endloop
endfacet
facet normal 0 0 1
  outer loop
    vertex -0.0001907545174756742 0.00064146198201983 0.012
    vertex 0.0002292547871579452 0.0008800165529770799 0.012
    vertex -0.0001873424739161302 0.00112447832748003 0.012
  endloop
endfacet
facet normal 0 0 1
  outer loop
    vertex -0.0001873424739161302 0.00112447832748003 0.012
    vertex 0.0002326739994248115 0.001363019135533879 0.012
    vertex -0.0001838883422034379 0.001607414061565179 0.012
  endloop
endfacet
facet normal 0 -0 1
  outer loop
    vertex 0.0002292547871579452 0.0008800165529770799 0.012
    vertex 0.0002326739994248115 0.001363019135533879 0.012
    vertex -0.0001873424739161302 0.00112447832748003 0.012
  endloop
endfacet
facet normal -0 0 1
  outer loop
    vertex -0.0006107646799908431 0.0004029090677027859 0.012
    vertex -0.0001941681437223244 0.0001584486695077119 0.012
    vertex -0.0001907545174756742 0.00064146198201983 0.012
  endloop
endfacet
facet normal 0 0 1
  outer loop
    vertex -0.0001941681437223244 0.0001584486695077119 0.012
    vertex 0.0002258422809103607 0.0003970010822837137 0.012
    vertex -0.0001907545174756742 0.00064146198201983 0.012
  endloop
endfacet
facet normal 0 -0 1
  outer loop
    vertex 0.0002258422809103607 0.0003970010822837137 0.012
    vertex 0.0002292547871579452 0.0008800165529770799 0.012
    vertex -0.0001907545174756742 0.00064146198201983 0.012
  endloop
endfacet
facet normal 0 0 1
  outer loop
    vertex -0.0006107646799908431 0.0004029090677027859 0.012
    vertex -0.0006141781102674094 -8.010462736934581e-05 0.012
    vertex -0.0001941681437223244 0.0001584486695077119 0.012
  endloop
endfacet
facet normal 0 0 1
  outer loop
    vertex -0.001027355595486619 0.0006473586496610435 0.012
    vertex -0.001030774590774108 0.0001643556697796995 0.012
    vertex -0.0006107646799908431 0.0004029090677027859 0.012
  endloop
endfacet
facet normal 0 0 1
  outer loop
    vertex -0.0006107646799908431 0.0004029090677027859 0.012
    vertex -0.001030774590774108 0.0001643556697796995 0.012
    vertex -0.0006141781102674094 -8.010462736934581e-05 0.012
  endloop
endfacet
facet normal -0 0 1
  outer loop
    vertex -0.0001941681437223244 0.0001584486695077119 0.012
    vertex 0.0002224298201697174 -8.601448134303084e-05 0.012
    vertex 0.0002258422809103607 0.0003970010822837137 0.012
  endloop
endfacet
facet normal 0 0 1
  outer loop
    vertex -0.0001941681437223244 0.0001584486695077119 0.012
    vertex -0.0001975804103922054 -0.0003245672690633676 0.012
    vertex 0.0002224298201697174 -8.601448134303084e-05 0.012
  endloop
endfacet
facet normal 0 0 1
  outer loop
    vertex -0.0001941681437223244 0.0001584486695077119 0.012
    vertex -0.0006141781102674094 -8.010462736934581e-05 0.012
    vertex -0.0001975804103922054 -0.0003245672690633676 0.012
  endloop
endfacet
facet normal 0 0 1
  outer loop
    vertex 0.0002224298201697174 -8.601448134303084e-05 0.012
    vertex 0.0006424400256678016 0.0001525383547909451 0.012
    vertex 0.0002258422809103607 0.0003970010822837137 0.012
  endloop
endfacet
facet normal 0 -0 1
  outer loop
    vertex 0.0006424400256678016 0.0001525383547909451 0.012
    vertex 0.0006458522994589696 0.0006355542794919933 0.012
    vertex 0.0002258422809103607 0.0003970010822837137 0.012
  endloop
endfacet
facet normal 0 0 1
  outer loop
    vertex 0.0006458522994589696 0.0006355542794919933 0.012
    vertex 0.0002292547871579452 0.0008800165529770799 0.012
    vertex 0.0002258422809103607 0.0003970010822837137 0.012
  endloop
endfacet
facet normal -0 0 1
  outer loop
    vertex -0.0001975804103922054 -0.0003245672690633676 0.012
    vertex 0.0002190175169939768 -0.0005690303493790855 0.012
    vertex 0.0002224298201697174 -8.601448134303084e-05 0.012
  endloop
endfacet
facet normal 0 0 1
  outer loop
    vertex 0.0002190175169939768 -0.0005690303493790855 0.012
    vertex 0.0006390277208333134 -0.0003304775100312528 0.012
    vertex 0.0002224298201697174 -8.601448134303084e-05 0.012
  endloop
endfacet
facet normal -0 0 1
  outer loop
    vertex 0.0002224298201697174 -8.601448134303084e-05 0.012
    vertex 0.0006390277208333134 -0.0003304775100312528 0.012
    vertex 0.0006424400256678016 0.0001525383547909451 0.012
  endloop
endfacet
facet normal 0 0 1
  outer loop
    vertex -0.0001975804103922054 -0.0003245672690633676 0.012
    vertex -0.0002009926873013672 -0.0008075831878486779 0.012
    vertex 0.0002190175169939768 -0.0005690303493790855 0.012
  endloop
endfacet
facet normal 0 0 1
  outer loop
    vertex -0.0001975804103922054 -0.0003245672690633676 0.012
    vertex -0.0006175905756110046 -0.0005631201828680556 0.012
    vertex -0.0002009926873013672 -0.0008075831878486779 0.012
  endloop
endfacet
facet normal 0 0 1
  outer loop
    vertex -0.0006141781102674094 -8.010462736934581e-05 0.012
    vertex -0.0006175905756110046 -0.0005631201828680556 0.012
    vertex -0.0001975804103922054 -0.0003245672690633676 0.012
  endloop
endfacet
facet normal -0 0 1
  outer loop
    vertex -0.0002009926873013672 -0.0008075831878486779 0.012
    vertex 0.0002156052383713623 -0.001052046264852423 0.012
    vertex 0.0002190175169939768 -0.0005690303493790855 0.012
  endloop
endfacet
facet normal 0 0 1
  outer loop
    vertex 0.0002156052383713623 -0.001052046264852423 0.012
    vertex 0.0006356154375211783 -0.0008134934164407175 0.012
    vertex 0.0002190175169939768 -0.0005690303493790855 0.012
  endloop
endfacet
facet normal 0 -0 1
  outer loop
    vertex 0.0006356154375211783 -0.0008134934164407175 0.012
    vertex 0.0006390277208333134 -0.0003304775100312528 0.012
    vertex 0.0002190175169939768 -0.0005690303493790855 0.012
  endloop
endfacet
facet normal 0 0 1
  outer loop
    vertex 0.0006424400256678016 0.0001525383547909451 0.012
    vertex 0.001062450195833247 0.0003910912591697257 0.012
    vertex 0.0006458522994589696 0.0006355542794919933 0.012
  endloop
endfacet
facet normal -0 0 1
  outer loop
    vertex 0.0006424400256678016 0.0001525383547909451 0.012
    vertex 0.00105903791793618 -9.192465767553324e-05 0.012
    vertex 0.001062450195833247 0.0003910912591697257 0.012
  endloop
endfacet
facet normal 0 0 1
  outer loop
    vertex 0.0006424400256678016 0.0001525383547909451 0.012
    vertex 0.0006390277208333134 -0.0003304775100312528 0.012
    vertex 0.00105903791793618 -9.192465767553324e-05 0.012
  endloop
endfacet
facet normal 0 0 1
  outer loop
    vertex -0.0002009926873013672 -0.0008075831878486779 0.012
    vertex -0.0002044049618207595 -0.001290599111239274 0.012
    vertex 0.0002156052383713623 -0.001052046264852423 0.012
  endloop
endfacet
facet normal 0 0 1
  outer loop
    vertex -0.0002009926873013672 -0.0008075831878486779 0.012
    vertex -0.0006210028883202171 -0.001046136032642789 0.012
    vertex -0.0002044049618207595 -0.001290599111239274 0.012
  endloop
endfacet
facet normal 0 0 1
  outer loop
    vertex -0.0002009926873013672 -0.0008075831878486779 0.012
    vertex -0.0006175905756110046 -0.0005631201828680556 0.012
    vertex -0.0006210028883202171 -0.001046136032642789 0.012
  endloop
endfacet
facet normal -0 0 1
  outer loop
    vertex -0.0002044049618207595 -0.001290599111239274 0.012
    vertex 0.000212192964239666 -0.001535062188998618 0.012
    vertex 0.0002156052383713623 -0.001052046264852423 0.012
  endloop
endfacet
facet normal 0 0 1
  outer loop
    vertex 0.000212192964239666 -0.001535062188998618 0.012
    vertex 0.0006322031633309973 -0.001296509340479558 0.012
    vertex 0.0002156052383713623 -0.001052046264852423 0.012
  endloop
endfacet
facet normal -0 0 1
  outer loop
    vertex 0.0002156052383713623 -0.001052046264852423 0.012
    vertex 0.0006322031633309973 -0.001296509340479558 0.012
    vertex 0.0006356154375211783 -0.0008134934164407175 0.012
  endloop
endfacet
facet normal 0 0 1
  outer loop
    vertex -0.0006210028883202171 -0.001046136032642789 0.012
    vertex -0.0006244151614808815 -0.001529151958654438 0.012
    vertex -0.0002044049618207595 -0.001290599111239274 0.012
  endloop
endfacet
facet normal 0 0 1
  outer loop
    vertex -0.0002044049618207595 -0.001290599111239274 0.012
    vertex -0.0002078172352039732 -0.001773615036830943 0.012
    vertex 0.000212192964239666 -0.001535062188998618 0.012
  endloop
endfacet
facet normal 0 0 1
  outer loop
    vertex -0.0002044049618207595 -0.001290599111239274 0.012
    vertex -0.0006244151614808815 -0.001529151958654438 0.012
    vertex -0.0002078172352039732 -0.001773615036830943 0.012
  endloop
endfacet
facet normal 0 0 1
  outer loop
    vertex -0.0006175905756110046 -0.0005631201828680556 0.012
    vertex -0.001037600800731385 -0.0008016729811892479 0.012
    vertex -0.0006210028883202171 -0.001046136032642789 0.012
  endloop
endfacet
facet normal 0 0 1
  outer loop
    vertex -0.0006210028883202171 -0.001046136032642789 0.012
    vertex -0.001041013087915267 -0.0012846888801758 0.012
    vertex -0.0006244151614808815 -0.001529151958654438 0.012
  endloop
endfacet
facet normal 0 0 1
  outer loop
    vertex -0.0006210028883202171 -0.001046136032642789 0.012
    vertex -0.001037600800731385 -0.0008016729811892479 0.012
    vertex -0.001041013087915267 -0.0012846888801758 0.012
  endloop
endfacet
facet normal 0 -0 1
  outer loop
    vertex 0.001062450195833247 0.0003910912591697257 0.012
    vertex 0.001065862463891553 0.0008741071950307796 0.012
    vertex 0.0006458522994589696 0.0006355542794919933 0.012
  endloop
endfacet
facet normal 0 0 1
  outer loop
    vertex 0.001065862463891553 0.0008741071950307796 0.012
    vertex 0.0006492645360324341 0.001118570275185764 0.012
    vertex 0.0006458522994589696 0.0006355542794919933 0.012
  endloop
endfacet
facet normal 0 0 1
  outer loop
    vertex 0.0006492645360324341 0.001118570275185764 0.012
    vertex 0.0002292547871579452 0.0008800165529770799 0.012
    vertex 0.0006458522994589696 0.0006355542794919933 0.012
  endloop
endfacet
facet normal 0 0 1
  outer loop
    vertex 0.001062450195833247 0.0003910912591697257 0.012
    vertex 0.001482389195438859 0.0006296446292600577 0.012
    vertex 0.001065862463891553 0.0008741071950307796 0.012
  endloop
endfacet
facet normal 0 0 1
  outer loop
    vertex 0.00105903791793618 -9.192465767553324e-05 0.012
    vertex 0.001479048111495467 0.0001466282015244304 0.012
    vertex 0.001062450195833247 0.0003910912591697257 0.012
  endloop
endfacet
facet normal 0 -0 1
  outer loop
    vertex 0.001479048111495467 0.0001466282015244304 0.012
    vertex 0.001482389195438859 0.0006296446292600577 0.012
    vertex 0.001062450195833247 0.0003910912591697257 0.012
  endloop
endfacet
facet normal 0 -0 1
  outer loop
    vertex 0.001065862463891553 0.0008741071950307796 0.012
    vertex 0.001069274726882787 0.001357123140700089 0.012
    vertex 0.0006492645360324341 0.001118570275185764 0.012
  endloop
endfacet
facet normal 0 0 1
  outer loop
    vertex 0.001065862463891553 0.0008741071950307796 0.012
    vertex 0.001485789600917095 0.001112660644318816 0.012
    vertex 0.001069274726882787 0.001357123140700089 0.012
  endloop
endfacet
facet normal 0 -0 1
  outer loop
    vertex 0.001482389195438859 0.0006296446292600577 0.012
    vertex 0.001485789600917095 0.001112660644318816 0.012
    vertex 0.001065862463891553 0.0008741071950307796 0.012
  endloop
endfacet
facet normal -0 0 1
  outer loop
    vertex 0.00105903791793618 -9.192465767553324e-05 0.012
    vertex 0.001475635836813296 -0.0003363877215413675 0.012
    vertex 0.001479048111495467 0.0001466282015244304 0.012
  endloop
endfacet
facet normal 0 0 1
  outer loop
    vertex 0.00105903791793618 -9.192465767553324e-05 0.012
    vertex 0.001055625637480885 -0.0005749405695922597 0.012
    vertex 0.001475635836813296 -0.0003363877215413675 0.012
  endloop
endfacet
facet normal -0 0 1
  outer loop
    vertex 0.0006390277208333134 -0.0003304775100312528 0.012
    vertex 0.001055625637480885 -0.0005749405695922597 0.012
    vertex 0.00105903791793618 -9.192465767553324e-05 0.012
  endloop
endfacet
facet normal 0 0 1
  outer loop
    vertex 0.001475635836813296 -0.0003363877215413675 0.012
    vertex 0.001895646034807146 -9.78348709079139e-05 0.012
    vertex 0.001479048111495467 0.0001466282015244304 0.012
  endloop
endfacet
facet normal 0 -0 1
  outer loop
    vertex 0.001895646034807146 -9.78348709079139e-05 0.012
    vertex 0.001899058307503564 0.0003851810559956741 0.012
    vertex 0.001479048111495467 0.0001466282015244304 0.012
  endloop
endfacet
facet normal 0 0 1
  outer loop
    vertex 0.001899058307503564 0.0003851810559956741 0.012
    vertex 0.001482389195438859 0.0006296446292600577 0.012
    vertex 0.001479048111495467 0.0001466282015244304 0.012
  endloop
endfacet
facet normal -0 0 1
  outer loop
    vertex 0.001475635836813296 -0.0003363877215413675 0.012
    vertex 0.001892233761400206 -0.0005808507964382403 0.012
    vertex 0.001895646034807146 -9.78348709079139e-05 0.012
  endloop
endfacet
facet normal 0 0 1
  outer loop
    vertex 0.001475635836813296 -0.0003363877215413675 0.012
    vertex 0.001472223562079807 -0.0008194036445086686 0.012
    vertex 0.001892233761400206 -0.0005808507964382403 0.012
  endloop
endfacet
facet normal 0 0 1
  outer loop
    vertex 0.001475635836813296 -0.0003363877215413675 0.012
    vertex 0.001055625637480885 -0.0005749405695922597 0.012
    vertex 0.001472223562079807 -0.0008194036445086686 0.012
  endloop
endfacet
facet normal -0 0 1
  outer loop
    vertex -0.0002078172352039732 -0.001773615036830943 0.012
    vertex 0.000208780691051512 -0.002018078114958356 0.012
    vertex 0.000212192964239666 -0.001535062188998618 0.012
  endloop
endfacet
facet normal 0 0 1
  outer loop
    vertex 0.000208780691051512 -0.002018078114958356 0.012
    vertex 0.0006287908902874009 -0.001779525266706063 0.012
    vertex 0.000212192964239666 -0.001535062188998618 0.012
  endloop
endfacet
facet normal 0 -0 1
  outer loop
    vertex 0.0006287908902874009 -0.001779525266706063 0.012
    vertex 0.0006322031633309973 -0.001296509340479558 0.012
    vertex 0.000212192964239666 -0.001535062188998618 0.012
  endloop
endfacet
facet normal 0 0 1
  outer loop
    vertex -0.0002078172352039732 -0.001773615036830943 0.012
    vertex -0.0002112295082368894 -0.002256630963099355 0.012
    vertex 0.000208780691051512 -0.002018078114958356 0.012
  endloop
endfacet
facet normal 0 0 1
  outer loop
    vertex -0.0002078172352039732 -0.001773615036830943 0.012
    vertex -0.0006278274345768876 -0.002012167884799554 0.012
    vertex -0.0002112295082368894 -0.002256630963099355 0.012
  endloop
endfacet
facet normal 0 0 1
  outer loop
    vertex -0.0002078172352039732 -0.001773615036830943 0.012
    vertex -0.0006244151614808815 -0.001529151958654438 0.012
    vertex -0.0006278274345768876 -0.002012167884799554 0.012
  endloop
endfacet
facet normal 0 0 1
  outer loop
    vertex 0.001895646034807146 -9.78348709079139e-05 0.012
    vertex 0.00231398215035264 0.0001411459262949535 0.012
    vertex 0.001899058307503564 0.0003851810559956741 0.012
  endloop
endfacet
facet normal 0 0 1
  outer loop
    vertex 0.001892233761400206 -0.0005808507964382403 0.012
    vertex 0.00231224396034551 -0.0003422979476431763 0.012
    vertex 0.001895646034807146 -9.78348709079139e-05 0.012
  endloop
endfacet
facet normal 0 -0 1
  outer loop
    vertex 0.00231224396034551 -0.0003422979476431763 0.012
    vertex 0.00231398215035264 0.0001411459262949535 0.012
    vertex 0.001895646034807146 -9.78348709079139e-05 0.012
  endloop
endfacet
facet normal 0 0 1
  outer loop
    vertex 0.001902043440693831 0.0008682000014102934 0.012
    vertex 0.001482389195438859 0.0006296446292600577 0.012
    vertex 0.001899058307503564 0.0003851810559956741 0.012
  endloop
endfacet
facet normal 0 0 1
  outer loop
    vertex 0.001899058307503564 0.0003851810559956741 0.012
    vertex 0.002316696148484747 0.0006249030004643081 0.012
    vertex 0.001902043440693831 0.0008682000014102934 0.012
  endloop
endfacet
facet normal -0 0 1
  outer loop
    vertex 0.001899058307503564 0.0003851810559956741 0.012
    vertex 0.00231398215035264 0.0001411459262949535 0.012
    vertex 0.002316696148484747 0.0006249030004643081 0.012
  endloop
endfacet
facet normal -0 0 1
  outer loop
    vertex 0.001472223562079807 -0.0008194036445086686 0.012
    vertex 0.001888821487997527 -0.001063866721977035 0.012
    vertex 0.001892233761400206 -0.0005808507964382403 0.012
  endloop
endfacet
facet normal 0 0 1
  outer loop
    vertex 0.001888821487997527 -0.001063866721977035 0.012
    vertex 0.002307073026889303 -0.000824836474323149 0.012
    vertex 0.001892233761400206 -0.0005808507964382403 0.012
  endloop
endfacet
facet normal -0 0 1
  outer loop
    vertex 0.001892233761400206 -0.0005808507964382403 0.012
    vertex 0.002307073026889303 -0.000824836474323149 0.012
    vertex 0.00231224396034551 -0.0003422979476431763 0.012
  endloop
endfacet
facet normal -0 0 1
  outer loop
    vertex 0.000208780691051512 -0.002018078114958356 0.012
    vertex 0.0006248630447122118 -0.002261633445567686 0.012
    vertex 0.0006287908902874009 -0.001779525266706063 0.012
  endloop
endfacet
facet normal -0 0 1
  outer loop
    vertex -0.0002112295082368894 -0.002256630963099355 0.012
    vertex 0.000205368418094136 -0.002501094041343602 0.012
    vertex 0.000208780691051512 -0.002018078114958356 0.012
  endloop
endfacet
facet normal 0 0 1
  outer loop
    vertex 0.000205368418094136 -0.002501094041343602 0.012
    vertex 0.0006248630447122118 -0.002261633445567686 0.012
    vertex 0.000208780691051512 -0.002018078114958356 0.012
  endloop
endfacet
facet normal 0 0 1
  outer loop
    vertex 0.0006287908902874009 -0.001779525266706063 0.012
    vertex 0.001048801089537504 -0.001540972418484394 0.012
    vertex 0.0006322031633309973 -0.001296509340479558 0.012
  endloop
endfacet
facet normal -0 0 1
  outer loop
    vertex 0.0006287908902874009 -0.001779525266706063 0.012
    vertex 0.001045388816566731 -0.002023988344845408 0.012
    vertex 0.001048801089537504 -0.001540972418484394 0.012
  endloop
endfacet
facet normal 0 0 1
  outer loop
    vertex 0.0006287908902874009 -0.001779525266706063 0.012
    vertex 0.0006248630447122118 -0.002261633445567686 0.012
    vertex 0.001045388816566731 -0.002023988344845408 0.012
  endloop
endfacet
facet normal 0 0 1
  outer loop
    vertex -0.0006278274345768876 -0.002012167884799554 0.012
    vertex -0.000631239707509209 -0.002495183811269197 0.012
    vertex -0.0002112295082368894 -0.002256630963099355 0.012
  endloop
endfacet
facet normal 0 0 1
  outer loop
    vertex -0.0002112295082368894 -0.002256630963099355 0.012
    vertex -0.0002218632437639849 -0.002725179677880925 0.012
    vertex 0.000205368418094136 -0.002501094041343602 0.012
  endloop
endfacet
facet normal -0 0 1
  outer loop
    vertex -0.000631239707509209 -0.002495183811269197 0.012
    vertex -0.0002218632437639849 -0.002725179677880925 0.012
    vertex -0.0002112295082368894 -0.002256630963099355 0.012
  endloop
endfacet
facet normal 0 0 1
  outer loop
    vertex -0.0006278274345768876 -0.002012167884799554 0.012
    vertex -0.001047837633847254 -0.002250720732967518 0.012
    vertex -0.000631239707509209 -0.002495183811269197 0.012
  endloop
endfacet
facet normal 0 0 1
  outer loop
    vertex -0.0006278274345768876 -0.002012167884799554 0.012
    vertex -0.001044425360934242 -0.001767704806465515 0.012
    vertex -0.001047837633847254 -0.002250720732967518 0.012
  endloop
endfacet
facet normal 0 -0 1
  outer loop
    vertex -0.0006278274345768876 -0.002012167884799554 0.012
    vertex -0.0006244151614808815 -0.001529151958654438 0.012
    vertex -0.001044425360934242 -0.001767704806465515 0.012
  endloop
endfacet
facet normal 0 0 1
  outer loop
    vertex 0.001472223562079807 -0.0008194036445086686 0.012
    vertex 0.001468811288785861 -0.001302419570262786 0.012
    vertex 0.001888821487997527 -0.001063866721977035 0.012
  endloop
endfacet
facet normal 0 0 1
  outer loop
    vertex 0.001472223562079807 -0.0008194036445086686 0.012
    vertex 0.001052213362451372 -0.001057956492002603 0.012
    vertex 0.001468811288785861 -0.001302419570262786 0.012
  endloop
endfacet
facet normal 0 0 1
  outer loop
    vertex 0.001472223562079807 -0.0008194036445086686 0.012
    vertex 0.001055625637480885 -0.0005749405695922597 0.012
    vertex 0.001052213362451372 -0.001057956492002603 0.012
  endloop
endfacet
facet normal -0 0 1
  outer loop
    vertex 0.001468811288785861 -0.001302419570262786 0.012
    vertex 0.001885409215037409 -0.001546882648371029 0.012
    vertex 0.001888821487997527 -0.001063866721977035 0.012
  endloop
endfacet
facet normal 0 0 1
  outer loop
    vertex 0.001885409215037409 -0.001546882648371029 0.012
    vertex 0.002303856367510192 -0.001305577807918394 0.012
    vertex 0.001888821487997527 -0.001063866721977035 0.012
  endloop
endfacet
facet normal 0 -0 1
  outer loop
    vertex 0.002303856367510192 -0.001305577807918394 0.012
    vertex 0.002307073026889303 -0.000824836474323149 0.012
    vertex 0.001888821487997527 -0.001063866721977035 0.012
  endloop
endfacet
facet normal -0 0 1
  outer loop
    vertex 0.000205368418094136 -0.002501094041343602 0.012
    vertex 0.0006184887096385039 -0.002739434190891813 0.012
    vertex 0.0006248630447122118 -0.002261633445567686 0.012
  endloop
endfacet
facet normal 0 0 1
  outer loop
    vertex 0.000205368418094136 -0.002501094041343602 0.012
    vertex 0.0001977977612704955 -0.002966272397035609 0.012
    vertex 0.0006184887096385039 -0.002739434190891813 0.012
  endloop
endfacet
facet normal 0 0 1
  outer loop
    vertex 0.000205368418094136 -0.002501094041343602 0.012
    vertex -0.0002218632437639849 -0.002725179677880925 0.012
    vertex 0.0001977977612704955 -0.002966272397035609 0.012
  endloop
endfacet
facet normal 0 0 1
  outer loop
    vertex 0.00231224396034551 -0.0003422979476431763 0.012
    vertex 0.002724133223469389 -0.000103394309920522 0.012
    vertex 0.00231398215035264 0.0001411459262949535 0.012
  endloop
endfacet
facet normal -0 0 1
  outer loop
    vertex 0.00231224396034551 -0.0003422979476431763 0.012
    vertex 0.002719852970578671 -0.0005866486200693065 0.012
    vertex 0.002724133223469389 -0.000103394309920522 0.012
  endloop
endfacet
facet normal 0 0 1
  outer loop
    vertex 0.00231224396034551 -0.0003422979476431763 0.012
    vertex 0.002307073026889303 -0.000824836474323149 0.012
    vertex 0.002719852970578671 -0.0005866486200693065 0.012
  endloop
endfacet
facet normal 0 0 1
  outer loop
    vertex -0.001047837633847254 -0.002250720732967518 0.012
    vertex -0.001036966189628092 -0.00270486120084968 0.012
    vertex -0.000631239707509209 -0.002495183811269197 0.012
  endloop
endfacet
facet normal 0 0 1
  outer loop
    vertex -0.000631239707509209 -0.002495183811269197 0.012
    vertex -0.0006410885780162444 -0.002953323211725855 0.012
    vertex -0.0002218632437639849 -0.002725179677880925 0.012
  endloop
endfacet
facet normal 0 0 1
  outer loop
    vertex -0.000631239707509209 -0.002495183811269197 0.012
    vertex -0.001036966189628092 -0.00270486120084968 0.012
    vertex -0.0006410885780162444 -0.002953323211725855 0.012
  endloop
endfacet
facet normal 0 0 1
  outer loop
    vertex -0.001044425360934242 -0.001767704806465515 0.012
    vertex -0.001464435560181623 -0.00200625765467704 0.012
    vertex -0.001047837633847254 -0.002250720732967518 0.012
  endloop
endfacet
facet normal 0 0 1
  outer loop
    vertex -0.001464435560181623 -0.00200625765467704 0.012
    vertex -0.00145663865595717 -0.00247881247595102 0.012
    vertex -0.001047837633847254 -0.002250720732967518 0.012
  endloop
endfacet
facet normal -0 0 1
  outer loop
    vertex -0.00145663865595717 -0.00247881247595102 0.012
    vertex -0.001036966189628092 -0.00270486120084968 0.012
    vertex -0.001047837633847254 -0.002250720732967518 0.012
  endloop
endfacet
facet normal 0 0 1
  outer loop
    vertex 0.001069274726882787 0.001357123140700089 0.012
    vertex 0.000652676801384984 0.001601586216200988 0.012
    vertex 0.0006492645360324341 0.001118570275185764 0.012
  endloop
endfacet
facet normal 0 0 1
  outer loop
    vertex 0.000652676801384984 0.001601586216200988 0.012
    vertex 0.0002326739994248115 0.001363019135533879 0.012
    vertex 0.0006492645360324341 0.001118570275185764 0.012
  endloop
endfacet
facet normal 0 0 1
  outer loop
    vertex 0.0006492645360324341 0.001118570275185764 0.012
    vertex 0.0002326739994248115 0.001363019135533879 0.012
    vertex 0.0002292547871579452 0.0008800165529770799 0.012
  endloop
endfacet
facet normal 0 -0 1
  outer loop
    vertex 0.001069274726882787 0.001357123140700089 0.012
    vertex 0.001072686999925305 0.001840139066741829 0.012
    vertex 0.000652676801384984 0.001601586216200988 0.012
  endloop
endfacet
facet normal 0 0 1
  outer loop
    vertex 0.001069274726882787 0.001357123140700089 0.012
    vertex 0.001489284926142054 0.001595675988855872 0.012
    vertex 0.001072686999925305 0.001840139066741829 0.012
  endloop
endfacet
facet normal -0 0 1
  outer loop
    vertex 0.001069274726882787 0.001357123140700089 0.012
    vertex 0.001485789600917095 0.001112660644318816 0.012
    vertex 0.001489284926142054 0.001595675988855872 0.012
  endloop
endfacet
facet normal 0 0 1
  outer loop
    vertex 0.001072686999925305 0.001840139066741829 0.012
    vertex 0.0006560890736157888 0.002084602144935536 0.012
    vertex 0.000652676801384984 0.001601586216200988 0.012
  endloop
endfacet
facet normal 0 0 1
  outer loop
    vertex 0.0006560890736157888 0.002084602144935536 0.012
    vertex 0.0002360786880930741 0.001846049379794234 0.012
    vertex 0.000652676801384984 0.001601586216200988 0.012
  endloop
endfacet
facet normal 0 0 1
  outer loop
    vertex 0.0002360786880930741 0.001846049379794234 0.012
    vertex 0.0002326739994248115 0.001363019135533879 0.012
    vertex 0.000652676801384984 0.001601586216200988 0.012
  endloop
endfacet
facet normal 0 -0 1
  outer loop
    vertex 0.001489284926142054 0.001595675988855872 0.012
    vertex 0.001492697199049286 0.002078691915346414 0.012
    vertex 0.001072686999925305 0.001840139066741829 0.012
  endloop
endfacet
facet normal 0 -0 1
  outer loop
    vertex 0.001072686999925305 0.001840139066741829 0.012
    vertex 0.001087347034752101 0.002335635581749369 0.012
    vertex 0.0006560890736157888 0.002084602144935536 0.012
  endloop
endfacet
facet normal 0 0 1
  outer loop
    vertex 0.001492697199049286 0.002078691915346414 0.012
    vertex 0.001087347034752101 0.002335635581749369 0.012
    vertex 0.001072686999925305 0.001840139066741829 0.012
  endloop
endfacet
facet normal 0 0 1
  outer loop
    vertex 0.001489284926142054 0.001595675988855872 0.012
    vertex 0.001909295125363312 0.001834228837137747 0.012
    vertex 0.001492697199049286 0.002078691915346414 0.012
  endloop
endfacet
facet normal -0 0 1
  outer loop
    vertex 0.001489284926142054 0.001595675988855872 0.012
    vertex 0.001905882852453487 0.001351212910655804 0.012
    vertex 0.001909295125363312 0.001834228837137747 0.012
  endloop
endfacet
facet normal 0 0 1
  outer loop
    vertex 0.001489284926142054 0.001595675988855872 0.012
    vertex 0.001485789600917095 0.001112660644318816 0.012
    vertex 0.001905882852453487 0.001351212910655804 0.012
  endloop
endfacet
facet normal 0 0 1
  outer loop
    vertex 0.0006560890736157888 0.002084602144935536 0.012
    vertex 0.0002394909710662837 0.00232906526566581 0.012
    vertex 0.0002360786880930741 0.001846049379794234 0.012
  endloop
endfacet
facet normal 0 -0 1
  outer loop
    vertex 0.0006560890736157888 0.002084602144935536 0.012
    vertex 0.0006595013170414612 0.002567618078874547 0.012
    vertex 0.0002394909710662837 0.00232906526566581 0.012
  endloop
endfacet
facet normal 0 0 1
  outer loop
    vertex 0.0006560890736157888 0.002084602144935536 0.012
    vertex 0.001087347034752101 0.002335635581749369 0.012
    vertex 0.0006595013170414612 0.002567618078874547 0.012
  endloop
endfacet
facet normal 0 -0 1
  outer loop
    vertex 0.001909295125363312 0.001834228837137747 0.012
    vertex 0.001992932519687563 0.002386412244229771 0.012
    vertex 0.001492697199049286 0.002078691915346414 0.012
  endloop
endfacet
facet normal 0 0 1
  outer loop
    vertex 0.001992932519687563 0.002386412244229771 0.012
    vertex 0.001496109471925598 0.002561707841939539 0.012
    vertex 0.001492697199049286 0.002078691915346414 0.012
  endloop
endfacet
facet normal 0 0 1
  outer loop
    vertex 0.001496109471925598 0.002561707841939539 0.012
    vertex 0.001087347034752101 0.002335635581749369 0.012
    vertex 0.001492697199049286 0.002078691915346414 0.012
  endloop
endfacet
facet normal 0 0 1
  outer loop
    vertex 0.001905882852453487 0.001351212910655804 0.012
    vertex 0.002310516047764694 0.001589874389952784 0.012
    vertex 0.001909295125363312 0.001834228837137747 0.012
  endloop
endfacet
facet normal 0 -0 1
  outer loop
    vertex 0.002310516047764694 0.001589874389952784 0.012
    vertex 0.002329305324591014 0.00207278168539825 0.012
    vertex 0.001909295125363312 0.001834228837137747 0.012
  endloop
endfacet
facet normal 0 0 1
  outer loop
    vertex 0.001909295125363312 0.001834228837137747 0.012
    vertex 0.002329305324591014 0.00207278168539825 0.012
    vertex 0.001992932519687563 0.002386412244229771 0.012
  endloop
endfacet
facet normal 0 0 1
  outer loop
    vertex 0.001468811288785861 -0.001302419570262786 0.012
    vertex 0.00146539901580942 -0.00178543549662404 0.012
    vertex 0.001885409215037409 -0.001546882648371029 0.012
  endloop
endfacet
facet normal 0 0 1
  outer loop
    vertex 0.001468811288785861 -0.001302419570262786 0.012
    vertex 0.001048801089537504 -0.001540972418484394 0.012
    vertex 0.00146539901580942 -0.00178543549662404 0.012
  endloop
endfacet
facet normal 0 0 1
  outer loop
    vertex 0.001052213362451372 -0.001057956492002603 0.012
    vertex 0.001048801089537504 -0.001540972418484394 0.012
    vertex 0.001468811288785861 -0.001302419570262786 0.012
  endloop
endfacet
facet normal -0 0 1
  outer loop
    vertex 0.00146539901580942 -0.00178543549662404 0.012
    vertex 0.001878004555079615 -0.002022224743586662 0.012
    vertex 0.001885409215037409 -0.001546882648371029 0.012
  endloop
endfacet
facet normal -0 0 1
  outer loop
    vertex 0.001885409215037409 -0.001546882648371029 0.012
    vertex 0.002290626171263433 -0.001767440123628409 0.012
    vertex 0.002303856367510192 -0.001305577807918394 0.012
  endloop
endfacet
facet normal 0 0 1
  outer loop
    vertex 0.001885409215037409 -0.001546882648371029 0.012
    vertex 0.001878004555079615 -0.002022224743586662 0.012
    vertex 0.002290626171263433 -0.001767440123628409 0.012
  endloop
endfacet
facet normal 0 0 1
  outer loop
    vertex 0.001048801089537504 -0.001540972418484394 0.012
    vertex 0.001045388816566731 -0.002023988344845408 0.012
    vertex 0.00146539901580942 -0.00178543549662404 0.012
  endloop
endfacet
facet normal -0 0 1
  outer loop
    vertex 0.001045388816566731 -0.002023988344845408 0.012
    vertex 0.001460190549725818 -0.002265288939575215 0.012
    vertex 0.00146539901580942 -0.00178543549662404 0.012
  endloop
endfacet
facet normal 0 0 1
  outer loop
    vertex 0.001460190549725818 -0.002265288939575215 0.012
    vertex 0.001878004555079615 -0.002022224743586662 0.012
    vertex 0.00146539901580942 -0.00178543549662404 0.012
  endloop
endfacet
facet normal -0 0 1
  outer loop
    vertex 0.001905882852453487 0.001351212910655804 0.012
    vertex 0.002319917944797435 0.001106767937566755 0.012
    vertex 0.002310516047764694 0.001589874389952784 0.012
  endloop
endfacet
facet normal 0 0 1
  outer loop
    vertex 0.001905882852453487 0.001351212910655804 0.012
    vertex 0.001902043440693831 0.0008682000014102934 0.012
    vertex 0.002319917944797435 0.001106767937566755 0.012
  endloop
endfacet
facet normal 0 0 1
  outer loop
    vertex 0.001905882852453487 0.001351212910655804 0.012
    vertex 0.001485789600917095 0.001112660644318816 0.012
    vertex 0.001902043440693831 0.0008682000014102934 0.012
  endloop
endfacet
facet normal 0 0 1
  outer loop
    vertex -0.001044425360934242 -0.001767704806465515 0.012
    vertex -0.001461023287268405 -0.001523241728176009 0.012
    vertex -0.001464435560181623 -0.00200625765467704 0.012
  endloop
endfacet
facet normal 0 -0 1
  outer loop
    vertex -0.001044425360934242 -0.001767704806465515 0.012
    vertex -0.001041013087915267 -0.0012846888801758 0.012
    vertex -0.001461023287268405 -0.001523241728176009 0.012
  endloop
endfacet
facet normal 0 0 1
  outer loop
    vertex -0.0006244151614808815 -0.001529151958654438 0.012
    vertex -0.001041013087915267 -0.0012846888801758 0.012
    vertex -0.001044425360934242 -0.001767704806465515 0.012
  endloop
endfacet
facet normal 0 0 1
  outer loop
    vertex -0.001461023287268405 -0.001523241728176009 0.012
    vertex -0.001881033486509743 -0.001761794576399288 0.012
    vertex -0.001464435560181623 -0.00200625765467704 0.012
  endloop
endfacet
facet normal 0 0 1
  outer loop
    vertex -0.001881033486509743 -0.001761794576399288 0.012
    vertex -0.001940282586616059 -0.002309762147624449 0.012
    vertex -0.001464435560181623 -0.00200625765467704 0.012
  endloop
endfacet
facet normal 0 0 1
  outer loop
    vertex -0.001464435560181623 -0.00200625765467704 0.012
    vertex -0.001940282586616059 -0.002309762147624449 0.012
    vertex -0.00145663865595717 -0.00247881247595102 0.012
  endloop
endfacet
facet normal 0 0 1
  outer loop
    vertex -0.001461023287268405 -0.001523241728176009 0.012
    vertex -0.001877621213597663 -0.001278778649896047 0.012
    vertex -0.001881033486509743 -0.001761794576399288 0.012
  endloop
endfacet
facet normal 0 -0 1
  outer loop
    vertex -0.001461023287268405 -0.001523241728176009 0.012
    vertex -0.001457611014359208 -0.001040225801670869 0.012
    vertex -0.001877621213597663 -0.001278778649896047 0.012
  endloop
endfacet
facet normal 0 0 1
  outer loop
    vertex -0.001461023287268405 -0.001523241728176009 0.012
    vertex -0.001041013087915267 -0.0012846888801758 0.012
    vertex -0.001457611014359208 -0.001040225801670869 0.012
  endloop
endfacet
facet normal 0 0 1
  outer loop
    vertex -0.001877621213597663 -0.001278778649896047 0.012
    vertex -0.002296498693236172 -0.001515401191750592 0.012
    vertex -0.001881033486509743 -0.001761794576399288 0.012
  endloop
endfacet
facet normal 0 0 1
  outer loop
    vertex -0.002296498693236172 -0.001515401191750592 0.012
    vertex -0.00233411714138639 -0.001977163621747763 0.012
    vertex -0.001881033486509743 -0.001761794576399288 0.012
  endloop
endfacet
facet normal -0 0 1
  outer loop
    vertex -0.00233411714138639 -0.001977163621747763 0.012
    vertex -0.001940282586616059 -0.002309762147624449 0.012
    vertex -0.001881033486509743 -0.001761794576399288 0.012
  endloop
endfacet
facet normal 0 0 1
  outer loop
    vertex -0.001457611014359208 -0.001040225801670869 0.012
    vertex -0.001874208940685843 -0.000795762723392301 0.012
    vertex -0.001877621213597663 -0.001278778649896047 0.012
  endloop
endfacet
facet normal 0 0 1
  outer loop
    vertex -0.001874208940685843 -0.000795762723392301 0.012
    vertex -0.002290999129403623 -0.001034015268013464 0.012
    vertex -0.001877621213597663 -0.001278778649896047 0.012
  endloop
endfacet
facet normal 0 0 1
  outer loop
    vertex -0.001877621213597663 -0.001278778649896047 0.012
    vertex -0.002290999129403623 -0.001034015268013464 0.012
    vertex -0.002296498693236172 -0.001515401191750592 0.012
  endloop
endfacet
facet normal 0 -0 1
  outer loop
    vertex -0.001457611014359208 -0.001040225801670869 0.012
    vertex -0.001454198741460754 -0.0005572098751419785 0.012
    vertex -0.001874208940685843 -0.000795762723392301 0.012
  endloop
endfacet
facet normal 0 0 1
  outer loop
    vertex -0.001457611014359208 -0.001040225801670869 0.012
    vertex -0.001037600800731385 -0.0008016729811892479 0.012
    vertex -0.001454198741460754 -0.0005572098751419785 0.012
  endloop
endfacet
facet normal 0 -0 1
  outer loop
    vertex -0.001041013087915267 -0.0012846888801758 0.012
    vertex -0.001037600800731385 -0.0008016729811892479 0.012
    vertex -0.001457611014359208 -0.001040225801670869 0.012
  endloop
endfacet
facet normal 0 0 1
  outer loop
    vertex -0.001454198741460754 -0.0005572098751419785 0.012
    vertex -0.00187079666778091 -0.0003127467968767599 0.012
    vertex -0.001874208940685843 -0.000795762723392301 0.012
  endloop
endfacet
facet normal 0 0 1
  outer loop
    vertex -0.00187079666778091 -0.0003127467968767599 0.012
    vertex -0.002290806867015343 -0.0005512996451121306 0.012
    vertex -0.001874208940685843 -0.000795762723392301 0.012
  endloop
endfacet
facet normal 0 0 1
  outer loop
    vertex -0.002290806867015343 -0.0005512996451121306 0.012
    vertex -0.002290999129403623 -0.001034015268013464 0.012
    vertex -0.001874208940685843 -0.000795762723392301 0.012
  endloop
endfacet
facet normal 0 -0 1
  outer loop
    vertex -0.001454198741460754 -0.0005572098751419785 0.012
    vertex -0.001450786180870405 -7.419449921916433e-05 0.012
    vertex -0.00187079666778091 -0.0003127467968767599 0.012
  endloop
endfacet
facet normal -0 0 1
  outer loop
    vertex -0.001454198741460754 -0.0005572098751419785 0.012
    vertex -0.001037600800731385 -0.0008016729811892479 0.012
    vertex -0.00103418849672186 -0.0003186571146359959 0.012
  endloop
endfacet
facet normal 0 0 1
  outer loop
    vertex -0.00103418849672186 -0.0003186571146359959 0.012
    vertex -0.001450786180870405 -7.419449921916433e-05 0.012
    vertex -0.001454198741460754 -0.0005572098751419785 0.012
  endloop
endfacet
facet normal 0 0 1
  outer loop
    vertex -0.00187079666778091 -0.0003127467968767599 0.012
    vertex -0.002287394594103492 -6.828371860848645e-05 0.012
    vertex -0.002290806867015343 -0.0005512996451121306 0.012
  endloop
endfacet
facet normal 0 -0 1
  outer loop
    vertex -0.00187079666778091 -0.0003127467968767599 0.012
    vertex -0.001867384394867733 0.0001702691296247883 0.012
    vertex -0.002287394594103492 -6.828371860848645e-05 0.012
  endloop
endfacet
facet normal 0 0 1
  outer loop
    vertex -0.00187079666778091 -0.0003127467968767599 0.012
    vertex -0.001450786180870405 -7.419449921916433e-05 0.012
    vertex -0.001867384394867733 0.0001702691296247883 0.012
  endloop
endfacet
facet normal 0 0 1
  outer loop
    vertex -0.002287394594103492 -6.828371860848645e-05 0.012
    vertex -0.0027074047933429 -0.0003068365668353027 0.012
    vertex -0.002290806867015343 -0.0005512996451121306 0.012
  endloop
endfacet
facet normal 0 0 1
  outer loop
    vertex -0.0027074047933429 -0.0003068365668353027 0.012
    vertex -0.002692629722720147 -0.0007899809780870638 0.012
    vertex -0.002290806867015343 -0.0005512996451121306 0.012
  endloop
endfacet
facet normal -0 0 1
  outer loop
    vertex -0.002692629722720147 -0.0007899809780870638 0.012
    vertex -0.002290999129403623 -0.001034015268013464 0.012
    vertex -0.002290806867015343 -0.0005512996451121306 0.012
  endloop
endfacet
facet normal 0 0 1
  outer loop
    vertex -0.001867384394867733 0.0001702691296247883 0.012
    vertex -0.002283982321191289 0.0004147322078945816 0.012
    vertex -0.002287394594103492 -6.828371860848645e-05 0.012
  endloop
endfacet
facet normal 0 0 1
  outer loop
    vertex -0.002283982321191289 0.0004147322078945816 0.012
    vertex -0.002704773058297048 0.0001752062414348381 0.012
    vertex -0.002287394594103492 -6.828371860848645e-05 0.012
  endloop
endfacet
facet normal 0 0 1
  outer loop
    vertex -0.002287394594103492 -6.828371860848645e-05 0.012
    vertex -0.002704773058297048 0.0001752062414348381 0.012
    vertex -0.0027074047933429 -0.0003068365668353027 0.012
  endloop
endfacet
facet normal 0 -0 1
  outer loop
    vertex -0.001867384394867733 0.0001702691296247883 0.012
    vertex -0.001863972118823785 0.0006532850648109622 0.012
    vertex -0.002283982321191289 0.0004147322078945816 0.012
  endloop
endfacet
facet normal 0 0 1
  outer loop
    vertex -0.001867384394867733 0.0001702691296247883 0.012
    vertex -0.001447374193617064 0.0004088219919352606 0.012
    vertex -0.001863972118823785 0.0006532850648109622 0.012
  endloop
endfacet
facet normal -0 0 1
  outer loop
    vertex -0.001867384394867733 0.0001702691296247883 0.012
    vertex -0.001450786180870405 -7.419449921916433e-05 0.012
    vertex -0.001447374193617064 0.0004088219919352606 0.012
  endloop
endfacet
facet normal 0 0 1
  outer loop
    vertex -0.001863972118823785 0.0006532850648109622 0.012
    vertex -0.002280496920913279 0.0008976193844151634 0.012
    vertex -0.002283982321191289 0.0004147322078945816 0.012
  endloop
endfacet
facet normal 0 0 1
  outer loop
    vertex -0.002280496920913279 0.0008976193844151634 0.012
    vertex -0.002700494932780505 0.0006590450764110026 0.012
    vertex -0.002283982321191289 0.0004147322078945816 0.012
  endloop
endfacet
facet normal 0 0 1
  outer loop
    vertex -0.002700494932780505 0.0006590450764110026 0.012
    vertex -0.002704773058297048 0.0001752062414348381 0.012
    vertex -0.002283982321191289 0.0004147322078945816 0.012
  endloop
endfacet
facet normal 0 0 1
  outer loop
    vertex -0.0027074047933429 -0.0003068365668353027 0.012
    vertex -0.00315283601887734 -0.0006054645711402826 0.012
    vertex -0.002692629722720147 -0.0007899809780870638 0.012
  endloop
endfacet
facet normal 0 0 1
  outer loop
    vertex -0.0027074047933429 -0.0003068365668353027 0.012
    vertex -0.003128771261605365 -6.806198819816183e-05 0.012
    vertex -0.00315283601887734 -0.0006054645711402826 0.012
  endloop
endfacet
facet normal 0 -0 1
  outer loop
    vertex -0.0027074047933429 -0.0003068365668353027 0.012
    vertex -0.002704773058297048 0.0001752062414348381 0.012
    vertex -0.003128771261605365 -6.806198819816183e-05 0.012
  endloop
endfacet
facet normal 0 -0 1
  outer loop
    vertex -0.001863972118823785 0.0006532850648109622 0.012
    vertex -0.001860694090910368 0.001136538999007353 0.012
    vertex -0.002280496920913279 0.0008976193844151634 0.012
  endloop
endfacet
facet normal 0 0 1
  outer loop
    vertex -0.001863972118823785 0.0006532850648109622 0.012
    vertex -0.001443931697186515 0.0008917527294598004 0.012
    vertex -0.001860694090910368 0.001136538999007353 0.012
  endloop
endfacet
facet normal 0 -0 1
  outer loop
    vertex -0.001447374193617064 0.0004088219919352606 0.012
    vertex -0.001443931697186515 0.0008917527294598004 0.012
    vertex -0.001863972118823785 0.0006532850648109622 0.012
  endloop
endfacet
facet normal 0 0 1
  outer loop
    vertex -0.002280496920913279 0.0008976193844151634 0.012
    vertex -0.002714499270266698 0.001149178563991874 0.012
    vertex -0.002700494932780505 0.0006590450764110026 0.012
  endloop
endfacet
facet normal 0 0 1
  outer loop
    vertex -0.001860694090910368 0.001136538999007353 0.012
    vertex -0.002277686653732986 0.001380658146918258 0.012
    vertex -0.002280496920913279 0.0008976193844151634 0.012
  endloop
endfacet
facet normal 0 0 1
  outer loop
    vertex -0.002277686653732986 0.001380658146918258 0.012
    vertex -0.002714499270266698 0.001149178563991874 0.012
    vertex -0.002280496920913279 0.0008976193844151634 0.012
  endloop
endfacet
facet normal 0 0 1
  outer loop
    vertex -0.002700494932780505 0.0006590450764110026 0.012
    vertex -0.003120590446758741 0.0004206424379453957 0.012
    vertex -0.002704773058297048 0.0001752062414348381 0.012
  endloop
endfacet
facet normal 0 0 1
  outer loop
    vertex -0.002700494932780505 0.0006590450764110026 0.012
    vertex -0.003117178173846691 0.0009036583644487001 0.012
    vertex -0.003120590446758741 0.0004206424379453957 0.012
  endloop
endfacet
facet normal 0 0 1
  outer loop
    vertex -0.002700494932780505 0.0006590450764110026 0.012
    vertex -0.002714499270266698 0.001149178563991874 0.012
    vertex -0.003117178173846691 0.0009036583644487001 0.012
  endloop
endfacet
facet normal 0 0 1
  outer loop
    vertex -0.002296498693236172 -0.001515401191750592 0.012
    vertex -0.002716287701057144 -0.001737848164115757 0.012
    vertex -0.00233411714138639 -0.001977163621747763 0.012
  endloop
endfacet
facet normal 0 0 1
  outer loop
    vertex -0.002290999129403623 -0.001034015268013464 0.012
    vertex -0.002690586180849384 -0.001270744054120625 0.012
    vertex -0.002296498693236172 -0.001515401191750592 0.012
  endloop
endfacet
facet normal 0 0 1
  outer loop
    vertex -0.002690586180849384 -0.001270744054120625 0.012
    vertex -0.002716287701057144 -0.001737848164115757 0.012
    vertex -0.002296498693236172 -0.001515401191750592 0.012
  endloop
endfacet
facet normal 0 0 1
  outer loop
    vertex 0.002290626171263433 -0.001767440123628409 0.012
    vertex 0.00271263905998817 -0.001536280925018289 0.012
    vertex 0.002303856367510192 -0.001305577807918394 0.012
  endloop
endfacet
facet normal 0 0 1
  outer loop
    vertex 0.002303856367510192 -0.001305577807918394 0.012
    vertex 0.00271453390852904 -0.001066464568028983 0.012
    vertex 0.002307073026889303 -0.000824836474323149 0.012
  endloop
endfacet
facet normal -0 0 1
  outer loop
    vertex 0.002303856367510192 -0.001305577807918394 0.012
    vertex 0.00271263905998817 -0.001536280925018289 0.012
    vertex 0.00271453390852904 -0.001066464568028983 0.012
  endloop
endfacet
facet normal -0 0 1
  outer loop
    vertex 0.001878004555079615 -0.002022224743586662 0.012
    vertex 0.002337337339868128 -0.002258270684779967 0.012
    vertex 0.002290626171263433 -0.001767440123628409 0.012
  endloop
endfacet
facet normal 0 -0 1
  outer loop
    vertex 0.002337337339868128 -0.002258270684779967 0.012
    vertex 0.002661260574456442 -0.001911639132472049 0.012
    vertex 0.002290626171263433 -0.001767440123628409 0.012
  endloop
endfacet
facet normal -0 0 1
  outer loop
    vertex 0.002290626171263433 -0.001767440123628409 0.012
    vertex 0.002661260574456442 -0.001911639132472049 0.012
    vertex 0.00271263905998817 -0.001536280925018289 0.012
  endloop
endfacet
facet normal 0 -0 1
  outer loop
    vertex -0.001860694090910368 0.001136538999007353 0.012
    vertex -0.001855952323102583 0.001616234226370982 0.012
    vertex -0.002277686653732986 0.001380658146918258 0.012
  endloop
endfacet
facet normal 0 0 1
  outer loop
    vertex -0.001860694090910368 0.001136538999007353 0.012
    vertex -0.001440284458458696 0.001374201873143704 0.012
    vertex -0.001855952323102583 0.001616234226370982 0.012
  endloop
endfacet
facet normal -0 0 1
  outer loop
    vertex -0.001860694090910368 0.001136538999007353 0.012
    vertex -0.001443931697186515 0.0008917527294598004 0.012
    vertex -0.001440284458458696 0.001374201873143704 0.012
  endloop
endfacet
facet normal 0 0 1
  outer loop
    vertex -0.001855952323102583 0.001616234226370982 0.012
    vertex -0.002263253511919785 0.001842766218593789 0.012
    vertex -0.002277686653732986 0.001380658146918258 0.012
  endloop
endfacet
facet normal 0 0 1
  outer loop
    vertex -0.002263253511919785 0.001842766218593789 0.012
    vertex -0.002699657683575096 0.001624814653994428 0.012
    vertex -0.002277686653732986 0.001380658146918258 0.012
  endloop
endfacet
facet normal 0 0 1
  outer loop
    vertex -0.002699657683575096 0.001624814653994428 0.012
    vertex -0.002714499270266698 0.001149178563991874 0.012
    vertex -0.002277686653732986 0.001380658146918258 0.012
  endloop
endfacet
facet normal 0 0 1
  outer loop
    vertex 0.0002394909710662837 0.00232906526566581 0.012
    vertex -0.0001803692263320518 0.002090241467397001 0.012
    vertex 0.0002360786880930741 0.001846049379794234 0.012
  endloop
endfacet
facet normal -0 0 1
  outer loop
    vertex -0.0001838883422034379 0.001607414061565179 0.012
    vertex 0.0002326739994248115 0.001363019135533879 0.012
    vertex 0.0002360786880930741 0.001846049379794234 0.012
  endloop
endfacet
facet normal 0 0 1
  outer loop
    vertex 0.0002360786880930741 0.001846049379794234 0.012
    vertex -0.0001803692263320518 0.002090241467397001 0.012
    vertex -0.0001838883422034379 0.001607414061565179 0.012
  endloop
endfacet
facet normal 0 0 1
  outer loop
    vertex 0.0006595013170414612 0.002567618078874547 0.012
    vertex 0.0002525996149230054 0.002795009406117724 0.012
    vertex 0.0002394909710662837 0.00232906526566581 0.012
  endloop
endfacet
facet normal 0 0 1
  outer loop
    vertex 0.0002525996149230054 0.002795009406117724 0.012
    vertex -0.0001754913670126644 0.002570682993433465 0.012
    vertex 0.0002394909710662837 0.00232906526566581 0.012
  endloop
endfacet
facet normal 0 0 1
  outer loop
    vertex -0.0001754913670126644 0.002570682993433465 0.012
    vertex -0.0001803692263320518 0.002090241467397001 0.012
    vertex 0.0002394909710662837 0.00232906526566581 0.012
  endloop
endfacet
facet normal 0 -0 1
  outer loop
    vertex 0.0006595013170414612 0.002567618078874547 0.012
    vertex 0.000671511450748477 0.003065395481356152 0.012
    vertex 0.0002525996149230054 0.002795009406117724 0.012
  endloop
endfacet
facet normal 0 0 1
  outer loop
    vertex 0.0006595013170414612 0.002567618078874547 0.012
    vertex 0.001146998146955167 0.002881054442658352 0.012
    vertex 0.000671511450748477 0.003065395481356152 0.012
  endloop
endfacet
facet normal -0 0 1
  outer loop
    vertex 0.0006595013170414612 0.002567618078874547 0.012
    vertex 0.001087347034752101 0.002335635581749369 0.012
    vertex 0.001146998146955167 0.002881054442658352 0.012
  endloop
endfacet
facet normal -0 0 1
  outer loop
    vertex -0.001447374193617064 0.0004088219919352606 0.012
    vertex -0.001030774590774108 0.0001643556697796995 0.012
    vertex -0.001027355595486619 0.0006473586496610435 0.012
  endloop
endfacet
facet normal 0 0 1
  outer loop
    vertex -0.001027355595486619 0.0006473586496610435 0.012
    vertex -0.001443931697186515 0.0008917527294598004 0.012
    vertex -0.001447374193617064 0.0004088219919352606 0.012
  endloop
endfacet
facet normal 0 0 1
  outer loop
    vertex -0.001447374193617064 0.0004088219919352606 0.012
    vertex -0.001450786180870405 -7.419449921916433e-05 0.012
    vertex -0.001030774590774108 0.0001643556697796995 0.012
  endloop
endfacet
facet normal 0 0 1
  outer loop
    vertex 0.0006356154375211783 -0.0008134934164407175 0.012
    vertex 0.0006322031633309973 -0.001296509340479558 0.012
    vertex 0.001052213362451372 -0.001057956492002603 0.012
  endloop
endfacet
facet normal 0 -0 1
  outer loop
    vertex 0.001052213362451372 -0.001057956492002603 0.012
    vertex 0.001055625637480885 -0.0005749405695922597 0.012
    vertex 0.0006356154375211783 -0.0008134934164407175 0.012
  endloop
endfacet
facet normal -0 0 1
  outer loop
    vertex 0.0006322031633309973 -0.001296509340479558 0.012
    vertex 0.001048801089537504 -0.001540972418484394 0.012
    vertex 0.001052213362451372 -0.001057956492002603 0.012
  endloop
endfacet
facet normal 0 0 1
  outer loop
    vertex -0.001940282586616059 -0.002309762147624449 0.012
    vertex -0.001782526178516054 -0.002710648217813935 0.012
    vertex -0.00145663865595717 -0.00247881247595102 0.012
  endloop
endfacet
facet normal 0 0 1
  outer loop
    vertex -0.00145663865595717 -0.00247881247595102 0.012
    vertex -0.001435337343028828 -0.002909405519730334 0.012
    vertex -0.001036966189628092 -0.00270486120084968 0.012
  endloop
endfacet
facet normal -0 0 1
  outer loop
    vertex -0.001782526178516054 -0.002710648217813935 0.012
    vertex -0.001435337343028828 -0.002909405519730334 0.012
    vertex -0.00145663865595717 -0.00247881247595102 0.012
  endloop
endfacet
facet normal 0 0 1
  outer loop
    vertex -0.00315283601887734 -0.0006054645711402826 0.012
    vertex -0.003021703204287029 -0.001029176250053616 0.012
    vertex -0.002692629722720147 -0.0007899809780870638 0.012
  endloop
endfacet
facet normal 0 0 1
  outer loop
    vertex -0.002692629722720147 -0.0007899809780870638 0.012
    vertex -0.002690586180849384 -0.001270744054120625 0.012
    vertex -0.002290999129403623 -0.001034015268013464 0.012
  endloop
endfacet
facet normal 0 0 1
  outer loop
    vertex -0.002692629722720147 -0.0007899809780870638 0.012
    vertex -0.003021703204287029 -0.001029176250053616 0.012
    vertex -0.002690586180849384 -0.001270744054120625 0.012
  endloop
endfacet
facet normal 0 -0 1
  outer loop
    vertex 0.002319917944797435 0.001106767937566755 0.012
    vertex 0.002775352872780997 0.001403148228722181 0.012
    vertex 0.002310516047764694 0.001589874389952784 0.012
  endloop
endfacet
facet normal 0 0 1
  outer loop
    vertex 0.002775352872780997 0.001403148228722181 0.012
    vertex 0.002653641227375724 0.001828970393509146 0.012
    vertex 0.002310516047764694 0.001589874389952784 0.012
  endloop
endfacet
facet normal 0 0 1
  outer loop
    vertex 0.002310516047764694 0.001589874389952784 0.012
    vertex 0.002653641227375724 0.001828970393509146 0.012
    vertex 0.002329305324591014 0.00207278168539825 0.012
  endloop
endfacet
facet normal -0 0 1
  outer loop
    vertex 0.002319917944797435 0.001106767937566755 0.012
    vertex 0.002727834532722398 0.0008692802008109915 0.012
    vertex 0.002775352872780997 0.001403148228722181 0.012
  endloop
endfacet
facet normal 0 0 1
  outer loop
    vertex 0.002319917944797435 0.001106767937566755 0.012
    vertex 0.002316696148484747 0.0006249030004643081 0.012
    vertex 0.002727834532722398 0.0008692802008109915 0.012
  endloop
endfacet
facet normal -0 0 1
  outer loop
    vertex 0.001902043440693831 0.0008682000014102934 0.012
    vertex 0.002316696148484747 0.0006249030004643081 0.012
    vertex 0.002319917944797435 0.001106767937566755 0.012
  endloop
endfacet
facet normal 0 0 1
  outer loop
    vertex 0.0002525996149230054 0.002795009406117724 0.012
    vertex -0.000119287029281998 0.003123721714870938 0.012
    vertex -0.0001754913670126644 0.002570682993433465 0.012
  endloop
endfacet
facet normal 0 0 1
  outer loop
    vertex 0.000671511450748477 0.003065395481356152 0.012
    vertex 0.0003044930676906808 0.003192666563151028 0.012
    vertex 0.0002525996149230054 0.002795009406117724 0.012
  endloop
endfacet
facet normal 0 -0 1
  outer loop
    vertex 0.0002525996149230054 0.002795009406117724 0.012
    vertex 0.0003044930676906808 0.003192666563151028 0.012
    vertex -0.000119287029281998 0.003123721714870938 0.012
  endloop
endfacet
facet normal 0 0 1
  outer loop
    vertex -0.000119287029281998 0.003123721714870938 0.012
    vertex -0.0005937047055446779 0.002817991380286027 0.012
    vertex -0.0001754913670126644 0.002570682993433465 0.012
  endloop
endfacet
facet normal 0 0 1
  outer loop
    vertex -0.0005937047055446779 0.002817991380286027 0.012
    vertex -0.0005955645848503531 0.002332148183635996 0.012
    vertex -0.0001754913670126644 0.002570682993433465 0.012
  endloop
endfacet
facet normal -0 0 1
  outer loop
    vertex -0.0005955645848503531 0.002332148183635996 0.012
    vertex -0.0001803692263320518 0.002090241467397001 0.012
    vertex -0.0001754913670126644 0.002570682993433465 0.012
  endloop
endfacet
facet normal 0 0 1
  outer loop
    vertex 0.001146998146955167 0.002881054442658352 0.012
    vertex 0.001053577270607999 0.003401698152866355 0.012
    vertex 0.000671511450748477 0.003065395481356152 0.012
  endloop
endfacet
facet normal 0 0 1
  outer loop
    vertex 0.001053577270607999 0.003401698152866355 0.012
    vertex 0.0006092312667680694 0.003513732241012332 0.012
    vertex 0.000671511450748477 0.003065395481356152 0.012
  endloop
endfacet
facet normal 0 0 1
  outer loop
    vertex 0.0006092312667680694 0.003513732241012332 0.012
    vertex 0.0003044930676906808 0.003192666563151028 0.012
    vertex 0.000671511450748477 0.003065395481356152 0.012
  endloop
endfacet
facet normal 0 0 1
  outer loop
    vertex -0.000119287029281998 0.003123721714870938 0.012
    vertex -0.0005989404390805931 0.003283559466780049 0.012
    vertex -0.0005937047055446779 0.002817991380286027 0.012
  endloop
endfacet
facet normal 0 0 1
  outer loop
    vertex -0.000119287029281998 0.003123721714870938 0.012
    vertex -0.0002807085641843631 0.003600618663219656 0.012
    vertex -0.0005989404390805931 0.003283559466780049 0.012
  endloop
endfacet
facet normal 0 0 1
  outer loop
    vertex 0.001992932519687563 0.002386412244229771 0.012
    vertex 0.001838687761812224 0.002773558250204333 0.012
    vertex 0.001496109471925598 0.002561707841939539 0.012
  endloop
endfacet
facet normal 0 -0 1
  outer loop
    vertex 0.001992932519687563 0.002386412244229771 0.012
    vertex 0.002216006924059204 0.002850455267816549 0.012
    vertex 0.001838687761812224 0.002773558250204333 0.012
  endloop
endfacet
facet normal 0 0 1
  outer loop
    vertex 0.001838687761812224 0.002773558250204333 0.012
    vertex 0.001573202118524408 0.002914422909090822 0.012
    vertex 0.001496109471925598 0.002561707841939539 0.012
  endloop
endfacet
facet normal 0 0 1
  outer loop
    vertex 0.001146998146955167 0.002881054442658352 0.012
    vertex 0.001087347034752101 0.002335635581749369 0.012
    vertex 0.001496109471925598 0.002561707841939539 0.012
  endloop
endfacet
facet normal 0 -0 1
  outer loop
    vertex 0.001496109471925598 0.002561707841939539 0.012
    vertex 0.001573202118524408 0.002914422909090822 0.012
    vertex 0.001146998146955167 0.002881054442658352 0.012
  endloop
endfacet
facet normal 0 0 1
  outer loop
    vertex -0.003128771261605365 -6.806198819816183e-05 0.012
    vertex -0.003564179328452835 -0.0002743994007506028 0.012
    vertex -0.00315283601887734 -0.0006054645711402826 0.012
  endloop
endfacet
facet normal 0 0 1
  outer loop
    vertex -0.003564179328452835 -0.0002743994007506028 0.012
    vertex -0.003587649114560328 -0.0006860941117202598 0.012
    vertex -0.00315283601887734 -0.0006054645711402826 0.012
  endloop
endfacet
facet normal 0 0 1
  outer loop
    vertex 0.002727834532722398 0.0008692802008109915 0.012
    vertex 0.003055901487376521 0.001088561795355193 0.012
    vertex 0.002775352872780997 0.001403148228722181 0.012
  endloop
endfacet
facet normal -0 0 1
  outer loop
    vertex 0.002775352872780997 0.001403148228722181 0.012
    vertex 0.003055901487376521 0.001088561795355193 0.012
    vertex 0.003267376347881976 0.001444323215007373 0.012
  endloop
endfacet
facet normal -0 0 1
  outer loop
    vertex 0.002316696148484747 0.0006249030004643081 0.012
    vertex 0.002727994291664513 0.0003806694187467306 0.012
    vertex 0.002727834532722398 0.0008692802008109915 0.012
  endloop
endfacet
facet normal 0 -0 1
  outer loop
    vertex 0.002727994291664513 0.0003806694187467306 0.012
    vertex 0.003162027069557819 0.0006228700864281154 0.012
    vertex 0.002727834532722398 0.0008692802008109915 0.012
  endloop
endfacet
facet normal 0 0 1
  outer loop
    vertex 0.003162027069557819 0.0006228700864281154 0.012
    vertex 0.003055901487376521 0.001088561795355193 0.012
    vertex 0.002727834532722398 0.0008692802008109915 0.012
  endloop
endfacet
facet normal 0 0 1
  outer loop
    vertex 0.002216006924059204 0.002850455267816549 0.012
    vertex 0.001852186297920141 0.003136439548306526 0.012
    vertex 0.001838687761812224 0.002773558250204333 0.012
  endloop
endfacet
facet normal 0 0 1
  outer loop
    vertex 0.001852186297920141 0.003136439548306526 0.012
    vertex 0.001573202118524408 0.002914422909090822 0.012
    vertex 0.001838687761812224 0.002773558250204333 0.012
  endloop
endfacet
facet normal 0 0 1
  outer loop
    vertex -0.00233411714138639 -0.001977163621747763 0.012
    vertex -0.002443553925201617 -0.002442973697292102 0.012
    vertex -0.001940282586616059 -0.002309762147624449 0.012
  endloop
endfacet
facet normal 0 0 1
  outer loop
    vertex -0.002704773058297048 0.0001752062414348381 0.012
    vertex -0.003120590446758741 0.0004206424379453957 0.012
    vertex -0.003128771261605365 -6.806198819816183e-05 0.012
  endloop
endfacet
facet normal 0 0 1
  outer loop
    vertex -0.001844353919539761 0.002084181804893592 0.012
    vertex -0.002263253511919785 0.001842766218593789 0.012
    vertex -0.001855952323102583 0.001616234226370982 0.012
  endloop
endfacet
facet normal 0 0 1
  outer loop
    vertex -0.001844353919539761 0.002084181804893592 0.012
    vertex -0.002242104787782206 0.002312712828319233 0.012
    vertex -0.002263253511919785 0.001842766218593789 0.012
  endloop
endfacet
facet normal 0 0 1
  outer loop
    vertex -0.0005989404390805931 0.003283559466780049 0.012
    vertex -0.001012030801210764 0.003041489852973586 0.012
    vertex -0.0005937047055446779 0.002817991380286027 0.012
  endloop
endfacet
facet normal 0 0 1
  outer loop
    vertex -0.0002807085641843631 0.003600618663219656 0.012
    vertex -0.0006671344922915512 0.00364408580663111 0.012
    vertex -0.0005989404390805931 0.003283559466780049 0.012
  endloop
endfacet
facet normal 0 0 1
  outer loop
    vertex -0.002263253511919785 0.001842766218593789 0.012
    vertex -0.002637426733701966 0.002072276715945017 0.012
    vertex -0.002699657683575096 0.001624814653994428 0.012
  endloop
endfacet
facet normal 0 -0 1
  outer loop
    vertex -0.002263253511919785 0.001842766218593789 0.012
    vertex -0.002242104787782206 0.002312712828319233 0.012
    vertex -0.002637426733701966 0.002072276715945017 0.012
  endloop
endfacet
facet normal 0 0 1
  outer loop
    vertex -0.002637426733701966 0.002072276715945017 0.012
    vertex -0.003055121884779449 0.001927907907091124 0.012
    vertex -0.002699657683575096 0.001624814653994428 0.012
  endloop
endfacet
facet normal 0 0 1
  outer loop
    vertex -0.0006141781102674094 -8.010462736934581e-05 0.012
    vertex -0.00103418849672186 -0.0003186571146359959 0.012
    vertex -0.0006175905756110046 -0.0005631201828680556 0.012
  endloop
endfacet
facet normal 0 0 1
  outer loop
    vertex -0.0006141781102674094 -8.010462736934581e-05 0.012
    vertex -0.001030774590774108 0.0001643556697796995 0.012
    vertex -0.00103418849672186 -0.0003186571146359959 0.012
  endloop
endfacet
facet normal 0 0 1
  outer loop
    vertex -0.00103418849672186 -0.0003186571146359959 0.012
    vertex -0.001037600800731385 -0.0008016729811892479 0.012
    vertex -0.0006175905756110046 -0.0005631201828680556 0.012
  endloop
endfacet
facet normal 0 0 1
  outer loop
    vertex -0.001030774590774108 0.0001643556697796995 0.012
    vertex -0.001450786180870405 -7.419449921916433e-05 0.012
    vertex -0.00103418849672186 -0.0003186571146359959 0.012
  endloop
endfacet
facet normal 0 0 1
  outer loop
    vertex 0.0006356154375211783 -0.0008134934164407175 0.012
    vertex 0.001055625637480885 -0.0005749405695922597 0.012
    vertex 0.0006390277208333134 -0.0003304775100312528 0.012
  endloop
endfacet
facet normal 0 0 1
  outer loop
    vertex 0.001902043440693831 0.0008682000014102934 0.012
    vertex 0.001485789600917095 0.001112660644318816 0.012
    vertex 0.001482389195438859 0.0006296446292600577 0.012
  endloop
endfacet
facet normal 0 0 1
  outer loop
    vertex 0.001045388816566731 -0.002023988344845408 0.012
    vertex 0.00103888310784321 -0.002501557785978196 0.012
    vertex 0.001460190549725818 -0.002265288939575215 0.012
  endloop
endfacet
facet normal 0 0 1
  outer loop
    vertex 0.001045388816566731 -0.002023988344845408 0.012
    vertex 0.0006248630447122118 -0.002261633445567686 0.012
    vertex 0.00103888310784321 -0.002501557785978196 0.012
  endloop
endfacet
facet normal -0 0 1
  outer loop
    vertex 0.00103888310784321 -0.002501557785978196 0.012
    vertex 0.001458574470002425 -0.002751467349598368 0.012
    vertex 0.001460190549725818 -0.002265288939575215 0.012
  endloop
endfacet
facet normal 0 0 1
  outer loop
    vertex 0.001458574470002425 -0.002751467349598368 0.012
    vertex 0.001867807510182054 -0.002493939600189577 0.012
    vertex 0.001460190549725818 -0.002265288939575215 0.012
  endloop
endfacet
facet normal -0 0 1
  outer loop
    vertex 0.001460190549725818 -0.002265288939575215 0.012
    vertex 0.001867807510182054 -0.002493939600189577 0.012
    vertex 0.001878004555079615 -0.002022224743586662 0.012
  endloop
endfacet
facet normal 0 0 1
  outer loop
    vertex 0.00103888310784321 -0.002501557785978196 0.012
    vertex 0.001042520567235881 -0.002993700621091896 0.012
    vertex 0.001458574470002425 -0.002751467349598368 0.012
  endloop
endfacet
facet normal 0 0 1
  outer loop
    vertex 0.0006248630447122118 -0.002261633445567686 0.012
    vertex 0.0006184887096385039 -0.002739434190891813 0.012
    vertex 0.00103888310784321 -0.002501557785978196 0.012
  endloop
endfacet
facet normal -0 0 1
  outer loop
    vertex 0.0006184887096385039 -0.002739434190891813 0.012
    vertex 0.001042520567235881 -0.002993700621091896 0.012
    vertex 0.00103888310784321 -0.002501557785978196 0.012
  endloop
endfacet
facet normal -0 0 1
  outer loop
    vertex 0.001458574470002425 -0.002751467349598368 0.012
    vertex 0.001836606033468493 -0.003019575547585774 0.012
    vertex 0.001867807510182054 -0.002493939600189577 0.012
  endloop
endfacet
facet normal -0 0 1
  outer loop
    vertex 0.001042520567235881 -0.002993700621091896 0.012
    vertex 0.001475088189792053 -0.003292473583253721 0.012
    vertex 0.001458574470002425 -0.002751467349598368 0.012
  endloop
endfacet
facet normal 0 -0 1
  outer loop
    vertex 0.001475088189792053 -0.003292473583253721 0.012
    vertex 0.001836606033468493 -0.003019575547585774 0.012
    vertex 0.001458574470002425 -0.002751467349598368 0.012
  endloop
endfacet
facet normal -0 0 1
  outer loop
    vertex 0.0001977977612704955 -0.002966272397035609 0.012
    vertex 0.0006225585528993247 -0.00320540189083733 0.012
    vertex 0.0006184887096385039 -0.002739434190891813 0.012
  endloop
endfacet
facet normal 0 -0 1
  outer loop
    vertex 0.0006225585528993247 -0.00320540189083733 0.012
    vertex 0.001042520567235881 -0.002993700621091896 0.012
    vertex 0.0006184887096385039 -0.002739434190891813 0.012
  endloop
endfacet
facet normal 0 0 1
  outer loop
    vertex -0.0002218632437639849 -0.002725179677880925 0.012
    vertex -0.0002572244457552366 -0.003153697116790697 0.012
    vertex 0.0001977977612704955 -0.002966272397035609 0.012
  endloop
endfacet
facet normal 0 0 1
  outer loop
    vertex 0.0001977977612704955 -0.002966272397035609 0.012
    vertex 0.0002112788543658285 -0.003500919013098274 0.012
    vertex 0.0006225585528993247 -0.00320540189083733 0.012
  endloop
endfacet
facet normal 0 0 1
  outer loop
    vertex 0.0001977977612704955 -0.002966272397035609 0.012
    vertex -0.0002572244457552366 -0.003153697116790697 0.012
    vertex 0.0002112788543658285 -0.003500919013098274 0.012
  endloop
endfacet
facet normal -0 0 1
  outer loop
    vertex -0.0006410885780162444 -0.002953323211725855 0.012
    vertex -0.0002572244457552366 -0.003153697116790697 0.012
    vertex -0.0002218632437639849 -0.002725179677880925 0.012
  endloop
endfacet
facet normal 0 0 1
  outer loop
    vertex -0.001036966189628092 -0.00270486120084968 0.012
    vertex -0.001049936378026234 -0.003139897892136731 0.012
    vertex -0.0006410885780162444 -0.002953323211725855 0.012
  endloop
endfacet
facet normal -0 0 1
  outer loop
    vertex -0.001049936378026234 -0.003139897892136731 0.012
    vertex -0.0006744317315658988 -0.003461927340146304 0.012
    vertex -0.0006410885780162444 -0.002953323211725855 0.012
  endloop
endfacet
facet normal 0 0 1
  outer loop
    vertex -0.0006744317315658988 -0.003461927340146304 0.012
    vertex -0.0002572244457552366 -0.003153697116790697 0.012
    vertex -0.0006410885780162444 -0.002953323211725855 0.012
  endloop
endfacet
facet normal 0 0 1
  outer loop
    vertex 0.002316696148484747 0.0006249030004643081 0.012
    vertex 0.00231398215035264 0.0001411459262949535 0.012
    vertex 0.002727994291664513 0.0003806694187467306 0.012
  endloop
endfacet
facet normal -0 0 1
  outer loop
    vertex 0.002727994291664513 0.0003806694187467306 0.012
    vertex 0.003138603193772838 0.0001124833347834016 0.012
    vertex 0.003162027069557819 0.0006228700864281154 0.012
  endloop
endfacet
facet normal -0 0 1
  outer loop
    vertex 0.00231398215035264 0.0001411459262949535 0.012
    vertex 0.002724133223469389 -0.000103394309920522 0.012
    vertex 0.002727994291664513 0.0003806694187467306 0.012
  endloop
endfacet
facet normal 0 0 1
  outer loop
    vertex 0.002724133223469389 -0.000103394309920522 0.012
    vertex 0.003138603193772838 0.0001124833347834016 0.012
    vertex 0.002727994291664513 0.0003806694187467306 0.012
  endloop
endfacet
facet normal 0 0 1
  outer loop
    vertex 0.002719852970578671 -0.0005866486200693065 0.012
    vertex 0.003134487892566828 -0.0003748778391288024 0.012
    vertex 0.002724133223469389 -0.000103394309920522 0.012
  endloop
endfacet
facet normal 0 -0 1
  outer loop
    vertex 0.003134487892566828 -0.0003748778391288024 0.012
    vertex 0.003138603193772838 0.0001124833347834016 0.012
    vertex 0.002724133223469389 -0.000103394309920522 0.012
  endloop
endfacet
facet normal -0 0 1
  outer loop
    vertex 0.002307073026889303 -0.000824836474323149 0.012
    vertex 0.00271453390852904 -0.001066464568028983 0.012
    vertex 0.002719852970578671 -0.0005866486200693065 0.012
  endloop
endfacet
facet normal 0 0 1
  outer loop
    vertex 0.00271453390852904 -0.001066464568028983 0.012
    vertex 0.003106590331977997 -0.0008309496509488047 0.012
    vertex 0.002719852970578671 -0.0005866486200693065 0.012
  endloop
endfacet
facet normal -0 0 1
  outer loop
    vertex 0.002719852970578671 -0.0005866486200693065 0.012
    vertex 0.003106590331977997 -0.0008309496509488047 0.012
    vertex 0.003134487892566828 -0.0003748778391288024 0.012
  endloop
endfacet
facet normal 0 0 1
  outer loop
    vertex -0.003117178173846691 0.0009036583644487001 0.012
    vertex -0.003517098171531787 0.0006731983195017521 0.012
    vertex -0.003120590446758741 0.0004206424379453957 0.012
  endloop
endfacet
facet normal 0 0 1
  outer loop
    vertex -0.003117178173846691 0.0009036583644487001 0.012
    vertex -0.00348950054898517 0.001087372347426538 0.012
    vertex -0.003517098171531787 0.0006731983195017521 0.012
  endloop
endfacet
facet normal -0 0 1
  outer loop
    vertex 0.002329305324591014 0.00207278168539825 0.012
    vertex 0.002653641227375724 0.001828970393509146 0.012
    vertex 0.002806408979060464 0.00219815334429218 0.012
  endloop
endfacet
facet normal 0 0 1
  outer loop
    vertex 0.00271263905998817 -0.001536280925018289 0.012
    vertex 0.003084425917284079 -0.001306904350048327 0.012
    vertex 0.00271453390852904 -0.001066464568028983 0.012
  endloop
endfacet
facet normal 0 -0 1
  outer loop
    vertex 0.003084425917284079 -0.001306904350048327 0.012
    vertex 0.003106590331977997 -0.0008309496509488047 0.012
    vertex 0.00271453390852904 -0.001066464568028983 0.012
  endloop
endfacet
facet normal 0 0 1
  outer loop
    vertex -0.002690586180849384 -0.001270744054120625 0.012
    vertex -0.003174570113589703 -0.001468705997497093 0.012
    vertex -0.002716287701057144 -0.001737848164115757 0.012
  endloop
endfacet
facet normal 0 0 1
  outer loop
    vertex -0.002690586180849384 -0.001270744054120625 0.012
    vertex -0.003021703204287029 -0.001029176250053616 0.012
    vertex -0.003174570113589703 -0.001468705997497093 0.012
  endloop
endfacet
facet normal 0 0 1
  outer loop
    vertex -0.001036966189628092 -0.00270486120084968 0.012
    vertex -0.001435337343028828 -0.002909405519730334 0.012
    vertex -0.001049936378026234 -0.003139897892136731 0.012
  endloop
endfacet
facet normal 0 0 1
  outer loop
    vertex 0.001878004555079615 -0.002022224743586662 0.012
    vertex 0.001867807510182054 -0.002493939600189577 0.012
    vertex 0.002337337339868128 -0.002258270684779967 0.012
  endloop
endfacet
facet normal -0 0 1
  outer loop
    vertex 0.002337337339868128 -0.002258270684779967 0.012
    vertex 0.002607179081586566 -0.002589237065849418 0.012
    vertex 0.002825599583378854 -0.002247644389722751 0.012
  endloop
endfacet
facet normal 0 0 1
  outer loop
    vertex 0.002825599583378854 -0.002247644389722751 0.012
    vertex 0.002661260574456442 -0.001911639132472049 0.012
    vertex 0.002337337339868128 -0.002258270684779967 0.012
  endloop
endfacet
facet normal -0 0 1
  outer loop
    vertex 0.0002112788543658285 -0.003500919013098274 0.012
    vertex 0.0006602365020318746 -0.003603509720181088 0.012
    vertex 0.0006225585528993247 -0.00320540189083733 0.012
  endloop
endfacet
facet normal 0 0 1
  outer loop
    vertex 0.003134487892566828 -0.0003748778391288024 0.012
    vertex 0.003555017994283535 -0.0001916846415905057 0.012
    vertex 0.003138603193772838 0.0001124833347834016 0.012
  endloop
endfacet
facet normal 0 0 1
  outer loop
    vertex -0.003174570113589703 -0.001468705997497093 0.012
    vertex -0.003105732964757159 -0.001901309323258123 0.012
    vertex -0.002716287701057144 -0.001737848164115757 0.012
  endloop
endfacet
facet normal 0 0 1
  outer loop
    vertex 0.003084425917284079 -0.001306904350048327 0.012
    vertex 0.003456722936695215 -0.001115399432428586 0.012
    vertex 0.003106590331977997 -0.0008309496509488047 0.012
  endloop
endfacet
facet normal -0 0 1
  outer loop
    vertex 0.003084425917284079 -0.001306904350048327 0.012
    vertex 0.003399585090546171 -0.001522614857511806 0.012
    vertex 0.003456722936695215 -0.001115399432428586 0.012
  endloop
endfacet
facet normal 0 0 1
  outer loop
    vertex -0.002637426733701966 0.002072276715945017 0.012
    vertex -0.002920333023130354 0.002290441134112974 0.012
    vertex -0.003055121884779449 0.001927907907091124 0.012
  endloop
endfacet
facet normal 0 0 1
  outer loop
    vertex -0.001049936378026234 -0.003139897892136731 0.012
    vertex -0.001108251744073476 -0.003519849129499546 0.012
    vertex -0.0006744317315658988 -0.003461927340146304 0.012
  endloop
endfacet
facet normal 0 0 1
  outer loop
    vertex -0.001835542701274505 -0.003092395028676738 0.012
    vertex -0.001435337343028828 -0.002909405519730334 0.012
    vertex -0.001782526178516054 -0.002710648217813935 0.012
  endloop
endfacet
endsolid Created by Gmsh
